{"type":"FeatureCollection","name":"somers_point_road_centerlines","metadata":{"source":"NJOGIS NG911 Road Centerlines (Tran_road)","url":"https://services2.arcgis.com/XVOqAjTOJ5P6ngMu/arcgis/rest/services/Tran_road/FeatureServer/0","query_url":"https://services2.arcgis.com/XVOqAjTOJ5P6ngMu/arcgis/rest/services/Tran_road/FeatureServer/0/query","retrieved_at_utc":"2026-09-04T20:06:12.576650+00:00","source_last_edit_date":1785341586960,"out_sr":4326,"query_envelope_wgs84":[-74.6288991,39.2964214,-74.571945,39.3374621],"spatial_relationship":"esriSpatialRelIntersects","boundary_file":"somers_point_boundary.geojson","boundary_sha256":"a29220387d519d1e38a5cc2cb614ffbb23921e51bc165ed51fc593f1ba933ff0","fields":["OBJECTID","PRIMENAME","ELEVTYP_F","ELEVTYP_T"],"feature_count":1050,"complete_objectid_inventory_verified":true,"municipal_clipping":"Envelope selection only; clip against the actual municipal boundary in the application."},"features":[{"type":"Feature","id":699,"properties":{"OBJECTID":699,"PRIMENAME":"Unnamed Segment","ELEVTYP_F":0,"ELEVTYP_T":0},"geometry":{"type":"LineString","coordinates":[[-74.609187324635,39.3286725752673],[-74.6099212828316,39.3291551920345],[-74.6089472122237,39.3301029769363]]}},{"type":"Feature","id":800,"properties":{"OBJECTID":800,"PRIMENAME":"Mays Landing Road","ELEVTYP_F":0,"ELEVTYP_T":0},"geometry":{"type":"LineString","coordinates":[[-74.6239827897724,39.3149755604947],[-74.6243727611438,39.3150127337756],[-74.6244453401218,39.3150196573558],[-74.6245171538756,39.3150266573778]]}},{"type":"Feature","id":1058,"properties":{"OBJECTID":1058,"PRIMENAME":"Neptune Drive","ELEVTYP_F":0,"ELEVTYP_T":0},"geometry":{"type":"LineString","coordinates":[[-74.5809547351227,39.3133202956015],[-74.5809700177665,39.3133131532064],[-74.5809798468367,39.3132850300757],[-74.5809764632219,39.3132006844481],[-74.5809235272997,39.3129348559805],[-74.5808937433743,39.3127917161626],[-74.5808738551386,39.3126792665965],[-74.5808770278469,39.3125795403585],[-74.5808966647074,39.3124747238731],[-74.5809391850772,39.3122599800966],[-74.581007004917,39.3117761969017],[-74.5810305782015,39.3116080339868],[-74.5810693027012,39.3112941722647],[-74.5810696921626,39.3112910164312],[-74.5810821971375,39.3111623151877],[-74.5811054593456,39.3109229032245]]}},{"type":"Feature","id":1783,"properties":{"OBJECTID":1783,"PRIMENAME":"Rhode Island Avenue","ELEVTYP_F":0,"ELEVTYP_T":0},"geometry":{"type":"LineString","coordinates":[[-74.5948048865729,39.317693401943],[-74.5953693319649,39.31791034473]]}},{"type":"Feature","id":1956,"properties":{"OBJECTID":1956,"PRIMENAME":"Ocean Heights Avenue","ELEVTYP_F":0,"ELEVTYP_T":0},"geometry":{"type":"LineString","coordinates":[[-74.589912084656,39.3308082757666],[-74.5900522120185,39.3308787651383],[-74.5907921230224,39.3312532766919],[-74.5910846477209,39.3314013374437]]}},{"type":"Feature","id":2324,"properties":{"OBJECTID":2324,"PRIMENAME":"West Groveland Avenue","ELEVTYP_F":0,"ELEVTYP_T":0},"geometry":{"type":"LineString","coordinates":[[-74.6006517246367,39.3257070367991],[-74.6008959738177,39.3258327700601],[-74.6015173161177,39.3261493346376],[-74.6016129076486,39.3261980366531]]}},{"type":"Feature","id":2643,"properties":{"OBJECTID":2643,"PRIMENAME":"Dogwood Drive","ELEVTYP_F":0,"ELEVTYP_T":0},"geometry":{"type":"LineString","coordinates":[[-74.6123299669608,39.3192656991449],[-74.6123346048418,39.3192708563434],[-74.6124480124763,39.3194527863868],[-74.612492676358,39.3195970845308],[-74.6125212468908,39.319779096444],[-74.6125258756899,39.3201086292315],[-74.6124909269008,39.3204692270413]]}},{"type":"Feature","id":2662,"properties":{"OBJECTID":2662,"PRIMENAME":"Woodlynne Boulevard","ELEVTYP_F":0,"ELEVTYP_T":0},"geometry":{"type":"LineString","coordinates":[[-74.5751103836606,39.3374965010067],[-74.574593776525,39.3381330081035]]}},{"type":"Feature","id":2762,"properties":{"OBJECTID":2762,"PRIMENAME":"Yale Boulevard","ELEVTYP_F":0,"ELEVTYP_T":0},"geometry":{"type":"LineString","coordinates":[[-74.6096302841627,39.3236093472695],[-74.6099364276936,39.3238164126505],[-74.6101011394735,39.3239599666956],[-74.6103852416606,39.3242439038543],[-74.6105139421686,39.32437059306],[-74.6107352658477,39.3245884574043],[-74.611453307625,39.3252928930369]]}},{"type":"Feature","id":2985,"properties":{"OBJECTID":2985,"PRIMENAME":"Sunny Avenue","ELEVTYP_F":0,"ELEVTYP_T":0},"geometry":{"type":"LineString","coordinates":[[-74.586256183627,39.3232328382776],[-74.5864457673232,39.3230014007171],[-74.5869684240645,39.3223458078946]]}},{"type":"Feature","id":3055,"properties":{"OBJECTID":3055,"PRIMENAME":"Euclid Avenue","ELEVTYP_F":0,"ELEVTYP_T":0},"geometry":{"type":"LineString","coordinates":[[-74.5890803230073,39.3285408191292],[-74.5886019035716,39.3291420229375]]}},{"type":"Feature","id":3548,"properties":{"OBJECTID":3548,"PRIMENAME":"MacArthur Boulevard","ELEVTYP_F":0,"ELEVTYP_T":0},"geometry":{"type":"LineString","coordinates":[[-74.601427152258,39.3131895227536],[-74.601617994127,39.3133929219794],[-74.6017906516559,39.3135594627577],[-74.601959447809,39.313719992805],[-74.6021014061449,39.3138478726253],[-74.6022625383789,39.3139876244051],[-74.6024308062398,39.3141231961968]]}},{"type":"Feature","id":3647,"properties":{"OBJECTID":3647,"PRIMENAME":"Royal Avenue","ELEVTYP_F":0,"ELEVTYP_T":0},"geometry":{"type":"LineString","coordinates":[[-74.5883573775859,39.3315418568998],[-74.5874184374929,39.3310680837131],[-74.5873217860375,39.3310170044374],[-74.5872120036054,39.3309830125522],[-74.5871841379245,39.3309785581831]]}},{"type":"Feature","id":3658,"properties":{"OBJECTID":3658,"PRIMENAME":"Center Street","ELEVTYP_F":0,"ELEVTYP_T":0},"geometry":{"type":"LineString","coordinates":[[-74.5973913929668,39.3108123963512],[-74.5974345744998,39.3108054410422],[-74.5974638739835,39.3108047300937],[-74.5974951928502,39.3108077513335],[-74.5980366521495,39.3109989463527]]}},{"type":"Feature","id":4896,"properties":{"OBJECTID":4896,"PRIMENAME":"Meadow View Drive","ELEVTYP_F":0,"ELEVTYP_T":0},"geometry":{"type":"LineString","coordinates":[[-74.5751103836606,39.3374965010067],[-74.5746098272629,39.3372996827052]]}},{"type":"Feature","id":4919,"properties":{"OBJECTID":4919,"PRIMENAME":"West New Jersey Avenue","ELEVTYP_F":0,"ELEVTYP_T":0},"geometry":{"type":"LineString","coordinates":[[-74.5975837444201,39.3132351472034],[-74.5977432688019,39.3132927548242],[-74.598190273078,39.3134618159688]]}},{"type":"Feature","id":5167,"properties":{"OBJECTID":5167,"PRIMENAME":"6th Street","ELEVTYP_F":0,"ELEVTYP_T":0},"geometry":{"type":"LineString","coordinates":[[-74.6019595727357,39.3175802185473],[-74.6014391597022,39.3184160917175],[-74.6012795017555,39.3186725272633],[-74.6011543717343,39.3188706552026]]}},{"type":"Feature","id":5633,"properties":{"OBJECTID":5633,"PRIMENAME":"West Groveland Avenue","ELEVTYP_F":0,"ELEVTYP_T":0},"geometry":{"type":"LineString","coordinates":[[-74.5960589844458,39.3234244030984],[-74.5960919250963,39.3234473710192],[-74.5962609176003,39.3235368228653],[-74.5968174290826,39.3238083219172],[-74.5979757640192,39.3243864461882],[-74.5987205244393,39.3247509118546]]}},{"type":"Feature","id":5756,"properties":{"OBJECTID":5756,"PRIMENAME":"Sara Ann Court","ELEVTYP_F":0,"ELEVTYP_T":0},"geometry":{"type":"LineString","coordinates":[[-74.5866654783083,39.3370990232128],[-74.5857724863866,39.3367736209777],[-74.5847751694506,39.3364101907098],[-74.5845934644082,39.3363439735149]]}},{"type":"Feature","id":5880,"properties":{"OBJECTID":5880,"PRIMENAME":"Unnamed Segment","ELEVTYP_F":0,"ELEVTYP_T":0},"geometry":{"type":"LineString","coordinates":[[-74.6046402379167,39.3305599153789],[-74.6056033280388,39.3311363565467],[-74.6056376588196,39.3311505771719],[-74.6056665133839,39.3311584808464],[-74.6056863399002,39.3311592078195],[-74.605703981207,39.331156140744],[-74.6057230207051,39.3311449227325],[-74.6057429443283,39.331130033098],[-74.6059009613681,39.3309228490733],[-74.6059379847228,39.330884324505],[-74.6059807495298,39.3308495718102],[-74.6060286244013,39.3308191005176],[-74.6060809024739,39.3307933634738],[-74.6061368129795,39.3307727388167],[-74.606195534006,39.3307575308654],[-74.6062561913297,39.3307479656172]]}},{"type":"Feature","id":6003,"properties":{"OBJECTID":6003,"PRIMENAME":"7th Street","ELEVTYP_F":0,"ELEVTYP_T":0},"geometry":{"type":"LineString","coordinates":[[-74.6000853102568,39.3225520413411],[-74.6000922116593,39.3225452090291],[-74.6002056844471,39.3224328572101],[-74.6003578992342,39.3222823439759],[-74.6004689362244,39.3221606696561],[-74.6005717464494,39.3220453990258],[-74.6006498508769,39.3219333619741],[-74.6007567078312,39.3217572979529],[-74.6009243534788,39.3214981791081]]}},{"type":"Feature","id":6297,"properties":{"OBJECTID":6297,"PRIMENAME":"Shore Road","ELEVTYP_F":0,"ELEVTYP_T":0},"geometry":{"type":"LineString","coordinates":[[-74.583950779987,39.3289552489843],[-74.5838353124799,39.329100387635],[-74.5835706944017,39.3294320595672],[-74.5833355911522,39.3297267349317],[-74.5829821421591,39.3301609438745]]}},{"type":"Feature","id":6973,"properties":{"OBJECTID":6973,"PRIMENAME":"Broadway","ELEVTYP_F":0,"ELEVTYP_T":0},"geometry":{"type":"LineString","coordinates":[[-74.6022261913102,39.3084168048463],[-74.6025811448834,39.3083489718507],[-74.6028751563148,39.3082927860625],[-74.6038940153601,39.3080946031462],[-74.6039888503283,39.3080753986241],[-74.6044006412849,39.3079920080283]]}},{"type":"Feature","id":7038,"properties":{"OBJECTID":7038,"PRIMENAME":"Wisteria Walk","ELEVTYP_F":0,"ELEVTYP_T":0},"geometry":{"type":"LineString","coordinates":[[-74.6147367375076,39.3188288190593],[-74.6146947823757,39.3191555421288],[-74.6146556565372,39.3194182891527],[-74.6145948511495,39.3196531051865],[-74.6145555468683,39.3198068473375],[-74.6145089815653,39.3199522226323],[-74.6144372560675,39.3200808746788],[-74.6143188182625,39.3202430684864],[-74.6141714727268,39.3203885425628],[-74.6139954364887,39.3205424464549],[-74.6137869787439,39.3206935541133],[-74.6136891657565,39.3207575778535],[-74.6135389489237,39.3208559016382],[-74.6132892006764,39.3210062244172]]}},{"type":"Feature","id":7904,"properties":{"OBJECTID":7904,"PRIMENAME":"Gulf Mill Road","ELEVTYP_F":0,"ELEVTYP_T":0},"geometry":{"type":"LineString","coordinates":[[-74.6166166708084,39.3208312782637],[-74.6167086584321,39.320687887958],[-74.6169096448564,39.3203634755833],[-74.6172039927398,39.3198525631181]]}},{"type":"Feature","id":7936,"properties":{"OBJECTID":7936,"PRIMENAME":"2nd Street","ELEVTYP_F":0,"ELEVTYP_T":0},"geometry":{"type":"LineString","coordinates":[[-74.5984753770637,39.3141222160473],[-74.5987588982297,39.3136768715707]]}},{"type":"Feature","id":7966,"properties":{"OBJECTID":7966,"PRIMENAME":"West Connecticut Avenue","ELEVTYP_F":0,"ELEVTYP_T":0},"geometry":{"type":"LineString","coordinates":[[-74.6055189531469,39.3205194586538],[-74.6056435151826,39.3205667727151],[-74.6057399660603,39.3206024340082]]}},{"type":"Feature","id":8355,"properties":{"OBJECTID":8355,"PRIMENAME":"Campbell Avenue","ELEVTYP_F":0,"ELEVTYP_T":0},"geometry":{"type":"LineString","coordinates":[[-74.5846961681852,39.3254352587181],[-74.5847250775541,39.3253992411166],[-74.5848095730472,39.3252856183544],[-74.5848595193355,39.3252228149718],[-74.5848978983656,39.3251540629151],[-74.5849093824668,39.3250913154805],[-74.5849093174256,39.3250375269665],[-74.584893792713,39.3249747722059],[-74.5848934344513,39.3249700774195]]}},{"type":"Feature","id":8609,"properties":{"OBJECTID":8609,"PRIMENAME":"Ambler Road","ELEVTYP_F":0,"ELEVTYP_T":0},"geometry":{"type":"LineString","coordinates":[[-74.6096302841627,39.3236093472695],[-74.6099931788599,39.3232830918433],[-74.610153253006,39.323129648772],[-74.6102286531375,39.3230829548107]]}},{"type":"Feature","id":9053,"properties":{"OBJECTID":9053,"PRIMENAME":"4th Street","ELEVTYP_F":0,"ELEVTYP_T":0},"geometry":{"type":"LineString","coordinates":[[-74.5996780981455,39.3167143905469],[-74.5998374390716,39.3164631875211],[-74.6003283017574,39.3156932855539]]}},{"type":"Feature","id":9685,"properties":{"OBJECTID":9685,"PRIMENAME":"Ocean Heights Bridge","ELEVTYP_F":0,"ELEVTYP_T":0},"geometry":{"type":"LineString","coordinates":[[-74.5960475744471,39.3360506626091],[-74.5960477963431,39.3360509074471],[-74.5963106314346,39.3363400458655]]}},{"type":"Feature","id":9787,"properties":{"OBJECTID":9787,"PRIMENAME":"West Wilmont Avenue","ELEVTYP_F":0,"ELEVTYP_T":0},"geometry":{"type":"LineString","coordinates":[[-74.591234670706,39.3279364993489],[-74.5903258324146,39.3274257688935],[-74.5891284585764,39.3267466948424]]}},{"type":"Feature","id":9838,"properties":{"OBJECTID":9838,"PRIMENAME":"Shore Road","ELEVTYP_F":0,"ELEVTYP_T":0},"geometry":{"type":"LineString","coordinates":[[-74.5846099169418,39.3281395229835],[-74.5844033977899,39.3283864825631],[-74.583950779987,39.3289552489843]]}},{"type":"Feature","id":9972,"properties":{"OBJECTID":9972,"PRIMENAME":"Frances Avenue","ELEVTYP_F":0,"ELEVTYP_T":0},"geometry":{"type":"LineString","coordinates":[[-74.5854563981934,39.3313254385433],[-74.5853468099372,39.3313048443661],[-74.5850920850044,39.3311925399093],[-74.5844420239272,39.3308725370116],[-74.5838402955423,39.33057981465],[-74.5829821421591,39.3301609438745]]}},{"type":"Feature","id":10024,"properties":{"OBJECTID":10024,"PRIMENAME":"Pleasant Avenue","ELEVTYP_F":0,"ELEVTYP_T":0},"geometry":{"type":"LineString","coordinates":[[-74.5903824436827,39.3180960333338],[-74.5911810367084,39.3185412288816]]}},{"type":"Feature","id":10042,"properties":{"OBJECTID":10042,"PRIMENAME":"FR US 9 NB to RT 52 SB","ELEVTYP_F":0,"ELEVTYP_T":0},"geometry":{"type":"LineString","coordinates":[[-74.6052689321771,39.3154813205748],[-74.6052588981474,39.3155312186577],[-74.6052421665718,39.3155699760933],[-74.6052229400142,39.3155952262392],[-74.6051873958236,39.3156282615686],[-74.6051552299043,39.3156513542284],[-74.605121640049,39.3156683532419],[-74.6050886416917,39.3156784316409],[-74.6050503395535,39.3156881040446],[-74.6050096602206,39.3156908864345],[-74.604953066183,39.3156886313816],[-74.6044717513737,39.3155099622201]]}},{"type":"Feature","id":10459,"properties":{"OBJECTID":10459,"PRIMENAME":"West Groveland Avenue","ELEVTYP_F":0,"ELEVTYP_T":0},"geometry":{"type":"LineString","coordinates":[[-74.594129945506,39.3223276338606],[-74.5948839277456,39.3226932698055],[-74.5953991823059,39.3229456165343],[-74.595621755538,39.3230541911376],[-74.5957166041857,39.323108532333],[-74.5957321370214,39.3231219633259],[-74.595823807221,39.3232012208927],[-74.595918678211,39.3232971327221],[-74.5960094440708,39.3233898616753],[-74.5960589844458,39.3234244030984]]}},{"type":"Feature","id":10705,"properties":{"OBJECTID":10705,"PRIMENAME":"Unnamed Segment","ELEVTYP_F":0,"ELEVTYP_T":0},"geometry":{"type":"LineString","coordinates":[[-74.5931379285827,39.3308578108471],[-74.5930428092345,39.330809541131],[-74.5914486353838,39.3300005393388],[-74.5914172111741,39.3299657502579],[-74.5913947371265,39.329920509201],[-74.5914215649431,39.3298682652336],[-74.5919049445654,39.3292829967211],[-74.591945236614,39.3292446676838],[-74.5920259085211,39.3292306782454],[-74.592097656701,39.3292480288346],[-74.593897171149,39.3301510545185],[-74.5939869874466,39.3301961245291]]}},{"type":"Feature","id":11054,"properties":{"OBJECTID":11054,"PRIMENAME":"Haddon Road","ELEVTYP_F":0,"ELEVTYP_T":0},"geometry":{"type":"LineString","coordinates":[[-74.6041857657073,39.3275120181258],[-74.6049363244197,39.3267687998086],[-74.6055189982652,39.32620178229],[-74.6062130404294,39.3255313403897],[-74.6065942970439,39.325151125497],[-74.6067443399631,39.3249953902567]]}},{"type":"Feature","id":11729,"properties":{"OBJECTID":11729,"PRIMENAME":"Unnamed Segment","ELEVTYP_F":0,"ELEVTYP_T":0},"geometry":{"type":"LineString","coordinates":[[-74.5960758323267,39.330272253101],[-74.5954147054949,39.3310826953814],[-74.5953923373158,39.3311175283728],[-74.5953998399147,39.3311407325964],[-74.5954447170924,39.3311755104646],[-74.5957213526029,39.3313145428311],[-74.5957737078908,39.3313551174647],[-74.5958185989091,39.3314014994608],[-74.5958112149292,39.3314653327084],[-74.5958207816853,39.3317956649926]]}},{"type":"Feature","id":12674,"properties":{"OBJECTID":12674,"PRIMENAME":"Meadow View Drive","ELEVTYP_F":0,"ELEVTYP_T":0},"geometry":{"type":"LineString","coordinates":[[-74.5730373484498,39.3366708197934],[-74.5726650626589,39.3365265200293],[-74.5716848858912,39.3361431444646],[-74.5715502621169,39.3360893019123]]}},{"type":"Feature","id":12730,"properties":{"OBJECTID":12730,"PRIMENAME":"Bay Avenue","ELEVTYP_F":0,"ELEVTYP_T":0},"geometry":{"type":"LineString","coordinates":[[-74.5840102119741,39.3231072181914],[-74.5843297784991,39.3227228101206],[-74.5845748088,39.3224138796963]]}},{"type":"Feature","id":12746,"properties":{"OBJECTID":12746,"PRIMENAME":"Shore Road","ELEVTYP_F":0,"ELEVTYP_T":0},"geometry":{"type":"LineString","coordinates":[[-74.5799422836721,39.3339398452347],[-74.5797657170855,39.3341588226302],[-74.5796521009421,39.3342997282205]]}},{"type":"Feature","id":13748,"properties":{"OBJECTID":13748,"PRIMENAME":"Great Bay Drive","ELEVTYP_F":0,"ELEVTYP_T":0},"geometry":{"type":"LineString","coordinates":[[-74.6080575297363,39.3110994237338],[-74.6080786564367,39.3112027422434],[-74.6085021455666,39.3114553977053],[-74.6085660937726,39.3114935498402],[-74.6086213930638,39.3115492570225],[-74.6086430431272,39.3116177052114],[-74.6086491986249,39.3116779055646],[-74.608617195836,39.3117596043884],[-74.6086162962335,39.3118190186053],[-74.6086162899848,39.3118194771269],[-74.608638648881,39.3119953092282]]}},{"type":"Feature","id":14398,"properties":{"OBJECTID":14398,"PRIMENAME":"West Avenue","ELEVTYP_F":0,"ELEVTYP_T":0},"geometry":{"type":"LineString","coordinates":[[-74.5903276925388,39.3359609529823],[-74.5899961304588,39.3360835330447],[-74.5899305747989,39.3361077705481],[-74.5896372989058,39.3362279004143]]}},{"type":"Feature","id":15206,"properties":{"OBJECTID":15206,"PRIMENAME":"Village Drive","ELEVTYP_F":0,"ELEVTYP_T":0},"geometry":{"type":"LineString","coordinates":[[-74.6145013475416,39.3170038789118],[-74.6146517467372,39.3170231425682],[-74.6147812687158,39.3170285891818],[-74.6148748232871,39.3170229226503],[-74.614975527651,39.3170004460606],[-74.6150654098378,39.3169752064688],[-74.6151589150577,39.3169387886004],[-74.61524879522,39.3168911996226],[-74.6152991019761,39.316852023763]]}},{"type":"Feature","id":16258,"properties":{"OBJECTID":16258,"PRIMENAME":"3rd Street","ELEVTYP_F":0,"ELEVTYP_T":0},"geometry":{"type":"LineString","coordinates":[[-74.5970875862053,39.3185706637635],[-74.5969064700314,39.3188582614187],[-74.5962215642915,39.3199451350112],[-74.5959903845947,39.3203085536626],[-74.5959390620108,39.3204152381287],[-74.5959006066289,39.3205218849463],[-74.5958779395103,39.3206451856364]]}},{"type":"Feature","id":17270,"properties":{"OBJECTID":17270,"PRIMENAME":"New Hampshire Avenue","ELEVTYP_F":0,"ELEVTYP_T":0},"geometry":{"type":"LineString","coordinates":[[-74.6012255051502,39.3232451659731],[-74.6000853102568,39.3225520413411]]}},{"type":"Feature","id":17413,"properties":{"OBJECTID":17413,"PRIMENAME":"Bay Avenue","ELEVTYP_F":0,"ELEVTYP_T":0},"geometry":{"type":"LineString","coordinates":[[-74.5931311176678,39.3119490859643],[-74.59278484299,39.3122960337502],[-74.5925893943299,39.312490914443]]}},{"type":"Feature","id":17498,"properties":{"OBJECTID":17498,"PRIMENAME":"Osborne Road","ELEVTYP_F":0,"ELEVTYP_T":0},"geometry":{"type":"LineString","coordinates":[[-74.6024724039556,39.3266454348815],[-74.6037629234166,39.3253669697344],[-74.6049839161707,39.3241495613411],[-74.6051588313665,39.3239829598698]]}},{"type":"Feature","id":17986,"properties":{"OBJECTID":17986,"PRIMENAME":"Spruce Street","ELEVTYP_F":0,"ELEVTYP_T":0},"geometry":{"type":"LineString","coordinates":[[-74.6170641945218,39.3087207267526],[-74.6169145936964,39.3086267272647],[-74.6169129790716,39.3086257127642],[-74.6167827514367,39.3085478660217],[-74.6166227115763,39.308438280776],[-74.6164961819742,39.3083517803571],[-74.6164477797582,39.308320061457],[-74.6164234512702,39.3083123423629],[-74.61640266818,39.3083113199984],[-74.6163999822907,39.308311791109],[-74.6163758857889,39.3083160148097],[-74.6163511621083,39.3083259241907],[-74.6162981221509,39.3083721837141]]}},{"type":"Feature","id":18092,"properties":{"OBJECTID":18092,"PRIMENAME":"Pacific Avenue","ELEVTYP_F":0,"ELEVTYP_T":0},"geometry":{"type":"LineString","coordinates":[[-74.6080655905786,39.3300036102254],[-74.6080721872082,39.3299924700391],[-74.6081093062322,39.3299297884559],[-74.6081708576113,39.3298258511947]]}},{"type":"Feature","id":18311,"properties":{"OBJECTID":18311,"PRIMENAME":"Harlan Avenue","ELEVTYP_F":0,"ELEVTYP_T":0},"geometry":{"type":"LineString","coordinates":[[-74.6216261644877,39.313153094166],[-74.6220427341729,39.3132681969376],[-74.6223882710473,39.3133687382493]]}},{"type":"Feature","id":18538,"properties":{"OBJECTID":18538,"PRIMENAME":"FR US 9 SB to BETHEL ROAD","ELEVTYP_F":0,"ELEVTYP_T":0},"geometry":{"type":"LineString","coordinates":[[-74.5939869874466,39.3301961245291],[-74.594141162864,39.3301402080168],[-74.594190334244,39.3301363244642],[-74.594226361459,39.3301375582471],[-74.5942624349178,39.3301464525047],[-74.5942952336952,39.3301655078846],[-74.5943296740279,39.3301959851487],[-74.5943625242179,39.3302532611093],[-74.5944143505738,39.3303562370838]]}},{"type":"Feature","id":19246,"properties":{"OBJECTID":19246,"PRIMENAME":"Rhode Island Avenue","ELEVTYP_F":0,"ELEVTYP_T":0},"geometry":{"type":"LineString","coordinates":[[-74.6005222650545,39.3198781850507],[-74.6009519899738,39.3200421976236],[-74.6016581893094,39.320309618038]]}},{"type":"Feature","id":19700,"properties":{"OBJECTID":19700,"PRIMENAME":"Unnamed Segment","ELEVTYP_F":0,"ELEVTYP_T":0},"geometry":{"type":"LineString","coordinates":[[-74.5966310877267,39.3271732966754],[-74.5965089067462,39.3269992102263],[-74.5964713751289,39.3269410667308],[-74.596058730987,39.3266067346326],[-74.596021209868,39.3265558416364],[-74.5960112925287,39.3263501028432]]}},{"type":"Feature","id":20166,"properties":{"OBJECTID":20166,"PRIMENAME":"Braddock Drive","ELEVTYP_F":0,"ELEVTYP_T":0},"geometry":{"type":"LineString","coordinates":[[-74.6025725998888,39.3115956867182],[-74.6025905205112,39.311548142924],[-74.6026156200444,39.3114782705545],[-74.6026299232278,39.3114223829717],[-74.60265136923,39.3113440839685],[-74.6026620868363,39.3112770519317],[-74.6026716698457,39.3111834981386]]}},{"type":"Feature","id":20461,"properties":{"OBJECTID":20461,"PRIMENAME":"Dogwood Drive","ELEVTYP_F":0,"ELEVTYP_T":0},"geometry":{"type":"LineString","coordinates":[[-74.608939866626,39.3172179164495],[-74.6089699189248,39.3172216501299],[-74.6091234954022,39.3172623069299],[-74.6091526125675,39.3172732146377],[-74.6092488049883,39.3173092507294],[-74.6095479758234,39.3174376322315],[-74.6098997317283,39.3176036354536],[-74.6104011337567,39.3178699043305],[-74.6107934019259,39.3181017628945],[-74.6108489174352,39.3181364707281]]}},{"type":"Feature","id":20925,"properties":{"OBJECTID":20925,"PRIMENAME":"West Johnson Avenue","ELEVTYP_F":0,"ELEVTYP_T":0},"geometry":{"type":"LineString","coordinates":[[-74.594207514533,39.324469621287],[-74.5925744188562,39.3237637790749],[-74.5918160230929,39.323428417126],[-74.5913488138836,39.3232267021297]]}},{"type":"Feature","id":21253,"properties":{"OBJECTID":21253,"PRIMENAME":"Myrtle Avenue","ELEVTYP_F":0,"ELEVTYP_T":0},"geometry":{"type":"LineString","coordinates":[[-74.5789121012175,39.3327623190371],[-74.5781094881991,39.3324660791861]]}},{"type":"Feature","id":21298,"properties":{"OBJECTID":21298,"PRIMENAME":"Montgomery Avenue","ELEVTYP_F":0,"ELEVTYP_T":0},"geometry":{"type":"LineString","coordinates":[[-74.5918534339636,39.3272732861838],[-74.591234670706,39.3279364993489]]}},{"type":"Feature","id":22993,"properties":{"OBJECTID":22993,"PRIMENAME":"1st Street","ELEVTYP_F":0,"ELEVTYP_T":0},"geometry":{"type":"LineString","coordinates":[[-74.5924295311649,39.3214925497088],[-74.5922710685039,39.3217419292561],[-74.5921559745644,39.3219339715829]]}},{"type":"Feature","id":23237,"properties":{"OBJECTID":23237,"PRIMENAME":"Bay Avenue","ELEVTYP_F":0,"ELEVTYP_T":0},"geometry":{"type":"LineString","coordinates":[[-74.5864355582669,39.3201071205671],[-74.5870922904817,39.319294949225],[-74.5872238656853,39.3191301095096]]}},{"type":"Feature","id":24154,"properties":{"OBJECTID":24154,"PRIMENAME":"Rhode Island Avenue","ELEVTYP_F":0,"ELEVTYP_T":0},"geometry":{"type":"LineString","coordinates":[[-74.5993641760797,39.3194361068156],[-74.6005222650545,39.3198781850507]]}},{"type":"Feature","id":24471,"properties":{"OBJECTID":24471,"PRIMENAME":"Bay Avenue","ELEVTYP_F":0,"ELEVTYP_T":0},"geometry":{"type":"LineString","coordinates":[[-74.5911301440002,39.3139434132156],[-74.5906407469238,39.3144340656346]]}},{"type":"Feature","id":24825,"properties":{"OBJECTID":24825,"PRIMENAME":"Ambler Road","ELEVTYP_F":0,"ELEVTYP_T":0},"geometry":{"type":"LineString","coordinates":[[-74.6074816693197,39.3255289679272],[-74.6076241152074,39.3253769175056],[-74.6078130018752,39.3252170804983],[-74.6081526696614,39.3249256679957]]}},{"type":"Feature","id":25533,"properties":{"OBJECTID":25533,"PRIMENAME":"Bay Avenue","ELEVTYP_F":0,"ELEVTYP_T":0},"geometry":{"type":"LineString","coordinates":[[-74.5887702309462,39.317208713436],[-74.5882776488645,39.3178159957531]]}},{"type":"Feature","id":25971,"properties":{"OBJECTID":25971,"PRIMENAME":"East Cedar Avenue","ELEVTYP_F":0,"ELEVTYP_T":0},"geometry":{"type":"LineString","coordinates":[[-74.5881357730412,39.3208944080102],[-74.5886041074035,39.3211112922586],[-74.5897293309055,39.3216191514932],[-74.5898107842917,39.3216804279055]]}},{"type":"Feature","id":26405,"properties":{"OBJECTID":26405,"PRIMENAME":"Village Drive South","ELEVTYP_F":0,"ELEVTYP_T":0},"geometry":{"type":"LineString","coordinates":[[-74.6102547795822,39.3148433286466],[-74.6101795790822,39.3148083373677],[-74.6100571356488,39.3147386300092],[-74.6098771362384,39.3146605199949],[-74.6097367156133,39.3145991771298],[-74.6096071199633,39.3145433963535],[-74.6094414678598,39.3144624994401],[-74.6092506278229,39.3143676776882],[-74.6090165919356,39.3142477182597],[-74.6089529137034,39.3142119460962]]}},{"type":"Feature","id":28354,"properties":{"OBJECTID":28354,"PRIMENAME":"Bay Avenue","ELEVTYP_F":0,"ELEVTYP_T":0},"geometry":{"type":"LineString","coordinates":[[-74.5938259802736,39.3112740475882],[-74.5937185035016,39.3113577687167],[-74.5931980783151,39.3118820097944],[-74.5931311176678,39.3119490859643]]}},{"type":"Feature","id":30160,"properties":{"OBJECTID":30160,"PRIMENAME":"Shore Road","ELEVTYP_F":0,"ELEVTYP_T":0},"geometry":{"type":"LineString","coordinates":[[-74.5825007219837,39.3307596806929],[-74.5823357179321,39.3309664109417]]}},{"type":"Feature","id":31403,"properties":{"OBJECTID":31403,"PRIMENAME":"Bay Avenue","ELEVTYP_F":0,"ELEVTYP_T":0},"geometry":{"type":"LineString","coordinates":[[-74.597553756005,39.3084747665839],[-74.5974884318144,39.3084824269065],[-74.5974386710161,39.3085092669841],[-74.5973677856907,39.3085554985909],[-74.5972970369755,39.3086016408591],[-74.5970713403215,39.3087725936247]]}},{"type":"Feature","id":31760,"properties":{"OBJECTID":31760,"PRIMENAME":"Rhode Island Avenue","ELEVTYP_F":0,"ELEVTYP_T":0},"geometry":{"type":"LineString","coordinates":[[-74.6016581893094,39.320309618038],[-74.6024356976449,39.3206040157106],[-74.6027964229567,39.32073966412]]}},{"type":"Feature","id":32396,"properties":{"OBJECTID":32396,"PRIMENAME":"Atlantic Avenue","ELEVTYP_F":0,"ELEVTYP_T":0},"geometry":{"type":"LineString","coordinates":[[-74.5908187149621,39.324060406052],[-74.590544523216,39.3244916659565]]}},{"type":"Feature","id":34647,"properties":{"OBJECTID":34647,"PRIMENAME":"Neptune Drive","ELEVTYP_F":0,"ELEVTYP_T":0},"geometry":{"type":"LineString","coordinates":[[-74.5806367303104,39.313294396226],[-74.5808811765782,39.3133285630813],[-74.5809371286696,39.3133285241938],[-74.5809547351227,39.3133202956015]]}},{"type":"Feature","id":35283,"properties":{"OBJECTID":35283,"PRIMENAME":"Village Drive","ELEVTYP_F":0,"ELEVTYP_T":0},"geometry":{"type":"LineString","coordinates":[[-74.6061557749419,39.3138870240973],[-74.6063572753125,39.313906416724],[-74.6064832416241,39.3139258790178],[-74.6066811719394,39.3139675965835],[-74.6069619363693,39.3140455919865],[-74.6071022974174,39.3140929909185],[-74.6072895205865,39.3141598680959],[-74.6075595486872,39.3142881996661],[-74.6078475942341,39.3144332627972],[-74.6081140620333,39.314589519881],[-74.6083374036276,39.3147653939358],[-74.6084256625205,39.3148337621034]]}},{"type":"Feature","id":37679,"properties":{"OBJECTID":37679,"PRIMENAME":"Atlantic Avenue","ELEVTYP_F":0,"ELEVTYP_T":0},"geometry":{"type":"LineString","coordinates":[[-74.5914373540427,39.3224565211422],[-74.5916180422313,39.3221615313993],[-74.5917317233873,39.3219759306538],[-74.5918400149015,39.3218057172689],[-74.5921280979767,39.321352895621]]}},{"type":"Feature","id":38792,"properties":{"OBJECTID":38792,"PRIMENAME":"Dogwood Lane","ELEVTYP_F":0,"ELEVTYP_T":0},"geometry":{"type":"LineString","coordinates":[[-74.6138956394915,39.318141299236],[-74.6139156446849,39.3180742166221],[-74.6139356486791,39.3180071331044],[-74.61400936652,39.3178441871103],[-74.6140953946338,39.3176429254059],[-74.6141978601699,39.3174639985533],[-74.6143004379423,39.3173329831953],[-74.6144071304055,39.3172115186557],[-74.6144604198525,39.3171156689925],[-74.6145013475416,39.3170038789118]]}},{"type":"Feature","id":38856,"properties":{"OBJECTID":38856,"PRIMENAME":"West Cedar Avenue","ELEVTYP_F":0,"ELEVTYP_T":0},"geometry":{"type":"LineString","coordinates":[[-74.5898107842917,39.3216804279055],[-74.5898695215991,39.3217246153144],[-74.5902734224087,39.3219130965894],[-74.5909823710422,39.3222452671101],[-74.5914373540427,39.3224565211422]]}},{"type":"Feature","id":41722,"properties":{"OBJECTID":41722,"PRIMENAME":"Franklin Boulevard","ELEVTYP_F":0,"ELEVTYP_T":0},"geometry":{"type":"LineString","coordinates":[[-74.5724812459685,39.3373534153722],[-74.5730373484498,39.3366708197934]]}},{"type":"Feature","id":41852,"properties":{"OBJECTID":41852,"PRIMENAME":"Steelman Avenue","ELEVTYP_F":0,"ELEVTYP_T":0},"geometry":{"type":"LineString","coordinates":[[-74.5899507642914,39.3300540311759],[-74.5905820026196,39.3292657021664]]}},{"type":"Feature","id":42603,"properties":{"OBJECTID":42603,"PRIMENAME":"Jefferson Avenue","ELEVTYP_F":0,"ELEVTYP_T":0},"geometry":{"type":"LineString","coordinates":[[-74.6019843520779,39.3240069814294],[-74.6022274001941,39.3236988939767],[-74.6022463279501,39.3236756606459],[-74.6025335909409,39.3233230694579]]}},{"type":"Feature","id":47148,"properties":{"OBJECTID":47148,"PRIMENAME":"Shore Road","ELEVTYP_F":0,"ELEVTYP_T":0},"geometry":{"type":"LineString","coordinates":[[-74.5778340829548,39.3365592017602],[-74.5773995738505,39.3371004739494],[-74.577224688088,39.3373190643139]]}},{"type":"Feature","id":47817,"properties":{"OBJECTID":47817,"PRIMENAME":"Bay Avenue","ELEVTYP_F":0,"ELEVTYP_T":0},"geometry":{"type":"LineString","coordinates":[[-74.5970713403215,39.3087725936247],[-74.5968721965305,39.3089234338269],[-74.5967153643173,39.3090423424]]}},{"type":"Feature","id":48745,"properties":{"OBJECTID":48745,"PRIMENAME":"Garfield Avenue","ELEVTYP_F":0,"ELEVTYP_T":0},"geometry":{"type":"LineString","coordinates":[[-74.5837033962914,39.3336566194948],[-74.583834059228,39.333705975623]]}},{"type":"Feature","id":49099,"properties":{"OBJECTID":49099,"PRIMENAME":"Great Bay Drive","ELEVTYP_F":0,"ELEVTYP_T":0},"geometry":{"type":"LineString","coordinates":[[-74.60606340113,39.3104664662398],[-74.6046991084478,39.3100945476164]]}},{"type":"Feature","id":49305,"properties":{"OBJECTID":49305,"PRIMENAME":"3rd Street","ELEVTYP_F":0,"ELEVTYP_T":0},"geometry":{"type":"LineString","coordinates":[[-74.5991788759911,39.315254382947],[-74.5989089378592,39.3156832822939]]}},{"type":"Feature","id":49769,"properties":{"OBJECTID":49769,"PRIMENAME":"Franklin Drive","ELEVTYP_F":0,"ELEVTYP_T":0},"geometry":{"type":"LineString","coordinates":[[-74.6036257506409,39.3272296568605],[-74.603465680977,39.3274265551532],[-74.6030075060097,39.3280501233151],[-74.6021596521647,39.329203838963],[-74.6018091971075,39.3296944708822]]}},{"type":"Feature","id":50364,"properties":{"OBJECTID":50364,"PRIMENAME":"Tudor Terrace","ELEVTYP_F":0,"ELEVTYP_T":0},"geometry":{"type":"LineString","coordinates":[[-74.597759893765,39.3197532199699],[-74.5989041987801,39.3201745683601]]}},{"type":"Feature","id":50387,"properties":{"OBJECTID":50387,"PRIMENAME":"2nd Street","ELEVTYP_F":0,"ELEVTYP_T":0},"geometry":{"type":"LineString","coordinates":[[-74.5959480329925,39.3181327373714],[-74.5961114937379,39.3178825522246],[-74.5962257361508,39.3177004731926]]}},{"type":"Feature","id":51003,"properties":{"OBJECTID":51003,"PRIMENAME":"Lantern Lane","ELEVTYP_F":0,"ELEVTYP_T":0},"geometry":{"type":"LineString","coordinates":[[-74.6152991019761,39.316852023763],[-74.6153280435587,39.3169553979671],[-74.6153389353176,39.3170224637399],[-74.6153283005252,39.3171119018862],[-74.6152996708133,39.3171985572176],[-74.6151993788084,39.3174725667237],[-74.6151778871885,39.3175368639106],[-74.6151599689357,39.3175815819266],[-74.6151312506698,39.3176151630241],[-74.6150953030098,39.3176375478144],[-74.6150413454531,39.3176487766721],[-74.614987365043,39.3176460563926],[-74.6149297921722,39.3176293373519],[-74.6148793447344,39.3176042363654],[-74.6148397406283,39.3175735242877],[-74.6147964677322,39.3175260660424],[-74.6147459878731,39.3174590383522],[-74.6145908749913,39.3172160329827],[-74.6145548043078,39.3171629662808],[-74.6145295409767,39.3171042885618],[-74.6145013475416,39.3170038789118]]}},{"type":"Feature","id":51393,"properties":{"OBJECTID":51393,"PRIMENAME":"Doran Avenue","ELEVTYP_F":0,"ELEVTYP_T":0},"geometry":{"type":"LineString","coordinates":[[-74.5931004399189,39.3259506030932],[-74.5924944520441,39.325613147317],[-74.5909237691051,39.3247089108609],[-74.5907267674583,39.3245960627371]]}},{"type":"Feature","id":51441,"properties":{"OBJECTID":51441,"PRIMENAME":"Sunny Avenue","ELEVTYP_F":0,"ELEVTYP_T":0},"geometry":{"type":"LineString","coordinates":[[-74.5876133352228,39.3215389143239],[-74.5878723378123,39.3212193971168]]}},{"type":"Feature","id":51927,"properties":{"OBJECTID":51927,"PRIMENAME":"Higbee Avenue","ELEVTYP_F":0,"ELEVTYP_T":0},"geometry":{"type":"LineString","coordinates":[[-74.5931311176678,39.3119490859643],[-74.592671055241,39.3116713141516],[-74.5923015226434,39.3114534622771]]}},{"type":"Feature","id":52440,"properties":{"OBJECTID":52440,"PRIMENAME":"Mays Landing Road","ELEVTYP_F":0,"ELEVTYP_T":0},"geometry":{"type":"LineString","coordinates":[[-74.6025015509743,39.3093200735452],[-74.6026931276712,39.3093728295289]]}},{"type":"Feature","id":52499,"properties":{"OBJECTID":52499,"PRIMENAME":"Euclid Avenue","ELEVTYP_F":0,"ELEVTYP_T":0},"geometry":{"type":"LineString","coordinates":[[-74.5896795172058,39.3277877934225],[-74.5890803230073,39.3285408191292]]}},{"type":"Feature","id":52552,"properties":{"OBJECTID":52552,"PRIMENAME":"Sunny Avenue","ELEVTYP_F":0,"ELEVTYP_T":0},"geometry":{"type":"LineString","coordinates":[[-74.5881357730412,39.3208944080102],[-74.5883740817884,39.3206004389381],[-74.5889220421231,39.3199111823156]]}},{"type":"Feature","id":53145,"properties":{"OBJECTID":53145,"PRIMENAME":"Sommers Avenue","ELEVTYP_F":0,"ELEVTYP_T":0},"geometry":{"type":"LineString","coordinates":[[-74.5973913929668,39.3108123963512],[-74.5973582594438,39.3108261804432],[-74.5973343033113,39.3108310603833],[-74.5973174440745,39.3108310744779],[-74.5973030536732,39.3108277913177],[-74.5956744535174,39.3098383287224]]}},{"type":"Feature","id":53470,"properties":{"OBJECTID":53470,"PRIMENAME":"Edgewood Drive","ELEVTYP_F":0,"ELEVTYP_T":0},"geometry":{"type":"LineString","coordinates":[[-74.5990795630756,39.331096742709],[-74.600464830367,39.3300139470341],[-74.6011975019612,39.3294225503407]]}},{"type":"Feature","id":53760,"properties":{"OBJECTID":53760,"PRIMENAME":"Somers Point Apartments Road","ELEVTYP_F":0,"ELEVTYP_T":0},"geometry":{"type":"LineString","coordinates":[[-74.6182542607657,39.3109130893817],[-74.6182519242191,39.3104714986531],[-74.6184948662464,39.3104702715393],[-74.6184944125433,39.3109121677769],[-74.6182542607657,39.3109130893817]]}},{"type":"Feature","id":53974,"properties":{"OBJECTID":53974,"PRIMENAME":"Massachusetts Avenue","ELEVTYP_F":0,"ELEVTYP_T":0},"geometry":{"type":"LineString","coordinates":[[-74.6039279116518,39.3226212419673],[-74.6038745847747,39.3227043195061],[-74.6038500284685,39.3227841860733],[-74.6038419634194,39.3228768051779],[-74.6038462060829,39.3229725985838],[-74.6038627712611,39.3230587990231],[-74.6039163583292,39.3231513631034],[-74.6039946248264,39.3232470903945],[-74.6041057575158,39.3233363627285],[-74.6043513883084,39.3234886661053]]}},{"type":"Feature","id":54086,"properties":{"OBJECTID":54086,"PRIMENAME":"3rd Street","ELEVTYP_F":0,"ELEVTYP_T":0},"geometry":{"type":"LineString","coordinates":[[-74.5979992006763,39.3171151496078],[-74.597924663718,39.3172348866527],[-74.5977214952097,39.3175612563934]]}},{"type":"Feature","id":54252,"properties":{"OBJECTID":54252,"PRIMENAME":"Cedar Court","ELEVTYP_F":0,"ELEVTYP_T":0},"geometry":{"type":"LineString","coordinates":[[-74.6079480076633,39.3308297333355],[-74.6079802685305,39.3308380620653],[-74.6080184209536,39.3308413218438],[-74.6080575178485,39.3308379903783],[-74.6080842342593,39.3308312112708],[-74.6081089629859,39.3308179265235],[-74.6081265039312,39.3307987733394],[-74.6081474875586,39.3307645967825],[-74.6082524430308,39.3305722384983]]}},{"type":"Feature","id":54254,"properties":{"OBJECTID":54254,"PRIMENAME":"Groveland Avenue","ELEVTYP_F":0,"ELEVTYP_T":0},"geometry":{"type":"LineString","coordinates":[[-74.5906168031484,39.3206738094079],[-74.5911206801665,39.3208981785751],[-74.5921280979767,39.321352895621]]}},{"type":"Feature","id":54499,"properties":{"OBJECTID":54499,"PRIMENAME":"Pleasant Avenue","ELEVTYP_F":0,"ELEVTYP_T":0},"geometry":{"type":"LineString","coordinates":[[-74.587599228145,39.3162651361281],[-74.5877418689902,39.3165040693129],[-74.5878190536157,39.3166624097404],[-74.5878628625087,39.3167018603598]]}},{"type":"Feature","id":54650,"properties":{"OBJECTID":54650,"PRIMENAME":"Philadelphia Avenue","ELEVTYP_F":0,"ELEVTYP_T":0},"geometry":{"type":"LineString","coordinates":[[-74.5885236473317,39.3270522568842],[-74.5888295894731,39.3265781736846]]}},{"type":"Feature","id":54847,"properties":{"OBJECTID":54847,"PRIMENAME":"Pleasant Avenue","ELEVTYP_F":0,"ELEVTYP_T":0},"geometry":{"type":"LineString","coordinates":[[-74.5895676629929,39.3176451894024],[-74.5898824428095,39.3178172665886],[-74.5903824436827,39.3180960333338]]}},{"type":"Feature","id":54869,"properties":{"OBJECTID":54869,"PRIMENAME":"Atlantic Avenue","ELEVTYP_F":0,"ELEVTYP_T":0},"geometry":{"type":"LineString","coordinates":[[-74.590544523216,39.3244916659565],[-74.5903356116798,39.3248288222545],[-74.5900753939323,39.325248769431]]}},{"type":"Feature","id":55241,"properties":{"OBJECTID":55241,"PRIMENAME":"Columbus Place","ELEVTYP_F":0,"ELEVTYP_T":0},"geometry":{"type":"LineString","coordinates":[[-74.5863870625396,39.3272355447338],[-74.5860705667452,39.3276241563846],[-74.5859243575149,39.3278032643584],[-74.5858484244508,39.3278962808395]]}},{"type":"Feature","id":55542,"properties":{"OBJECTID":55542,"PRIMENAME":"Shore Road","ELEVTYP_F":0,"ELEVTYP_T":0},"geometry":{"type":"LineString","coordinates":[[-74.578587489479,39.33562346037],[-74.5784835435627,39.3357524134717]]}},{"type":"Feature","id":55612,"properties":{"OBJECTID":55612,"PRIMENAME":"Launch Avenue","ELEVTYP_F":0,"ELEVTYP_T":0},"geometry":{"type":"LineString","coordinates":[[-74.5866794328847,39.3159550403006],[-74.586378987175,39.3163313688525]]}},{"type":"Feature","id":55811,"properties":{"OBJECTID":55811,"PRIMENAME":"West Avenue","ELEVTYP_F":0,"ELEVTYP_T":0},"geometry":{"type":"LineString","coordinates":[[-74.5945375972307,39.3341119522326],[-74.5945376465327,39.3341485603522],[-74.5945339262563,39.3342474357611],[-74.5945259787732,39.3343314881123]]}},{"type":"Feature","id":56032,"properties":{"OBJECTID":56032,"PRIMENAME":"East Drive","ELEVTYP_F":0,"ELEVTYP_T":0},"geometry":{"type":"LineString","coordinates":[[-74.577224688088,39.3373190643139],[-74.5772115996926,39.3372812640702],[-74.5771979982137,39.3372589509437],[-74.5771765473753,39.3372371096417],[-74.5760660009601,39.3367819472843]]}},{"type":"Feature","id":56475,"properties":{"OBJECTID":56475,"PRIMENAME":"East Johnson Avenue","ELEVTYP_F":0,"ELEVTYP_T":0},"geometry":{"type":"LineString","coordinates":[[-74.5876133352228,39.3215389143239],[-74.5861982305922,39.3208891324666],[-74.5859102546899,39.3207567561054]]}},{"type":"Feature","id":56496,"properties":{"OBJECTID":56496,"PRIMENAME":"Adams Street","ELEVTYP_F":0,"ELEVTYP_T":0},"geometry":{"type":"LineString","coordinates":[[-74.5987205244393,39.3247509118546],[-74.5991372478204,39.3242510891266],[-74.5991602214671,39.3242232559946]]}},{"type":"Feature","id":56919,"properties":{"OBJECTID":56919,"PRIMENAME":"Meadow View Drive","ELEVTYP_F":0,"ELEVTYP_T":0},"geometry":{"type":"LineString","coordinates":[[-74.5746098272629,39.3372996827052],[-74.5738225100509,39.3369901149353]]}},{"type":"Feature","id":57282,"properties":{"OBJECTID":57282,"PRIMENAME":"FR US 9 NB to BETHEL RD","ELEVTYP_F":0,"ELEVTYP_T":0},"geometry":{"type":"LineString","coordinates":[[-74.5947352453226,39.3296115381497],[-74.59464683896,39.3296218234987],[-74.5945894668356,39.3296269498257],[-74.5945501168076,39.3296257467793],[-74.5945222514756,39.3296206347695],[-74.5944894580271,39.3296053952963],[-74.5944648610888,39.3295863324124],[-74.5944402453288,39.3295532672825],[-74.5943631078231,39.3293981708979]]}},{"type":"Feature","id":57756,"properties":{"OBJECTID":57756,"PRIMENAME":"West New York Avenue","ELEVTYP_F":0,"ELEVTYP_T":0},"geometry":{"type":"LineString","coordinates":[[-74.5985320539999,39.3162762480377],[-74.5973923634136,39.3158459953566]]}},{"type":"Feature","id":58243,"properties":{"OBJECTID":58243,"PRIMENAME":"Village Drive","ELEVTYP_F":0,"ELEVTYP_T":0},"geometry":{"type":"LineString","coordinates":[[-74.6096557111003,39.315488007001],[-74.6097993372534,39.315540972942],[-74.6098511582989,39.3155574189005]]}},{"type":"Feature","id":60287,"properties":{"OBJECTID":60287,"PRIMENAME":"East Meyran Avenue","ELEVTYP_F":0,"ELEVTYP_T":0},"geometry":{"type":"LineString","coordinates":[[-74.5840102119741,39.3231072181914],[-74.5842609310074,39.323235782393],[-74.5849698441954,39.3235808125905],[-74.5856873915458,39.3239272589835]]}},{"type":"Feature","id":60809,"properties":{"OBJECTID":60809,"PRIMENAME":"Garden State Parkway","ELEVTYP_F":0,"ELEVTYP_T":0},"geometry":{"type":"LineString","coordinates":[[-74.6186068898849,39.308112091857],[-74.6185478836549,39.3079963104427],[-74.6184937439652,39.3078322555425],[-74.6184561726868,39.3076424834329],[-74.6184291389205,39.3074950534212],[-74.618410158019,39.3073915462774],[-74.6183516350194,39.3070795301647],[-74.6182722672541,39.3066452410856],[-74.6182261371628,39.3063042446845],[-74.6181966020054,39.3059954113095],[-74.618194104194,39.3057023039656],[-74.6182100811788,39.3053281483859],[-74.6182676169407,39.3049797535969],[-74.6183004806927,39.3047732977865],[-74.6183662968679,39.3044119929867],[-74.6184321220831,39.3040571388762],[-74.6184652554645,39.3039107465577],[-74.6184946097574,39.303757339799],[-74.6185362824094,39.3035924179414],[-74.6185951250266,39.303366127456],[-74.6186466235412,39.3031743538597],[-74.6186834535815,39.3030650353662],[-74.6187300806188,39.3029116109168],[-74.6187717975845,39.3027735296859],[-74.6188208591327,39.3026009305944],[-74.618865039799,39.3024609289663],[-74.6189337475253,39.3022327112529],[-74.6189852929816,39.3020696951467],[-74.6190392913386,39.3018990087395],[-74.6190859265778,39.3017513358345],[-74.619149786114,39.3015748875543],[-74.6192284208267,39.3013811689268],[-74.6192996761055,39.3012008781952],[-74.6193611215458,39.3010570238694],[-74.6194127258902,39.300930435681],[-74.6194766327526,39.3007827448795],[-74.6195405132585,39.3006197158289],[-74.6195847564997,39.300518058961],[-74.619648643044,39.3003588646225],[-74.6197051917698,39.3002380220344],[-74.6197936248835,39.300004031719],[-74.6198845944555,39.2998102999053],[-74.6200001048545,39.2995379372823],[-74.6200984072071,39.2993039356347],[-74.6201548985983,39.2991505012431],[-74.6202802833108,39.2988819620062],[-74.6203638617093,39.2986959060884],[-74.620437567521,39.2985098603181],[-74.6205063759409,39.2983449095364],[-74.6205678131398,39.2981991375714],[-74.6206710406129,39.2979612964024],[-74.6207447855274,39.2977982572911],[-74.6208122900536,39.2976586431958]]}},{"type":"Feature","id":61008,"properties":{"OBJECTID":61008,"PRIMENAME":"Schumans Alley","ELEVTYP_F":0,"ELEVTYP_T":0},"geometry":{"type":"LineString","coordinates":[[-74.5857300215895,39.3254588563212],[-74.5858414375407,39.3255350489097],[-74.5863031504171,39.3258098803192],[-74.5864329752333,39.3258775207637]]}},{"type":"Feature","id":61601,"properties":{"OBJECTID":61601,"PRIMENAME":"Northview Drive","ELEVTYP_F":0,"ELEVTYP_T":0},"geometry":{"type":"LineString","coordinates":[[-74.6009049774266,39.3292933726023],[-74.6013907886696,39.3286446659587],[-74.6019431761506,39.3278844240485],[-74.6027534180298,39.3267896372854]]}},{"type":"Feature","id":61682,"properties":{"OBJECTID":61682,"PRIMENAME":"Jordan Road","ELEVTYP_F":0,"ELEVTYP_T":0},"geometry":{"type":"LineString","coordinates":[[-74.6037608360682,39.3240736689323],[-74.6040481678547,39.3237872019044],[-74.6043513883084,39.3234886661053]]}},{"type":"Feature","id":62053,"properties":{"OBJECTID":62053,"PRIMENAME":"Somers Point Apartments Road","ELEVTYP_F":0,"ELEVTYP_T":0},"geometry":{"type":"LineString","coordinates":[[-74.6176993667145,39.311391908931],[-74.617399285643,39.3111911126659],[-74.617528505695,39.3110639697982],[-74.6178354003653,39.3112647606399],[-74.6176993667145,39.311391908931]]}},{"type":"Feature","id":62165,"properties":{"OBJECTID":62165,"PRIMENAME":"Unnamed Segment","ELEVTYP_F":0,"ELEVTYP_T":0},"geometry":{"type":"LineString","coordinates":[[-74.610222059136,39.3114548638856],[-74.6102718367835,39.3113267728249]]}},{"type":"Feature","id":62480,"properties":{"OBJECTID":62480,"PRIMENAME":"East Wilmont Avenue","ELEVTYP_F":0,"ELEVTYP_T":0},"geometry":{"type":"LineString","coordinates":[[-74.5851237251906,39.3246304046831],[-74.5837180073217,39.3239400593996],[-74.5834428964716,39.3238127744749]]}},{"type":"Feature","id":62920,"properties":{"OBJECTID":62920,"PRIMENAME":"Bay View Drive","ELEVTYP_F":0,"ELEVTYP_T":0},"geometry":{"type":"LineString","coordinates":[[-74.6070856723472,39.3110231181346],[-74.6068537092743,39.310976150083]]}},{"type":"Feature","id":63050,"properties":{"OBJECTID":63050,"PRIMENAME":"Shore Road","ELEVTYP_F":0,"ELEVTYP_T":0},"geometry":{"type":"LineString","coordinates":[[-74.5965698911065,39.3122821105297],[-74.5962941955728,39.3127693979547]]}},{"type":"Feature","id":63378,"properties":{"OBJECTID":63378,"PRIMENAME":"Mays Landing Road","ELEVTYP_F":0,"ELEVTYP_T":0},"geometry":{"type":"LineString","coordinates":[[-74.6210956187394,39.3144599662893],[-74.6216781491266,39.3146177854495],[-74.6218009675795,39.3146524717627]]}},{"type":"Feature","id":63437,"properties":{"OBJECTID":63437,"PRIMENAME":"Linwood Mews","ELEVTYP_F":0,"ELEVTYP_T":0},"geometry":{"type":"LineString","coordinates":[[-74.5929045757449,39.3325588654555],[-74.5927452257628,39.3326493702749],[-74.592697410966,39.3327218653158],[-74.5926425944498,39.332810942683],[-74.5923111978873,39.3331879109411]]}},{"type":"Feature","id":63534,"properties":{"OBJECTID":63534,"PRIMENAME":"Bay Avenue","ELEVTYP_F":0,"ELEVTYP_T":0},"geometry":{"type":"LineString","coordinates":[[-74.5898975745553,39.3154269002873],[-74.5898181074056,39.3155647613155],[-74.5897278753976,39.3157212954994],[-74.5894334879252,39.3162334568605],[-74.5892041243078,39.3166533123328],[-74.5891467587606,39.3167396535708],[-74.5890549400472,39.3168617691315],[-74.5888559922435,39.3171029930807],[-74.5887702309462,39.317208713436]]}},{"type":"Feature","id":64401,"properties":{"OBJECTID":64401,"PRIMENAME":"Whitman Drive","ELEVTYP_F":0,"ELEVTYP_T":0},"geometry":{"type":"LineString","coordinates":[[-74.6030456505977,39.3335652122565],[-74.6036075382507,39.3329514098552]]}},{"type":"Feature","id":64448,"properties":{"OBJECTID":64448,"PRIMENAME":"Shore Road","ELEVTYP_F":0,"ELEVTYP_T":0},"geometry":{"type":"LineString","coordinates":[[-74.5804367751038,39.3333250469687],[-74.5800434709943,39.3338144076637],[-74.5799422836721,39.3339398452347]]}},{"type":"Feature","id":64629,"properties":{"OBJECTID":64629,"PRIMENAME":"Medical Center Way","ELEVTYP_F":0,"ELEVTYP_T":0},"geometry":{"type":"LineString","coordinates":[[-74.5946298701273,39.3155086587551],[-74.5929354435235,39.3147507301151]]}},{"type":"Feature","id":64694,"properties":{"OBJECTID":64694,"PRIMENAME":"10th Street","ELEVTYP_F":0,"ELEVTYP_T":0},"geometry":{"type":"LineString","coordinates":[[-74.6065417172014,39.319317268705],[-74.6069318824383,39.3186828204298],[-74.6071979116558,39.3182871689438]]}},{"type":"Feature","id":64766,"properties":{"OBJECTID":64766,"PRIMENAME":"Merion Drive","ELEVTYP_F":0,"ELEVTYP_T":0},"geometry":{"type":"LineString","coordinates":[[-74.609599437857,39.3193836207785],[-74.6114073031351,39.3205833917614],[-74.6122442008764,39.3211396061472],[-74.6122844541427,39.3211557946156],[-74.6123297803611,39.3211604738615],[-74.6123802948278,39.3211604800556]]}},{"type":"Feature","id":64873,"properties":{"OBJECTID":64873,"PRIMENAME":"West Wilmont Avenue","ELEVTYP_F":0,"ELEVTYP_T":0},"geometry":{"type":"LineString","coordinates":[[-74.5888295894731,39.3265781736846],[-74.5875885253071,39.3258792927845],[-74.5869990091871,39.325546984684],[-74.5867882821187,39.3254365732681]]}},{"type":"Feature","id":64922,"properties":{"OBJECTID":64922,"PRIMENAME":"Colwick Drive","ELEVTYP_F":0,"ELEVTYP_T":0},"geometry":{"type":"LineString","coordinates":[[-74.6088759169533,39.3197678733436],[-74.6087613949619,39.3198874447661],[-74.608641542874,39.3200575432913],[-74.6084489508342,39.3203709238382],[-74.6083034650984,39.3206076548822],[-74.6082778598821,39.3206909834179],[-74.6082779677844,39.3207609703761],[-74.6082952254219,39.3208342644886],[-74.6083382631013,39.3209142069478],[-74.608419953561,39.3210274174442],[-74.6085574676059,39.321190575596],[-74.6087164801128,39.3213570357117],[-74.6088711388846,39.3214968391451],[-74.6090271355874,39.3216098157359],[-74.6092275790173,39.3217297794806],[-74.6094164966425,39.3218262226136],[-74.6094577038001,39.3218421913622]]}},{"type":"Feature","id":65050,"properties":{"OBJECTID":65050,"PRIMENAME":"Great Bay Drive","ELEVTYP_F":0,"ELEVTYP_T":0},"geometry":{"type":"LineString","coordinates":[[-74.6046991084478,39.3100945476164],[-74.6041673540184,39.309942417194],[-74.6040399878823,39.3099308619027],[-74.6039539703184,39.309945482437],[-74.6038936102395,39.3099833751458],[-74.6037968871679,39.3100794750235],[-74.6036938473185,39.3101172363196],[-74.6035384177139,39.3101503139394],[-74.6034324491606,39.3101751148495],[-74.6032522895703,39.3102109597469],[-74.6031710505708,39.3102329927925]]}},{"type":"Feature","id":65147,"properties":{"OBJECTID":65147,"PRIMENAME":"Devon Avenue","ELEVTYP_F":0,"ELEVTYP_T":0},"geometry":{"type":"LineString","coordinates":[[-74.5738225100509,39.3369901149353],[-74.5744594456377,39.3361947505729],[-74.5745046100703,39.3361407692625]]}},{"type":"Feature","id":65286,"properties":{"OBJECTID":65286,"PRIMENAME":"2nd Street","ELEVTYP_F":0,"ELEVTYP_T":0},"geometry":{"type":"LineString","coordinates":[[-74.5977672372102,39.3152500027956],[-74.5980374581319,39.3148188393694]]}},{"type":"Feature","id":65389,"properties":{"OBJECTID":65389,"PRIMENAME":"West New York Avenue","ELEVTYP_F":0,"ELEVTYP_T":0},"geometry":{"type":"LineString","coordinates":[[-74.6042482498374,39.3184500308869],[-74.6053858734592,39.3188834303998]]}},{"type":"Feature","id":65583,"properties":{"OBJECTID":65583,"PRIMENAME":"Colwick Drive","ELEVTYP_F":0,"ELEVTYP_T":0},"geometry":{"type":"LineString","coordinates":[[-74.6125122864158,39.3221953127967],[-74.6122655311935,39.3220334457245],[-74.6117754484101,39.3217057241999]]}},{"type":"Feature","id":65613,"properties":{"OBJECTID":65613,"PRIMENAME":"Clivden Avenue","ELEVTYP_F":0,"ELEVTYP_T":0},"geometry":{"type":"LineString","coordinates":[[-74.6230868557685,39.3148898022621],[-74.6232512948771,39.3138468414247],[-74.6233007368665,39.3135407537798]]}},{"type":"Feature","id":65752,"properties":{"OBJECTID":65752,"PRIMENAME":"Wabash Avenue","ELEVTYP_F":0,"ELEVTYP_T":0},"geometry":{"type":"LineString","coordinates":[[-74.5849509451138,39.3319486402913],[-74.5845339350982,39.3324564398885],[-74.5842831468308,39.332761821065],[-74.5842355948315,39.3328239320089],[-74.5841931312149,39.3328882282939],[-74.5841559218251,39.3329544588287],[-74.5841241119886,39.3330223649676],[-74.5840545986174,39.3331951462141],[-74.5840352774407,39.3332377317834],[-74.5840120660351,39.3332791291527]]}},{"type":"Feature","id":65879,"properties":{"OBJECTID":65879,"PRIMENAME":"Atkinson Avenue","ELEVTYP_F":0,"ELEVTYP_T":0},"geometry":{"type":"LineString","coordinates":[[-74.6155185550107,39.3101989605295],[-74.615524094076,39.3101799695576],[-74.6155332415391,39.3101618401648],[-74.6155457899208,39.3101449835498],[-74.6155614546049,39.3101297820428],[-74.6156757727206,39.3100347548154],[-74.615677364955,39.3100334299329],[-74.6158333142519,39.3099119699359],[-74.6159335341151,39.3098165673258],[-74.6161021708458,39.3096497066562],[-74.6162081651739,39.3095448268549],[-74.6164091899505,39.3093495126162],[-74.616568196248,39.3091950219028],[-74.6170641945218,39.3087207267526]]}},{"type":"Feature","id":65972,"properties":{"OBJECTID":65972,"PRIMENAME":"West Pierson Avenue","ELEVTYP_F":0,"ELEVTYP_T":0},"geometry":{"type":"LineString","coordinates":[[-74.5905155869134,39.3239283277332],[-74.5908187149621,39.324060406052]]}},{"type":"Feature","id":65974,"properties":{"OBJECTID":65974,"PRIMENAME":"Marks Road","ELEVTYP_F":0,"ELEVTYP_T":0},"geometry":{"type":"LineString","coordinates":[[-74.5979393401604,39.3194599941398],[-74.5978253441164,39.3194373002552],[-74.5977481258869,39.3194507098051],[-74.5976109737796,39.319527457286],[-74.5968265738863,39.3200312873124],[-74.5966165463191,39.3201714098386],[-74.5963808209491,39.3203382138016],[-74.5961321906121,39.3204783944267],[-74.5958779395103,39.3206451856364]]}},{"type":"Feature","id":66063,"properties":{"OBJECTID":66063,"PRIMENAME":"East Connecticut Avenue","ELEVTYP_F":0,"ELEVTYP_T":0},"geometry":{"type":"LineString","coordinates":[[-74.592455336947,39.315396761797],[-74.5941512104013,39.3161448673598]]}},{"type":"Feature","id":66154,"properties":{"OBJECTID":66154,"PRIMENAME":"Whitman Drive","ELEVTYP_F":0,"ELEVTYP_T":0},"geometry":{"type":"LineString","coordinates":[[-74.6044779988264,39.3320075708353],[-74.60477316194,39.3316885588725],[-74.6050333526934,39.3313911314808]]}},{"type":"Feature","id":66252,"properties":{"OBJECTID":66252,"PRIMENAME":"West Pierson Avenue","ELEVTYP_F":0,"ELEVTYP_T":0},"geometry":{"type":"LineString","coordinates":[[-74.5908187149621,39.324060406052],[-74.5909559546321,39.3241201823811],[-74.5923697053255,39.3247333898364],[-74.5938370818818,39.3253784968408],[-74.5938461786375,39.3253821324025],[-74.5942608925827,39.3255478652364]]}},{"type":"Feature","id":66381,"properties":{"OBJECTID":66381,"PRIMENAME":"West Connecticut Avenue","ELEVTYP_F":0,"ELEVTYP_T":0},"geometry":{"type":"LineString","coordinates":[[-74.5977214952097,39.3175612563934],[-74.5987112643978,39.3179370200666],[-74.5988621052657,39.3179948811901]]}},{"type":"Feature","id":66443,"properties":{"OBJECTID":66443,"PRIMENAME":"Gould Avenue","ELEVTYP_F":0,"ELEVTYP_T":0},"geometry":{"type":"LineString","coordinates":[[-74.5957734550855,39.3238366567911],[-74.5960392945803,39.3234964845565],[-74.5960589844458,39.3234244030984]]}},{"type":"Feature","id":66455,"properties":{"OBJECTID":66455,"PRIMENAME":"Bay Avenue","ELEVTYP_F":0,"ELEVTYP_T":0},"geometry":{"type":"LineString","coordinates":[[-74.5947866264077,39.3105262208649],[-74.5943844408181,39.3108393095388],[-74.5943140021666,39.3108941435123]]}},{"type":"Feature","id":66650,"properties":{"OBJECTID":66650,"PRIMENAME":"Sunny Avenue","ELEVTYP_F":0,"ELEVTYP_T":0},"geometry":{"type":"LineString","coordinates":[[-74.5897085453102,39.3189350620124],[-74.589802918123,39.3188183795319],[-74.5903824436827,39.3180960333338]]}},{"type":"Feature","id":67126,"properties":{"OBJECTID":67126,"PRIMENAME":"West Cedar Avenue","ELEVTYP_F":0,"ELEVTYP_T":0},"geometry":{"type":"LineString","coordinates":[[-74.5941762925566,39.3237269101258],[-74.5935915015858,39.3234749976946],[-74.5935836401471,39.323471266533],[-74.5934435850417,39.3234047844826]]}},{"type":"Feature","id":67149,"properties":{"OBJECTID":67149,"PRIMENAME":"2nd Street","ELEVTYP_F":0,"ELEVTYP_T":0},"geometry":{"type":"LineString","coordinates":[[-74.597099413549,39.316310262253],[-74.5973923634136,39.3158459953566]]}},{"type":"Feature","id":67666,"properties":{"OBJECTID":67666,"PRIMENAME":"Shore Road","ELEVTYP_F":0,"ELEVTYP_T":0},"geometry":{"type":"LineString","coordinates":[[-74.5941512104013,39.3161448673598],[-74.5937332577112,39.3166943980755],[-74.5933694696252,39.3171772459371]]}},{"type":"Feature","id":67911,"properties":{"OBJECTID":67911,"PRIMENAME":"West Wilmont Avenue","ELEVTYP_F":0,"ELEVTYP_T":0},"geometry":{"type":"LineString","coordinates":[[-74.5937994974004,39.3293946844732],[-74.5926345226721,39.3287261520509],[-74.5915255207027,39.3280999138764],[-74.591234670706,39.3279364993489]]}},{"type":"Feature","id":68109,"properties":{"OBJECTID":68109,"PRIMENAME":"Chapman Boulevard","ELEVTYP_F":0,"ELEVTYP_T":0},"geometry":{"type":"LineString","coordinates":[[-74.6009049774266,39.3292933726023],[-74.6006750685033,39.3291917886777],[-74.6002729505731,39.3290141051511]]}},{"type":"Feature","id":68355,"properties":{"OBJECTID":68355,"PRIMENAME":"West Avenue","ELEVTYP_F":0,"ELEVTYP_T":0},"geometry":{"type":"LineString","coordinates":[[-74.5889389962475,39.3365135921032],[-74.5886515577912,39.3366310900484],[-74.5885948738429,39.3366541967263]]}},{"type":"Feature","id":68541,"properties":{"OBJECTID":68541,"PRIMENAME":"Pacific Avenue","ELEVTYP_F":0,"ELEVTYP_T":0},"geometry":{"type":"LineString","coordinates":[[-74.6082524430308,39.3305722384983],[-74.6084512751684,39.3302078191833]]}},{"type":"Feature","id":68580,"properties":{"OBJECTID":68580,"PRIMENAME":"West New York Avenue","ELEVTYP_F":0,"ELEVTYP_T":0},"geometry":{"type":"LineString","coordinates":[[-74.5968017966945,39.3156216703024],[-74.596236908742,39.3154066841021]]}},{"type":"Feature","id":68860,"properties":{"OBJECTID":68860,"PRIMENAME":"West Groveland Avenue","ELEVTYP_F":0,"ELEVTYP_T":0},"geometry":{"type":"LineString","coordinates":[[-74.6041857657073,39.3275120181258],[-74.6044721953354,39.3276562943835]]}},{"type":"Feature","id":69148,"properties":{"OBJECTID":69148,"PRIMENAME":"Vassar Drive","ELEVTYP_F":0,"ELEVTYP_T":0},"geometry":{"type":"LineString","coordinates":[[-74.6090454151894,39.3198817426365],[-74.609599437857,39.3193836207785]]}},{"type":"Feature","id":69360,"properties":{"OBJECTID":69360,"PRIMENAME":"West Connecticut Avenue","ELEVTYP_F":0,"ELEVTYP_T":0},"geometry":{"type":"LineString","coordinates":[[-74.5947999359611,39.3164347253058],[-74.595256086501,39.3166403074589],[-74.5954245629232,39.3167007673834]]}},{"type":"Feature","id":69445,"properties":{"OBJECTID":69445,"PRIMENAME":"Bethel Road","ELEVTYP_F":0,"ELEVTYP_T":0},"geometry":{"type":"LineString","coordinates":[[-74.5933694696252,39.3171772459371],[-74.5934008066815,39.3172181043385],[-74.5934216530111,39.3172379118713],[-74.5935198553331,39.3172967004533],[-74.5937553453797,39.3174583147187],[-74.593905878197,39.3175810358714],[-74.5939157927602,39.3175942617619]]}},{"type":"Feature","id":69694,"properties":{"OBJECTID":69694,"PRIMENAME":"Shore Road","ELEVTYP_F":0,"ELEVTYP_T":0},"geometry":{"type":"LineString","coordinates":[[-74.5950705981225,39.3149007052835],[-74.5949916437544,39.3150384937641],[-74.5948615785574,39.3152022979892],[-74.5946298701273,39.3155086587551]]}},{"type":"Feature","id":70423,"properties":{"OBJECTID":70423,"PRIMENAME":"Village Drive","ELEVTYP_F":0,"ELEVTYP_T":0},"geometry":{"type":"LineString","coordinates":[[-74.6096557111003,39.315488007001],[-74.609649360596,39.3154277177439],[-74.6096423381528,39.3153893937231],[-74.6096263320907,39.3153482784247],[-74.6095938671746,39.3152924340579],[-74.6095578458972,39.3152449399928],[-74.609513877251,39.3152009954027],[-74.6094674521844,39.3151456857039],[-74.6094208730496,39.3150829912382],[-74.6093811900735,39.3150215243922],[-74.6092963799856,39.3148763843391]]}},{"type":"Feature","id":70572,"properties":{"OBJECTID":70572,"PRIMENAME":"Shore Road","ELEVTYP_F":0,"ELEVTYP_T":0},"geometry":{"type":"LineString","coordinates":[[-74.5796521009421,39.3342997282205],[-74.5794330591354,39.3345713443682],[-74.578708206177,39.3354737663163],[-74.578587489479,39.33562346037]]}},{"type":"Feature","id":71049,"properties":{"OBJECTID":71049,"PRIMENAME":"Grammercy Avenue","ELEVTYP_F":0,"ELEVTYP_T":0},"geometry":{"type":"LineString","coordinates":[[-74.5888214915215,39.3309919549028],[-74.5887178149252,39.3311182253997],[-74.5883573775859,39.3315418568998]]}},{"type":"Feature","id":71282,"properties":{"OBJECTID":71282,"PRIMENAME":"Sunny Avenue","ELEVTYP_F":0,"ELEVTYP_T":0},"geometry":{"type":"LineString","coordinates":[[-74.592455336947,39.315396761797],[-74.5926652658601,39.3151142826138],[-74.5929354435235,39.3147507301151]]}},{"type":"Feature","id":71658,"properties":{"OBJECTID":71658,"PRIMENAME":"Defeo Lane","ELEVTYP_F":0,"ELEVTYP_T":0},"geometry":{"type":"LineString","coordinates":[[-74.6009685208268,39.331490195761],[-74.6009186067725,39.3314708544335],[-74.6007855498681,39.3314343147004],[-74.6004636163104,39.3313646060703],[-74.6002825502079,39.3313295070526]]}},{"type":"Feature","id":71766,"properties":{"OBJECTID":71766,"PRIMENAME":"Atlantic Avenue","ELEVTYP_F":0,"ELEVTYP_T":0},"geometry":{"type":"LineString","coordinates":[[-74.5873938961501,39.3289140095305],[-74.5870853073813,39.3293061085471],[-74.5870404696211,39.3293633780213]]}},{"type":"Feature","id":71786,"properties":{"OBJECTID":71786,"PRIMENAME":"Unnamed Segment","ELEVTYP_F":0,"ELEVTYP_T":0},"geometry":{"type":"LineString","coordinates":[[-74.597461715898,39.3145994470145],[-74.5968017966945,39.3156216703024]]}},{"type":"Feature","id":71890,"properties":{"OBJECTID":71890,"PRIMENAME":"5th Street","ELEVTYP_F":0,"ELEVTYP_T":0},"geometry":{"type":"LineString","coordinates":[[-74.6002955969523,39.3179893995102],[-74.6007625729582,39.3172459842675],[-74.6008224184971,39.3171495036922]]}},{"type":"Feature","id":71940,"properties":{"OBJECTID":71940,"PRIMENAME":"Colgate Road","ELEVTYP_F":0,"ELEVTYP_T":0},"geometry":{"type":"LineString","coordinates":[[-74.6108452388537,39.3258620507946],[-74.6098268541425,39.3250221775775],[-74.6097202717527,39.3249342774871],[-74.608907320019,39.3242668497557]]}},{"type":"Feature","id":72146,"properties":{"OBJECTID":72146,"PRIMENAME":"Malvern Road","ELEVTYP_F":0,"ELEVTYP_T":0},"geometry":{"type":"LineString","coordinates":[[-74.6166166708084,39.3208312782637],[-74.6173498336883,39.3210952803196],[-74.6175484215608,39.3211764902453]]}},{"type":"Feature","id":72180,"properties":{"OBJECTID":72180,"PRIMENAME":"Rhode Island Avenue","ELEVTYP_F":0,"ELEVTYP_T":0},"geometry":{"type":"LineString","coordinates":[[-74.5953693319649,39.31791034473],[-74.5959480329925,39.3181327373714]]}},{"type":"Feature","id":72430,"properties":{"OBJECTID":72430,"PRIMENAME":"Wendy Drive","ELEVTYP_F":0,"ELEVTYP_T":0},"geometry":{"type":"LineString","coordinates":[[-74.577224688088,39.3373190643139],[-74.5772336302663,39.3373481618496],[-74.5772510196474,39.3373739874302],[-74.5772746247124,39.3373937130795],[-74.5776154576656,39.3375401611859],[-74.5777574388603,39.3375898453501],[-74.577830708418,39.3375969073972],[-74.5779360272913,39.3375861839096],[-74.5780321647429,39.3375861194974],[-74.5781008343151,39.337589615437],[-74.5781787197633,39.3376144670266],[-74.5792597199888,39.3380581520181],[-74.5794108687803,39.3381149398354],[-74.5794887552414,39.3381397617192],[-74.5795574455938,39.3381610487411],[-74.5796581879437,39.3381680638309],[-74.5797360114902,39.3381680105436],[-74.5799187636203,39.3381868581269]]}},{"type":"Feature","id":72475,"properties":{"OBJECTID":72475,"PRIMENAME":"4th Street","ELEVTYP_F":0,"ELEVTYP_T":0},"geometry":{"type":"LineString","coordinates":[[-74.59767581383,39.3198906298119],[-74.597759893765,39.3197532199699]]}},{"type":"Feature","id":72677,"properties":{"OBJECTID":72677,"PRIMENAME":"1st Street","ELEVTYP_F":0,"ELEVTYP_T":0},"geometry":{"type":"LineString","coordinates":[[-74.5929176837727,39.3207243834006],[-74.5924295311649,39.3214925497088]]}},{"type":"Feature","id":72705,"properties":{"OBJECTID":72705,"PRIMENAME":"Montgomery Avenue","ELEVTYP_F":0,"ELEVTYP_T":0},"geometry":{"type":"LineString","coordinates":[[-74.5931004399189,39.3259506030932],[-74.5924812293927,39.3266051746624]]}},{"type":"Feature","id":72933,"properties":{"OBJECTID":72933,"PRIMENAME":"Bethel Road","ELEVTYP_F":0,"ELEVTYP_T":0},"geometry":{"type":"LineString","coordinates":[[-74.5945027295783,39.33302540479],[-74.5945373358496,39.3339178685702],[-74.5945375972307,39.3341119522326]]}},{"type":"Feature","id":73270,"properties":{"OBJECTID":73270,"PRIMENAME":"West Connecticut Avenue","ELEVTYP_F":0,"ELEVTYP_T":0},"geometry":{"type":"LineString","coordinates":[[-74.6011543717343,39.3188706552026],[-74.6020163922958,39.3191971071808],[-74.6022991566185,39.3193020734151]]}},{"type":"Feature","id":73547,"properties":{"OBJECTID":73547,"PRIMENAME":"Shore Road","ELEVTYP_F":0,"ELEVTYP_T":0},"geometry":{"type":"LineString","coordinates":[[-74.581645360029,39.3318245117691],[-74.5814032687931,39.3321236119134],[-74.581298564651,39.332252971698],[-74.5809470380082,39.3326902753412]]}},{"type":"Feature","id":73714,"properties":{"OBJECTID":73714,"PRIMENAME":"Arbor Court East","ELEVTYP_F":0,"ELEVTYP_T":0},"geometry":{"type":"LineString","coordinates":[[-74.578998033819,39.3313027089269],[-74.5789466910818,39.3312957147093],[-74.5788632633075,39.3312719114029],[-74.5784460836978,39.3311187918825],[-74.5784132164176,39.3310983033935],[-74.5783917251156,39.3310700377132],[-74.5783864645031,39.3310447806284],[-74.5783886576511,39.3310237667629],[-74.5783896824939,39.3310139444971],[-74.5784238963741,39.3309108485037],[-74.5784720078591,39.3307471732915]]}},{"type":"Feature","id":73822,"properties":{"OBJECTID":73822,"PRIMENAME":"West Connecticut Avenue","ELEVTYP_F":0,"ELEVTYP_T":0},"geometry":{"type":"LineString","coordinates":[[-74.6045915261929,39.3201663021302],[-74.6047420940306,39.3202243756526],[-74.6055189531469,39.3205194586538]]}},{"type":"Feature","id":74081,"properties":{"OBJECTID":74081,"PRIMENAME":"Greenwich Avenue","ELEVTYP_F":0,"ELEVTYP_T":0},"geometry":{"type":"LineString","coordinates":[[-74.582486572216,39.3353865834596],[-74.5822660592372,39.33530209009]]}},{"type":"Feature","id":74346,"properties":{"OBJECTID":74346,"PRIMENAME":"West Maryland Avenue","ELEVTYP_F":0,"ELEVTYP_T":0},"geometry":{"type":"LineString","coordinates":[[-74.5929176837727,39.3207243834006],[-74.5934167546168,39.3209969049604],[-74.5941043707778,39.321364850423]]}},{"type":"Feature","id":74502,"properties":{"OBJECTID":74502,"PRIMENAME":"Massachusetts Avenue","ELEVTYP_F":0,"ELEVTYP_T":0},"geometry":{"type":"LineString","coordinates":[[-74.6051588313665,39.3239829598698],[-74.6058341251958,39.3243950256169],[-74.6059614787394,39.3244775000761]]}},{"type":"Feature","id":74686,"properties":{"OBJECTID":74686,"PRIMENAME":"East Groveland Avenue","ELEVTYP_F":0,"ELEVTYP_T":0},"geometry":{"type":"LineString","coordinates":[[-74.5889220421231,39.3199111823156],[-74.5894638332936,39.32016037782],[-74.5901460172839,39.3204641650865],[-74.5906168031484,39.3206738094079]]}},{"type":"Feature","id":74769,"properties":{"OBJECTID":74769,"PRIMENAME":"Somers Point Apartments Road","ELEVTYP_F":0,"ELEVTYP_T":0},"geometry":{"type":"LineString","coordinates":[[-74.6180809343862,39.3116256619519],[-74.6176993667145,39.311391908931]]}},{"type":"Feature","id":75107,"properties":{"OBJECTID":75107,"PRIMENAME":"Shore Road","ELEVTYP_F":0,"ELEVTYP_T":0},"geometry":{"type":"LineString","coordinates":[[-74.5823357179321,39.3309664109417],[-74.5820386099898,39.3313386614167],[-74.5819024429074,39.3315069023442]]}},{"type":"Feature","id":75633,"properties":{"OBJECTID":75633,"PRIMENAME":"Warwick Avenue","ELEVTYP_F":0,"ELEVTYP_T":0},"geometry":{"type":"LineString","coordinates":[[-74.5826417785299,39.3254069994745],[-74.5823708218411,39.3257206669989],[-74.5820980677952,39.326070467727]]}},{"type":"Feature","id":76088,"properties":{"OBJECTID":76088,"PRIMENAME":"West Dawes Avenue","ELEVTYP_F":0,"ELEVTYP_T":0},"geometry":{"type":"LineString","coordinates":[[-74.5897776227966,39.3250794525913],[-74.5894038633701,39.3248668668747],[-74.5879096953278,39.3240427610165]]}},{"type":"Feature","id":76529,"properties":{"OBJECTID":76529,"PRIMENAME":"Kirklin Avenue","ELEVTYP_F":0,"ELEVTYP_T":0},"geometry":{"type":"LineString","coordinates":[[-74.5927085163647,39.334990568002],[-74.5926076255999,39.3348958404108],[-74.5924055477298,39.3347494089459],[-74.5919617324862,39.3344361476443],[-74.5915750805277,39.3341943930916]]}},{"type":"Feature","id":77020,"properties":{"OBJECTID":77020,"PRIMENAME":"West Connecticut Avenue","ELEVTYP_F":0,"ELEVTYP_T":0},"geometry":{"type":"LineString","coordinates":[[-74.5941512104013,39.3161448673598],[-74.5944147720363,39.3162611258403],[-74.5947999359611,39.3164347253058]]}},{"type":"Feature","id":77611,"properties":{"OBJECTID":77611,"PRIMENAME":"Pacific Avenue","ELEVTYP_F":0,"ELEVTYP_T":0},"geometry":{"type":"LineString","coordinates":[[-74.6080655905786,39.3300036102254],[-74.6071322616391,39.3296821977278]]}},{"type":"Feature","id":77753,"properties":{"OBJECTID":77753,"PRIMENAME":"9th Street","ELEVTYP_F":0,"ELEVTYP_T":0},"geometry":{"type":"LineString","coordinates":[[-74.6060419835987,39.3178588285219],[-74.6059450242719,39.3179995783139],[-74.6056185479862,39.3185145552439],[-74.6053858734592,39.3188834303998]]}},{"type":"Feature","id":78077,"properties":{"OBJECTID":78077,"PRIMENAME":"West Avenue","ELEVTYP_F":0,"ELEVTYP_T":0},"geometry":{"type":"LineString","coordinates":[[-74.5918342992651,39.335347376861],[-74.5915222413002,39.3354745760717],[-74.5913372760475,39.3355499699008],[-74.5912136591946,39.3356003574428],[-74.5910759061323,39.3356576723595],[-74.5907328841787,39.3358003912638],[-74.5905003997191,39.3358971187194],[-74.5903276925388,39.3359609529823]]}},{"type":"Feature","id":78240,"properties":{"OBJECTID":78240,"PRIMENAME":"Massachusetts Avenue","ELEVTYP_F":0,"ELEVTYP_T":0},"geometry":{"type":"LineString","coordinates":[[-74.6009243534788,39.3214981791081],[-74.6011635849562,39.3215858613083],[-74.6020533345781,39.321924507404]]}},{"type":"Feature","id":78734,"properties":{"OBJECTID":78734,"PRIMENAME":"Braddock Avenue","ELEVTYP_F":0,"ELEVTYP_T":0},"geometry":{"type":"LineString","coordinates":[[-74.6013162377513,39.3110573948035],[-74.6006502550745,39.3107701137037],[-74.6003802742634,39.3106557691793],[-74.6002218669995,39.3105860274735],[-74.6001209751457,39.3105470431456],[-74.6000365819123,39.3105283904096],[-74.5999500379043,39.3105131436469],[-74.5998853632872,39.3104919200534],[-74.5998270055124,39.3104637439055],[-74.5998259794675,39.3104630583627]]}},{"type":"Feature","id":79016,"properties":{"OBJECTID":79016,"PRIMENAME":"Marks Road","ELEVTYP_F":0,"ELEVTYP_T":0},"geometry":{"type":"LineString","coordinates":[[-74.5958779395103,39.3206451856364],[-74.5957694653533,39.3207163501788],[-74.5957507602138,39.3207286220627],[-74.5955605503039,39.3208461203998],[-74.5952106151054,39.3210622821776],[-74.5948393452455,39.3212982962371],[-74.5944696325987,39.3215333169431],[-74.5944390305199,39.3215527696608],[-74.5942333068083,39.3216928843625],[-74.5941775601105,39.3217195900102],[-74.5941148806148,39.3217430889286]]}},{"type":"Feature","id":79337,"properties":{"OBJECTID":79337,"PRIMENAME":"Bay View Drive","ELEVTYP_F":0,"ELEVTYP_T":0},"geometry":{"type":"LineString","coordinates":[[-74.6081625516956,39.3108854911639],[-74.6080575297363,39.3110994237338]]}},{"type":"Feature","id":79718,"properties":{"OBJECTID":79718,"PRIMENAME":"Bay Avenue","ELEVTYP_F":0,"ELEVTYP_T":0},"geometry":{"type":"LineString","coordinates":[[-74.5925893943299,39.312490914443],[-74.5921305069614,39.3129484088208],[-74.5920392219669,39.3130391167093]]}},{"type":"Feature","id":79920,"properties":{"OBJECTID":79920,"PRIMENAME":"Unnamed Segment","ELEVTYP_F":0,"ELEVTYP_T":0},"geometry":{"type":"LineString","coordinates":[[-74.6058703265763,39.3288890287993],[-74.6051193381165,39.3285178217557],[-74.605047459362,39.3284822918683]]}},{"type":"Feature","id":80966,"properties":{"OBJECTID":80966,"PRIMENAME":"Ramona Court","ELEVTYP_F":0,"ELEVTYP_T":0},"geometry":{"type":"LineString","coordinates":[[-74.5981267910889,39.320444551226],[-74.5982445577714,39.3204629042015],[-74.5985758947129,39.3205145435008],[-74.5986500345952,39.3205240905954]]}},{"type":"Feature","id":82651,"properties":{"OBJECTID":82651,"PRIMENAME":"Exton Road","ELEVTYP_F":0,"ELEVTYP_T":0},"geometry":{"type":"LineString","coordinates":[[-74.6078810568848,39.3286480299528],[-74.6076768761187,39.3288456333533],[-74.6076005992469,39.3289248007827]]}},{"type":"Feature","id":83279,"properties":{"OBJECTID":83279,"PRIMENAME":"Bay Avenue","ELEVTYP_F":0,"ELEVTYP_T":0},"geometry":{"type":"LineString","coordinates":[[-74.5917296095998,39.3133467963303],[-74.5916273769358,39.3134483925802]]}},{"type":"Feature","id":83377,"properties":{"OBJECTID":83377,"PRIMENAME":"Sunset Avenue","ELEVTYP_F":0,"ELEVTYP_T":0},"geometry":{"type":"LineString","coordinates":[[-74.5911810367084,39.3185412288816],[-74.5915593105611,39.3180626734633],[-74.5916291847697,39.3179742763593]]}},{"type":"Feature","id":83706,"properties":{"OBJECTID":83706,"PRIMENAME":"Campbell Avenue","ELEVTYP_F":0,"ELEVTYP_T":0},"geometry":{"type":"LineString","coordinates":[[-74.5841266500402,39.3261409565817],[-74.5844830342918,39.3257012233507],[-74.5846961681852,39.3254352587181]]}},{"type":"Feature","id":84043,"properties":{"OBJECTID":84043,"PRIMENAME":"Somers Point Apartments Road","ELEVTYP_F":0,"ELEVTYP_T":0},"geometry":{"type":"LineString","coordinates":[[-74.6172068027558,39.3122527580159],[-74.6168378932589,39.3118860703289]]}},{"type":"Feature","id":84243,"properties":{"OBJECTID":84243,"PRIMENAME":"Bayside Drive","ELEVTYP_F":0,"ELEVTYP_T":0},"geometry":{"type":"LineString","coordinates":[[-74.6241818661431,39.3136290682929],[-74.6242849952304,39.3130440184193],[-74.6242397257317,39.312902349372],[-74.6242403153121,39.3128947593628],[-74.6242513087415,39.3127532599661]]}},{"type":"Feature","id":84610,"properties":{"OBJECTID":84610,"PRIMENAME":"Atlantic Avenue","ELEVTYP_F":0,"ELEVTYP_T":0},"geometry":{"type":"LineString","coordinates":[[-74.5893003025363,39.3258259061513],[-74.5894005069138,39.3256649319976],[-74.5895488113726,39.3254266839928],[-74.5896083461087,39.3253363377922],[-74.5897776227966,39.3250794525913]]}},{"type":"Feature","id":85152,"properties":{"OBJECTID":85152,"PRIMENAME":"Ocean Heights Avenue","ELEVTYP_F":0,"ELEVTYP_T":0},"geometry":{"type":"LineString","coordinates":[[-74.5877114446239,39.3297007040196],[-74.5878548590988,39.3297728339573],[-74.5887699751438,39.3302336078445]]}},{"type":"Feature","id":85577,"properties":{"OBJECTID":85577,"PRIMENAME":"3rd Street","ELEVTYP_F":0,"ELEVTYP_T":0},"geometry":{"type":"LineString","coordinates":[[-74.5998999106977,39.3141112554691],[-74.59961714233,39.3145594026833]]}},{"type":"Feature","id":85620,"properties":{"OBJECTID":85620,"PRIMENAME":"East Laurel Drive","ELEVTYP_F":0,"ELEVTYP_T":0},"geometry":{"type":"LineString","coordinates":[[-74.6029225842006,39.3140568109664],[-74.6029576144107,39.3140827541354],[-74.6032529147088,39.3142892984526],[-74.6043225714341,39.3150121922743],[-74.6049996694483,39.3154866984039]]}},{"type":"Feature","id":85921,"properties":{"OBJECTID":85921,"PRIMENAME":"Laurel Drive","ELEVTYP_F":0,"ELEVTYP_T":0},"geometry":{"type":"LineString","coordinates":[[-74.6054035737424,39.3159564784285],[-74.6053037316948,39.3159177994558]]}},{"type":"Feature","id":86017,"properties":{"OBJECTID":86017,"PRIMENAME":"6th Street","ELEVTYP_F":0,"ELEVTYP_T":0},"geometry":{"type":"LineString","coordinates":[[-74.6026036621845,39.3165523241189],[-74.6021424939688,39.3172863786472],[-74.6019595727357,39.3175802185473]]}},{"type":"Feature","id":86408,"properties":{"OBJECTID":86408,"PRIMENAME":"East Ocean Heights Avenue","ELEVTYP_F":0,"ELEVTYP_T":0},"geometry":{"type":"LineString","coordinates":[[-74.5846099169418,39.3281395229835],[-74.5845177240819,39.3280872841672],[-74.5842014215657,39.3279409211549],[-74.5839423419436,39.3278115666447],[-74.5831285535939,39.3274109152389],[-74.5830980922552,39.3273930490324],[-74.5830717862937,39.3273715667462],[-74.5828952703076,39.3272015043823]]}},{"type":"Feature","id":87156,"properties":{"OBJECTID":87156,"PRIMENAME":"Jordan Road","ELEVTYP_F":0,"ELEVTYP_T":0},"geometry":{"type":"LineString","coordinates":[[-74.608767521809,39.3185933677049],[-74.6091485290071,39.318244692623]]}},{"type":"Feature","id":87165,"properties":{"OBJECTID":87165,"PRIMENAME":"9th Street","ELEVTYP_F":0,"ELEVTYP_T":0},"geometry":{"type":"LineString","coordinates":[[-74.6045915261929,39.3201663021302],[-74.6040939813266,39.3209478155396],[-74.6039633736899,39.321152657888],[-74.603905271227,39.3212437858099],[-74.6037863767946,39.3214302606775],[-74.6036555469247,39.3216279729087],[-74.6035812751666,39.3217402121546]]}},{"type":"Feature","id":87235,"properties":{"OBJECTID":87235,"PRIMENAME":"West New York Avenue","ELEVTYP_F":0,"ELEVTYP_T":0},"geometry":{"type":"LineString","coordinates":[[-74.5956595003416,39.3151834963004],[-74.5952794318958,39.315036281284],[-74.5951667179074,39.3149884338313],[-74.5951342091312,39.3149695153314],[-74.5951063894951,39.3149416415783],[-74.5950705981225,39.3149007052835]]}},{"type":"Feature","id":87371,"properties":{"OBJECTID":87371,"PRIMENAME":"Franklin Boulevard","ELEVTYP_F":0,"ELEVTYP_T":0},"geometry":{"type":"LineString","coordinates":[[-74.5733114751574,39.3363343018147],[-74.5735984888524,39.3359819585438],[-74.5737441774154,39.3357966428985]]}},{"type":"Feature","id":87376,"properties":{"OBJECTID":87376,"PRIMENAME":"4th Street","ELEVTYP_F":0,"ELEVTYP_T":0},"geometry":{"type":"LineString","coordinates":[[-74.5991488182869,39.3175487099987],[-74.5996780981455,39.3167143905469]]}},{"type":"Feature","id":88074,"properties":{"OBJECTID":88074,"PRIMENAME":"Garden State Parkway","ELEVTYP_F":1,"ELEVTYP_T":0},"geometry":{"type":"LineString","coordinates":[[-74.6210956187394,39.3144599662893],[-74.62107683606,39.3143288512798],[-74.6210142099432,39.3140457798835],[-74.6209266038904,39.3136854992837],[-74.6208224733241,39.3133349267313],[-74.6207142057162,39.3130036061026],[-74.6207067532988,39.3129836427255],[-74.6206517812542,39.3128364035801],[-74.620522833846,39.3125019188869],[-74.6203648188913,39.3121385253499],[-74.620094518235,39.3115082003122],[-74.619790990489,39.3108102826401],[-74.6194832377053,39.3100770320744],[-74.6193436825779,39.3097547205311],[-74.6191922417144,39.3094048811886],[-74.6190524823691,39.3090856998065],[-74.6187514665787,39.3083982926952]]}},{"type":"Feature","id":88436,"properties":{"OBJECTID":88436,"PRIMENAME":"Shore Road","ELEVTYP_F":0,"ELEVTYP_T":0},"geometry":{"type":"LineString","coordinates":[[-74.5849836831121,39.3276806379279],[-74.5847307916045,39.3279949570277],[-74.5846099169418,39.3281395229835]]}},{"type":"Feature","id":89111,"properties":{"OBJECTID":89111,"PRIMENAME":"West New Jersey Avenue","ELEVTYP_F":0,"ELEVTYP_T":0},"geometry":{"type":"LineString","coordinates":[[-74.6021817373363,39.3149836137593],[-74.6026736803643,39.315171068698],[-74.6033174937039,39.3154195883266]]}},{"type":"Feature","id":89315,"properties":{"OBJECTID":89315,"PRIMENAME":"East Drive","ELEVTYP_F":0,"ELEVTYP_T":0},"geometry":{"type":"LineString","coordinates":[[-74.5752942699973,39.3364656799071],[-74.5750227836417,39.3363543804749],[-74.5745046100703,39.3361407692625]]}},{"type":"Feature","id":89667,"properties":{"OBJECTID":89667,"PRIMENAME":"Ocean Heights Avenue","ELEVTYP_F":0,"ELEVTYP_T":0},"geometry":{"type":"LineString","coordinates":[[-74.5887699751438,39.3302336078445],[-74.5891019153894,39.3304007308921],[-74.5892567942165,39.3304786452535]]}},{"type":"Feature","id":89842,"properties":{"OBJECTID":89842,"PRIMENAME":"10th Street","ELEVTYP_F":0,"ELEVTYP_T":0},"geometry":{"type":"LineString","coordinates":[[-74.6075095211542,39.3177672044749],[-74.6075848377289,39.3176685640064],[-74.6076897326456,39.3175648993025],[-74.6077900849408,39.3174727160055],[-74.6078792657167,39.3174259017628],[-74.6079038498252,39.3174143746565]]}},{"type":"Feature","id":90381,"properties":{"OBJECTID":90381,"PRIMENAME":"Defeo Lane","ELEVTYP_F":0,"ELEVTYP_T":0},"geometry":{"type":"LineString","coordinates":[[-74.5968177726126,39.3306403253239],[-74.5967210121728,39.3305980224657],[-74.5966301218746,39.3305521303146],[-74.5960758323267,39.330272253101]]}},{"type":"Feature","id":90728,"properties":{"OBJECTID":90728,"PRIMENAME":"Kirklin Avenue","ELEVTYP_F":0,"ELEVTYP_T":0},"geometry":{"type":"LineString","coordinates":[[-74.5825007219837,39.3307596806929],[-74.584662638399,39.3318132958735],[-74.5849509451138,39.3319486402913]]}},{"type":"Feature","id":91019,"properties":{"OBJECTID":91019,"PRIMENAME":"Iona Avenue","ELEVTYP_F":0,"ELEVTYP_T":0},"geometry":{"type":"LineString","coordinates":[[-74.5784162195538,39.3333746129683],[-74.5777942692735,39.333144200401],[-74.5762950511498,39.3325899878876]]}},{"type":"Feature","id":91243,"properties":{"OBJECTID":91243,"PRIMENAME":"Jordan Road","ELEVTYP_F":0,"ELEVTYP_T":0},"geometry":{"type":"LineString","coordinates":[[-74.6043513883084,39.3234886661053],[-74.6045479687908,39.3232951108363],[-74.6048174642321,39.3230471524264],[-74.6050526492578,39.3228334904608],[-74.6054643136809,39.3224863097682],[-74.6061993875995,39.3218567967341],[-74.606419905997,39.3216736496563],[-74.6065178742656,39.3215668620751],[-74.6065815595353,39.3214867672368],[-74.6067333044509,39.3212465176565],[-74.6068749976496,39.3210221197395]]}},{"type":"Feature","id":91329,"properties":{"OBJECTID":91329,"PRIMENAME":"West Ocean Heights Avenue","ELEVTYP_F":0,"ELEVTYP_T":0},"geometry":{"type":"LineString","coordinates":[[-74.5924564977469,39.3321134860577],[-74.5924697225058,39.3321216270166],[-74.5926165106564,39.3322509140175],[-74.5927180498359,39.3323573030644]]}},{"type":"Feature","id":92152,"properties":{"OBJECTID":92152,"PRIMENAME":"Exton Road","ELEVTYP_F":0,"ELEVTYP_T":0},"geometry":{"type":"LineString","coordinates":[[-74.6096050762134,39.3270275613301],[-74.6090127917267,39.3275814563193]]}},{"type":"Feature","id":92517,"properties":{"OBJECTID":92517,"PRIMENAME":"West Laurel Drive","ELEVTYP_F":0,"ELEVTYP_T":0},"geometry":{"type":"LineString","coordinates":[[-74.6137398857611,39.3212992994193],[-74.6135629608422,39.3211903581882],[-74.6132892006764,39.3210062244172]]}},{"type":"Feature","id":92598,"properties":{"OBJECTID":92598,"PRIMENAME":"Shore Road","ELEVTYP_F":0,"ELEVTYP_T":0},"geometry":{"type":"LineString","coordinates":[[-74.5819024429074,39.3315069023442],[-74.581645360029,39.3318245117691]]}},{"type":"Feature","id":92686,"properties":{"OBJECTID":92686,"PRIMENAME":"Woodlynne Boulevard","ELEVTYP_F":0,"ELEVTYP_T":0},"geometry":{"type":"LineString","coordinates":[[-74.5784162195538,39.3333746129683],[-74.5779387295704,39.3339699237859]]}},{"type":"Feature","id":92717,"properties":{"OBJECTID":92717,"PRIMENAME":"Wilson Avenue","ELEVTYP_F":0,"ELEVTYP_T":0},"geometry":{"type":"LineString","coordinates":[[-74.6057730739826,39.3327256063547],[-74.6053533040096,39.3324927411655],[-74.6046125690834,39.3320846587174],[-74.6044779988264,39.3320075708353]]}},{"type":"Feature","id":92729,"properties":{"OBJECTID":92729,"PRIMENAME":"Obyrne Drive","ELEVTYP_F":0,"ELEVTYP_T":0},"geometry":{"type":"LineString","coordinates":[[-74.5796480449011,39.3105506693741],[-74.5795222868923,39.3105865493182],[-74.5794038798338,39.3106454156705],[-74.5793117986798,39.3106991563358],[-74.5792559236695,39.3107656674918],[-74.5792099588705,39.3108449400603],[-74.5791738822037,39.3109472145574],[-74.5791378446028,39.3110852919924],[-74.5791215493699,39.3112412318118],[-74.5790562785739,39.3117218827877],[-74.5790339686134,39.3119349357587],[-74.5789194533197,39.312943892382],[-74.5789129914105,39.3130435928657],[-74.5789393313108,39.3130819326896],[-74.5789431956706,39.3130844298359],[-74.5789788406366,39.3131074683712],[-74.5790753940197,39.3131193269386]]}},{"type":"Feature","id":92988,"properties":{"OBJECTID":92988,"PRIMENAME":"Hamilton Drive","ELEVTYP_F":0,"ELEVTYP_T":0},"geometry":{"type":"LineString","coordinates":[[-74.6053327042027,39.32809510281],[-74.605047459362,39.3284822918683]]}},{"type":"Feature","id":93196,"properties":{"OBJECTID":93196,"PRIMENAME":"Helena Drive","ELEVTYP_F":0,"ELEVTYP_T":0},"geometry":{"type":"LineString","coordinates":[[-74.5733114751574,39.3363343018147],[-74.5714462734607,39.3355993161294]]}},{"type":"Feature","id":93351,"properties":{"OBJECTID":93351,"PRIMENAME":"Franklin Boulevard","ELEVTYP_F":0,"ELEVTYP_T":0},"geometry":{"type":"LineString","coordinates":[[-74.5737441774154,39.3357966428985],[-74.5741745995483,39.3352491820283],[-74.5745495246838,39.3347867333159],[-74.5749622944008,39.3342749196335]]}},{"type":"Feature","id":93418,"properties":{"OBJECTID":93418,"PRIMENAME":"West Groveland Avenue","ELEVTYP_F":0,"ELEVTYP_T":0},"geometry":{"type":"LineString","coordinates":[[-74.6024724039556,39.3266454348815],[-74.6026236857601,39.3267242120656],[-74.6027534180298,39.3267896372854]]}},{"type":"Feature","id":93506,"properties":{"OBJECTID":93506,"PRIMENAME":"West Laurel Drive","ELEVTYP_F":0,"ELEVTYP_T":0},"geometry":{"type":"LineString","coordinates":[[-74.6101349568356,39.3189021256962],[-74.6096081391823,39.3185490049785],[-74.6092115841797,39.3182868069811],[-74.6091485290071,39.318244692623]]}},{"type":"Feature","id":93673,"properties":{"OBJECTID":93673,"PRIMENAME":"Osborne Road","ELEVTYP_F":0,"ELEVTYP_T":0},"geometry":{"type":"LineString","coordinates":[[-74.6051588313665,39.3239829598698],[-74.6053866604011,39.3237660096273],[-74.6056479566132,39.3235191818561],[-74.6062478274707,39.323008788936],[-74.6068648464217,39.3224817381845],[-74.6070147693083,39.3223449747072],[-74.6071733637712,39.3222381857861],[-74.607396249165,39.3221013555155],[-74.6076191541371,39.3219778676736],[-74.6079024037177,39.3218341434176]]}},{"type":"Feature","id":93853,"properties":{"OBJECTID":93853,"PRIMENAME":"Bucknell Road","ELEVTYP_F":0,"ELEVTYP_T":0},"geometry":{"type":"LineString","coordinates":[[-74.6095846146548,39.3283842061934],[-74.6095940964605,39.3283959682071],[-74.6096764328579,39.3284405899636],[-74.6097546182558,39.3284756336139],[-74.6098409952681,39.3285042998241],[-74.6099191458287,39.3285169932933],[-74.6100260232003,39.3285200775987],[-74.6101411640026,39.3285167834289],[-74.6102521683684,39.3284911438607],[-74.6103589754541,39.3284495277207],[-74.6104493631576,39.3283983171763],[-74.6105191618538,39.3283375981986],[-74.6108065376801,39.3280627018369],[-74.6109850153628,39.327895355071],[-74.6113441640154,39.3275586020477]]}},{"type":"Feature","id":93973,"properties":{"OBJECTID":93973,"PRIMENAME":"Frances Avenue","ELEVTYP_F":0,"ELEVTYP_T":0},"geometry":{"type":"LineString","coordinates":[[-74.5858311247639,39.331298392439],[-74.5879492429797,39.3321064042847]]}},{"type":"Feature","id":93983,"properties":{"OBJECTID":93983,"PRIMENAME":"Wabash Avenue","ELEVTYP_F":0,"ELEVTYP_T":0},"geometry":{"type":"LineString","coordinates":[[-74.5853592079239,39.3318768440162],[-74.5857558260297,39.3313906759756]]}},{"type":"Feature","id":93995,"properties":{"OBJECTID":93995,"PRIMENAME":"Dobbs Avenue","ELEVTYP_F":0,"ELEVTYP_T":0},"geometry":{"type":"LineString","coordinates":[[-74.6011867025603,39.3135374472388],[-74.6012704105497,39.3135928647557],[-74.6015454735528,39.3137654387125]]}},{"type":"Feature","id":94489,"properties":{"OBJECTID":94489,"PRIMENAME":"Exton Road","ELEVTYP_F":0,"ELEVTYP_T":0},"geometry":{"type":"LineString","coordinates":[[-74.6074179427341,39.3291652508667],[-74.6073942365026,39.3291991271399],[-74.6072915628066,39.3294024851369],[-74.6071949658956,39.3295720965463]]}},{"type":"Feature","id":94520,"properties":{"OBJECTID":94520,"PRIMENAME":"Wabash Avenue","ELEVTYP_F":0,"ELEVTYP_T":0},"geometry":{"type":"LineString","coordinates":[[-74.5857558260297,39.3313906759756],[-74.5858311247639,39.331298392439]]}},{"type":"Feature","id":94532,"properties":{"OBJECTID":94532,"PRIMENAME":"Greenwich Drive","ELEVTYP_F":0,"ELEVTYP_T":0},"geometry":{"type":"LineString","coordinates":[[-74.5811724535783,39.3348833445791],[-74.5804125963377,39.334594366774]]}},{"type":"Feature","id":94620,"properties":{"OBJECTID":94620,"PRIMENAME":"1st Street","ELEVTYP_F":0,"ELEVTYP_T":0},"geometry":{"type":"LineString","coordinates":[[-74.5948048865729,39.317693401943],[-74.5945377385012,39.3181213707851],[-74.5942327200297,39.3186210043285],[-74.5941916184256,39.3186806193578],[-74.5941676363243,39.3187046211817],[-74.5941499638856,39.3187223049799],[-74.5940846537796,39.318785096907],[-74.5940502926114,39.3188181332695]]}},{"type":"Feature","id":94777,"properties":{"OBJECTID":94777,"PRIMENAME":"East Ocean Avenue","ELEVTYP_F":0,"ELEVTYP_T":0},"geometry":{"type":"LineString","coordinates":[[-74.5856380915461,39.3268666380501],[-74.5848839826015,39.3265095921963]]}},{"type":"Feature","id":95074,"properties":{"OBJECTID":95074,"PRIMENAME":"Colwick Drive","ELEVTYP_F":0,"ELEVTYP_T":0},"geometry":{"type":"LineString","coordinates":[[-74.6133227665724,39.3227269984792],[-74.6125122864158,39.3221953127967]]}},{"type":"Feature","id":95304,"properties":{"OBJECTID":95304,"PRIMENAME":"FR LAUREL DR TO GSP NB","ELEVTYP_F":0,"ELEVTYP_T":0},"geometry":{"type":"LineString","coordinates":[[-74.615727904089,39.3226251561034],[-74.6159790112622,39.3228479110858],[-74.6160992138516,39.3229832909713],[-74.6162339461191,39.3231610215552],[-74.6163323600201,39.3233303053029],[-74.6164089808279,39.3235108952676],[-74.6164528964564,39.3236660923958],[-74.6164603207829,39.3237733594215],[-74.6164604846641,39.3238721759571],[-74.6164497287369,39.3239512629568],[-74.6164207629065,39.324050081602],[-74.6163845724647,39.3241404515123],[-74.6163338705533,39.3242421195209],[-74.6162759068905,39.3243353667354],[-74.6162033771565,39.3244483418941],[-74.6160800746661,39.3246206745948],[-74.6159277356118,39.3248071212215],[-74.6157898969733,39.3249766674472],[-74.6157028076354,39.3250727160413],[-74.6155830796358,39.3252055340091],[-74.615481504695,39.3253072521314],[-74.6150590078242,39.3257505866911]]}},{"type":"Feature","id":95441,"properties":{"OBJECTID":95441,"PRIMENAME":"Haverford Road","ELEVTYP_F":0,"ELEVTYP_T":0},"geometry":{"type":"LineString","coordinates":[[-74.6037608360682,39.3240736689323],[-74.6025335909409,39.3233230694579]]}},{"type":"Feature","id":95473,"properties":{"OBJECTID":95473,"PRIMENAME":"West Groveland Avenue","ELEVTYP_F":0,"ELEVTYP_T":0},"geometry":{"type":"LineString","coordinates":[[-74.6019020938294,39.3263485766269],[-74.6024724039556,39.3266454348815]]}},{"type":"Feature","id":95898,"properties":{"OBJECTID":95898,"PRIMENAME":"North Ambler Road","ELEVTYP_F":0,"ELEVTYP_T":0},"geometry":{"type":"LineString","coordinates":[[-74.6055887788009,39.3274218210036],[-74.6061111169918,39.3269083690888]]}},{"type":"Feature","id":96237,"properties":{"OBJECTID":96237,"PRIMENAME":"West Ocean Heights Avenue","ELEVTYP_F":0,"ELEVTYP_T":0},"geometry":{"type":"LineString","coordinates":[[-74.5919154843713,39.3318149335151],[-74.5921395695513,39.3319277958767],[-74.5923563184328,39.3320518111968],[-74.5924564977469,39.3321134860577]]}},{"type":"Feature","id":96339,"properties":{"OBJECTID":96339,"PRIMENAME":"Bay Avenue","ELEVTYP_F":0,"ELEVTYP_T":0},"geometry":{"type":"LineString","coordinates":[[-74.5967153643173,39.3090423424],[-74.5962866350077,39.3093674046046],[-74.5961053713247,39.3095068432614]]}},{"type":"Feature","id":96988,"properties":{"OBJECTID":96988,"PRIMENAME":"Woodlot Court","ELEVTYP_F":0,"ELEVTYP_T":0},"geometry":{"type":"LineString","coordinates":[[-74.6009685208268,39.331490195761],[-74.600162302291,39.3323900224914]]}},{"type":"Feature","id":97296,"properties":{"OBJECTID":97296,"PRIMENAME":"10th Street","ELEVTYP_F":0,"ELEVTYP_T":0},"geometry":{"type":"LineString","coordinates":[[-74.6057399660603,39.3206024340082],[-74.6064240489232,39.3195086681594],[-74.6065417172014,39.319317268705]]}},{"type":"Feature","id":97495,"properties":{"OBJECTID":97495,"PRIMENAME":"Shore Road","ELEVTYP_F":0,"ELEVTYP_T":0},"geometry":{"type":"LineString","coordinates":[[-74.577224688088,39.3373190643139],[-74.5768856834097,39.3377428096005]]}},{"type":"Feature","id":97685,"properties":{"OBJECTID":97685,"PRIMENAME":"East Dawes Avenue","ELEVTYP_F":0,"ELEVTYP_T":0},"geometry":{"type":"LineString","coordinates":[[-74.5879096953278,39.3240427610165],[-74.5876601929442,39.3239051424793],[-74.586256183627,39.3232328382776]]}},{"type":"Feature","id":98513,"properties":{"OBJECTID":98513,"PRIMENAME":"Iona Avenue","ELEVTYP_F":0,"ELEVTYP_T":0},"geometry":{"type":"LineString","coordinates":[[-74.5762950511498,39.3325899878876],[-74.5758795669428,39.3324363905708]]}},{"type":"Feature","id":98745,"properties":{"OBJECTID":98745,"PRIMENAME":"Kappella Avenue","ELEVTYP_F":0,"ELEVTYP_T":0},"geometry":{"type":"LineString","coordinates":[[-74.586378987175,39.3163313688525],[-74.5869534196162,39.3166511165232],[-74.5871305184361,39.3167435961209],[-74.587242107724,39.3167703929021],[-74.5873728998569,39.3167762798319],[-74.5875575356498,39.3167612046724],[-74.5877383238073,39.3167222172508],[-74.5878628625087,39.3167018603598]]}},{"type":"Feature","id":99175,"properties":{"OBJECTID":99175,"PRIMENAME":"Higbee Avenue","ELEVTYP_F":0,"ELEVTYP_T":0},"geometry":{"type":"LineString","coordinates":[[-74.5958250054946,39.3135858602151],[-74.5944304612597,39.3127336929947],[-74.5931311176678,39.3119490859643]]}},{"type":"Feature","id":99652,"properties":{"OBJECTID":99652,"PRIMENAME":"West Groveland Avenue","ELEVTYP_F":0,"ELEVTYP_T":0},"geometry":{"type":"LineString","coordinates":[[-74.6016129076486,39.3261980366531],[-74.6019020938294,39.3263485766269]]}},{"type":"Feature","id":100450,"properties":{"OBJECTID":100450,"PRIMENAME":"Jordan Road","ELEVTYP_F":0,"ELEVTYP_T":0},"geometry":{"type":"LineString","coordinates":[[-74.6068749976496,39.3210221197395],[-74.6074773059199,39.320068178973],[-74.6077269568013,39.3196639468096],[-74.6079178771136,39.3193893652994],[-74.6080846995852,39.319236385338]]}},{"type":"Feature","id":101020,"properties":{"OBJECTID":101020,"PRIMENAME":"Exton Road","ELEVTYP_F":0,"ELEVTYP_T":0},"geometry":{"type":"LineString","coordinates":[[-74.6127812094324,39.3241862817971],[-74.6130708448052,39.3239254076652],[-74.6131351577934,39.3238653518004],[-74.6131736800971,39.3238153425436],[-74.61320788481,39.3237619882425],[-74.6132206507074,39.3236986602425],[-74.6132291166154,39.3236220196747],[-74.6132161171434,39.3235620389388],[-74.6131860378266,39.3234987526036],[-74.6131473117153,39.323422157916],[-74.6131171204683,39.3233555494642],[-74.6130869528576,39.3232589303266],[-74.6130868401967,39.3231889704343],[-74.6130952928432,39.3231256466319],[-74.613116605177,39.3230356498088],[-74.6131465815512,39.3229689828776],[-74.6131893189467,39.322902275605],[-74.6132492333538,39.3228122412127],[-74.6133227665724,39.3227269984792]]}},{"type":"Feature","id":101811,"properties":{"OBJECTID":101811,"PRIMENAME":"Unnamed Segment","ELEVTYP_F":0,"ELEVTYP_T":0},"geometry":{"type":"LineString","coordinates":[[-74.5947544952657,39.3244592053044],[-74.5947491558545,39.3243434378071],[-74.5947675099454,39.32432200689],[-74.5947996676384,39.324314843548],[-74.5949191477648,39.3243147461829],[-74.594974276438,39.3243039923279],[-74.5949926352803,39.3242861322021],[-74.5950017460315,39.3242290184992],[-74.5949922441958,39.3239970285445],[-74.5950197329669,39.3239363299085],[-74.5950752265264,39.323872361858]]}},{"type":"Feature","id":101881,"properties":{"OBJECTID":101881,"PRIMENAME":"Philadelphia Avenue","ELEVTYP_F":0,"ELEVTYP_T":0},"geometry":{"type":"LineString","coordinates":[[-74.5872830695353,39.3287110950716],[-74.587884239821,39.3279662601374]]}},{"type":"Feature","id":102743,"properties":{"OBJECTID":102743,"PRIMENAME":"Dartmouth Road","ELEVTYP_F":0,"ELEVTYP_T":0},"geometry":{"type":"LineString","coordinates":[[-74.6061111169918,39.3269083690888],[-74.6076359794974,39.3277431401981],[-74.6083928932585,39.3281611282457]]}},{"type":"Feature","id":102909,"properties":{"OBJECTID":102909,"PRIMENAME":"Somers Point Apartments Road","ELEVTYP_F":0,"ELEVTYP_T":0},"geometry":{"type":"LineString","coordinates":[[-74.6180809343862,39.3116256619519],[-74.6183923389428,39.3118317363258],[-74.618437877893,39.3118668813144],[-74.6184765285841,39.3119066941215],[-74.6185075115558,39.3119503684155],[-74.6185301910007,39.3119970193469],[-74.618544115379,39.3120456997209],[-74.6185489954218,39.3120954207386],[-74.6185447354887,39.3121451789884],[-74.6185314219806,39.3121939609625],[-74.6185093245654,39.3122407808899],[-74.6184788892312,39.3122846861485],[-74.6184407383424,39.3123247896948],[-74.61784226668,39.3127118798393],[-74.6178255786496,39.3127208985919],[-74.6178071414234,39.3127275535675],[-74.6177875078067,39.3127316451257],[-74.6177672597316,39.31273305467],[-74.6177470001262,39.3127317365496],[-74.6177273343795,39.3127277297881],[-74.6177088506237,39.3127211554014],[-74.61769209769,39.3127122101141],[-74.6176775769791,39.3127011591611],[-74.6172068027558,39.3122527580159]]}},{"type":"Feature","id":102989,"properties":{"OBJECTID":102989,"PRIMENAME":"Devon Road","ELEVTYP_F":0,"ELEVTYP_T":0},"geometry":{"type":"LineString","coordinates":[[-74.6120499851254,39.3230635067686],[-74.6114606167713,39.3230605576064]]}},{"type":"Feature","id":103191,"properties":{"OBJECTID":103191,"PRIMENAME":"Broadway","ELEVTYP_F":0,"ELEVTYP_T":0},"geometry":{"type":"LineString","coordinates":[[-74.6044006412849,39.3079920080283],[-74.6052558962067,39.3078188097392],[-74.6066486521916,39.3075402822717],[-74.6075748620611,39.3073688395848],[-74.607773854271,39.3073313139489]]}},{"type":"Feature","id":103199,"properties":{"OBJECTID":103199,"PRIMENAME":"Bethel Road","ELEVTYP_F":0,"ELEVTYP_T":0},"geometry":{"type":"LineString","coordinates":[[-74.5944143505738,39.3303562370838],[-74.5944182768954,39.3304105899213],[-74.5944482859788,39.330826051639],[-74.5944486281607,39.3308915819768],[-74.5944535295379,39.3318326979436]]}},{"type":"Feature","id":103250,"properties":{"OBJECTID":103250,"PRIMENAME":"3rd Street","ELEVTYP_F":0,"ELEVTYP_T":0},"geometry":{"type":"LineString","coordinates":[[-74.5985320539999,39.3162762480377],[-74.5983233155322,39.316594485621],[-74.5982272103609,39.3167488198146]]}},{"type":"Feature","id":103311,"properties":{"OBJECTID":103311,"PRIMENAME":"Pirates Alley","ELEVTYP_F":0,"ELEVTYP_T":0},"geometry":{"type":"LineString","coordinates":[[-74.5911167032389,39.3285331660144],[-74.591114088175,39.3285129691005],[-74.5910934356184,39.3284809973457],[-74.5910563482588,39.3284522246249],[-74.5909697364701,39.3284011125755],[-74.590858683038,39.3283395034344]]}},{"type":"Feature","id":103511,"properties":{"OBJECTID":103511,"PRIMENAME":"Anchorage Lane","ELEVTYP_F":0,"ELEVTYP_T":0},"geometry":{"type":"LineString","coordinates":[[-74.5965698911065,39.3122821105297],[-74.5961374157826,39.3120031765046],[-74.5954944640171,39.3116182371056],[-74.5951917779525,39.3114325725885],[-74.5943140021666,39.3108941435123]]}},{"type":"Feature","id":103630,"properties":{"OBJECTID":103630,"PRIMENAME":"Wayne Drive","ELEVTYP_F":0,"ELEVTYP_T":0},"geometry":{"type":"LineString","coordinates":[[-74.6023692017841,39.3307853357805],[-74.6018447843649,39.331195534628],[-74.6012838574132,39.3316432682453]]}},{"type":"Feature","id":104963,"properties":{"OBJECTID":104963,"PRIMENAME":"Garfield Avenue","ELEVTYP_F":0,"ELEVTYP_T":0},"geometry":{"type":"LineString","coordinates":[[-74.5880489782396,39.3350649421954],[-74.5900714493764,39.3358148612856],[-74.5902120191808,39.3358624730046],[-74.5902559307309,39.3358883850868],[-74.5902836845515,39.3359151339305],[-74.5903276925388,39.3359609529823]]}},{"type":"Feature","id":105104,"properties":{"OBJECTID":105104,"PRIMENAME":"Steelmanville Road","ELEVTYP_F":0,"ELEVTYP_T":0},"geometry":{"type":"LineString","coordinates":[[-74.6393138449473,39.3369518986397],[-74.639293168862,39.336956041901],[-74.6391247623284,39.3369744199144],[-74.6388814324953,39.3369747105052],[-74.6388366328367,39.3369725209269],[-74.6385912974477,39.336960531622],[-74.6382543333883,39.3369391308825],[-74.6378097914264,39.3369069576524],[-74.6369206532991,39.3368498802249],[-74.6347913598556,39.3367033575554],[-74.6337243448358,39.3366282858584],[-74.6327783794181,39.3365593333093],[-74.6323017248744,39.3365245867297],[-74.6309866648924,39.3364206681433],[-74.6307538381993,39.3364039802263],[-74.630387705212,39.336377738594],[-74.630144336939,39.3363562103882],[-74.6298682556501,39.3363492428849],[-74.6296951185062,39.3363530599029],[-74.6295641480634,39.3363677583966],[-74.6293910577252,39.3363970003553],[-74.6292180422769,39.3364480974966],[-74.6290496862583,39.3365136589724],[-74.6290208194842,39.3365282463088],[-74.6288767369177,39.3366010528876],[-74.6285682807016,39.3367939760948],[-74.6281242503067,39.3370779028755],[-74.6273811283244,39.3375583067371],[-74.6267642095846,39.3379514481435],[-74.6263248607872,39.3382317110179],[-74.6261659283817,39.3383118107069],[-74.6260256457909,39.338381016277],[-74.6258713144086,39.3384247844097],[-74.6257543952775,39.3384503362262],[-74.6256281064456,39.3384759250631],[-74.62545971207,39.3385051561001],[-74.6250433376686,39.3385673818884],[-74.6240213755477,39.3387212360071],[-74.6236820515055,39.3387723191269],[-74.6213055982801,39.3391309068287],[-74.6191630452679,39.3394637831385],[-74.6185689247477,39.3395552170036],[-74.618311604162,39.3395881801448],[-74.6181993411459,39.3396100947672],[-74.6180917931933,39.3396392803601],[-74.6179421221663,39.3396830341463],[-74.6177924631624,39.3397340626892],[-74.6176149089124,39.3398196617862],[-74.6174979142902,39.3398760654158],[-74.6170829531295,39.3400713527313],[-74.6163579116693,39.3404125634858]]}},{"type":"Feature","id":105303,"properties":{"OBJECTID":105303,"PRIMENAME":"Decatur Avenue","ELEVTYP_F":0,"ELEVTYP_T":0},"geometry":{"type":"LineString","coordinates":[[-74.5920392219669,39.3130391167093],[-74.5902981279326,39.3119839364441],[-74.5900979305151,39.3118705570905]]}},{"type":"Feature","id":105589,"properties":{"OBJECTID":105589,"PRIMENAME":"Shore Road","ELEVTYP_F":0,"ELEVTYP_T":0},"geometry":{"type":"LineString","coordinates":[[-74.5962941955728,39.3127693979547],[-74.5961307654896,39.3130582700245],[-74.5958250054946,39.3135858602151]]}},{"type":"Feature","id":105858,"properties":{"OBJECTID":105858,"PRIMENAME":"West Meyran Avenue","ELEVTYP_F":0,"ELEVTYP_T":0},"geometry":{"type":"LineString","coordinates":[[-74.5896049732669,39.3259988698808],[-74.5904275779558,39.3264657971395],[-74.5916561280352,39.3271623514547],[-74.5918534339636,39.3272732861838]]}},{"type":"Feature","id":106124,"properties":{"OBJECTID":106124,"PRIMENAME":"West Dawes Avenue","ELEVTYP_F":0,"ELEVTYP_T":0},"geometry":{"type":"LineString","coordinates":[[-74.5924812293927,39.3266051746624],[-74.5912466439738,39.3259148943818],[-74.5900753939323,39.325248769431]]}},{"type":"Feature","id":106248,"properties":{"OBJECTID":106248,"PRIMENAME":"West Avenue","ELEVTYP_F":0,"ELEVTYP_T":0},"geometry":{"type":"LineString","coordinates":[[-74.5885948738429,39.3366541967263],[-74.5886801683094,39.3367154951629],[-74.5889067261396,39.336878309149],[-74.5893233129212,39.3372372272442],[-74.5894138129675,39.337315198794]]}},{"type":"Feature","id":106802,"properties":{"OBJECTID":106802,"PRIMENAME":"Mays Landing Road","ELEVTYP_F":0,"ELEVTYP_T":0},"geometry":{"type":"LineString","coordinates":[[-74.6081625516956,39.3108854911639],[-74.6091358198849,39.3111568322493],[-74.610222059136,39.3114548638856]]}},{"type":"Feature","id":106866,"properties":{"OBJECTID":106866,"PRIMENAME":"Gould Avenue","ELEVTYP_F":0,"ELEVTYP_T":0},"geometry":{"type":"LineString","coordinates":[[-74.594207514533,39.324469621287],[-74.5947544952657,39.3244592053044]]}},{"type":"Feature","id":106889,"properties":{"OBJECTID":106889,"PRIMENAME":"Massachusetts Avenue","ELEVTYP_F":0,"ELEVTYP_T":0},"geometry":{"type":"LineString","coordinates":[[-74.6096050762134,39.3270275613301],[-74.609736022168,39.3271184580575],[-74.6102851413247,39.327463923016]]}},{"type":"Feature","id":107079,"properties":{"OBJECTID":107079,"PRIMENAME":"Garfield Avenue","ELEVTYP_F":0,"ELEVTYP_T":0},"geometry":{"type":"LineString","coordinates":[[-74.5836639211046,39.3336416835595],[-74.5837033962914,39.3336566194948]]}},{"type":"Feature","id":107289,"properties":{"OBJECTID":107289,"PRIMENAME":"Royal Avenue","ELEVTYP_F":0,"ELEVTYP_T":0},"geometry":{"type":"LineString","coordinates":[[-74.5871841379245,39.3309785581831],[-74.5870627421626,39.330959264429],[-74.5869309965292,39.3309184524264],[-74.5867685072137,39.3308606116867],[-74.5865840410302,39.3307857094364],[-74.5864785910673,39.3307380951281],[-74.5864434820789,39.3307074520912],[-74.5864426071329,39.3307062105184],[-74.5864170965466,39.3306699653886],[-74.5864214096766,39.3306120011063],[-74.5864476932779,39.33056766604],[-74.5865615920564,39.3304141799595],[-74.5868026512122,39.3301106017404]]}},{"type":"Feature","id":107542,"properties":{"OBJECTID":107542,"PRIMENAME":"Bethel Road","ELEVTYP_F":0,"ELEVTYP_T":0},"geometry":{"type":"LineString","coordinates":[[-74.5943203860533,39.3275984621864],[-74.5943286587255,39.3279139621532],[-74.5943356003972,39.3282393000743],[-74.5943447316002,39.3286670641989]]}},{"type":"Feature","id":107575,"properties":{"OBJECTID":107575,"PRIMENAME":"Shore Road","ELEVTYP_F":0,"ELEVTYP_T":0},"geometry":{"type":"LineString","coordinates":[[-74.592311311242,39.3185627719969],[-74.5920234013361,39.3189310309859],[-74.5919886027856,39.3189735896096]]}},{"type":"Feature","id":107583,"properties":{"OBJECTID":107583,"PRIMENAME":"Defeo Lane","ELEVTYP_F":0,"ELEVTYP_T":0},"geometry":{"type":"LineString","coordinates":[[-74.5960758323267,39.330272253101],[-74.5955746040758,39.3300191631283],[-74.5947352453226,39.3296115381497]]}},{"type":"Feature","id":107652,"properties":{"OBJECTID":107652,"PRIMENAME":"West New Jersey Avenue","ELEVTYP_F":0,"ELEVTYP_T":0},"geometry":{"type":"LineString","coordinates":[[-74.6010466365921,39.314551031689],[-74.6021817373363,39.3149836137593]]}},{"type":"Feature","id":107996,"properties":{"OBJECTID":107996,"PRIMENAME":"East Johnson Avenue","ELEVTYP_F":0,"ELEVTYP_T":0},"geometry":{"type":"LineString","coordinates":[[-74.5892922095029,39.3223254872789],[-74.5891863932943,39.3222594521553],[-74.5888937409916,39.32212848666],[-74.5877355738725,39.321595053862],[-74.5876133352228,39.3215389143239]]}},{"type":"Feature","id":109264,"properties":{"OBJECTID":109264,"PRIMENAME":"Village Drive South","ELEVTYP_F":0,"ELEVTYP_T":0},"geometry":{"type":"LineString","coordinates":[[-74.6152991019761,39.316852023763],[-74.6153134694874,39.3168408069834],[-74.6153709492226,39.3167792738395],[-74.6154140024302,39.3167149543332],[-74.6154427090914,39.3166534496756],[-74.6154605553567,39.3165863554086],[-74.6154639999921,39.3164885224622],[-74.6154531165726,39.3164046798872],[-74.6154241005137,39.3163208823146],[-74.6153916067721,39.3162286871693],[-74.6153267265657,39.3161532720766],[-74.615240268287,39.3160890808594],[-74.6151286349416,39.3160193141032],[-74.6150206079254,39.3159719199502],[-74.6149270438676,39.3159496622073],[-74.6148190661578,39.315932992857],[-74.6146751467682,39.3159191594549],[-74.6145168149065,39.3159109404279],[-74.6143692542566,39.3158971102295],[-74.6142684796333,39.3158748320162],[-74.6142054641417,39.315851233916],[-74.6141582008108,39.315833535095]]}},{"type":"Feature","id":109461,"properties":{"OBJECTID":109461,"PRIMENAME":"Great Bay Drive","ELEVTYP_F":0,"ELEVTYP_T":0},"geometry":{"type":"LineString","coordinates":[[-74.6031710505708,39.3102329927925],[-74.603079234825,39.3102715029852],[-74.6027052219169,39.3106451609903],[-74.6026767688738,39.310769526772],[-74.6027015931214,39.3108812377198],[-74.6027870840385,39.3110486097447]]}},{"type":"Feature","id":109513,"properties":{"OBJECTID":109513,"PRIMENAME":"Broadway","ELEVTYP_F":0,"ELEVTYP_T":0},"geometry":{"type":"LineString","coordinates":[[-74.6008639227914,39.3086820496899],[-74.600868263928,39.3086810820541],[-74.6009184734858,39.3086720321676],[-74.6010912577318,39.3086409112556],[-74.6022164746626,39.3084186528472],[-74.6022261913102,39.3084168048463]]}},{"type":"Feature","id":109542,"properties":{"OBJECTID":109542,"PRIMENAME":"Unnamed Segment","ELEVTYP_F":0,"ELEVTYP_T":0},"geometry":{"type":"LineString","coordinates":[[-74.5899507642914,39.3300540311759],[-74.590011979315,39.3300846574772],[-74.5918074236101,39.3309829054372]]}},{"type":"Feature","id":110157,"properties":{"OBJECTID":110157,"PRIMENAME":"East New York Avenue","ELEVTYP_F":0,"ELEVTYP_T":0},"geometry":{"type":"LineString","coordinates":[[-74.5950705981225,39.3149007052835],[-74.5950333212913,39.3148580676469],[-74.5950055018054,39.3148311000904],[-74.5949683899514,39.3148057877015],[-74.5933767094085,39.3140880606371],[-74.5933373343456,39.314070175872],[-74.5925469968458,39.3137112170713],[-74.5917296095998,39.3133467963303]]}},{"type":"Feature","id":110688,"properties":{"OBJECTID":110688,"PRIMENAME":"2nd Street","ELEVTYP_F":0,"ELEVTYP_T":0},"geometry":{"type":"LineString","coordinates":[[-74.5980374581319,39.3148188393694],[-74.5983529469359,39.3143154248924],[-74.5983886526482,39.3142584487013],[-74.5984753770637,39.3141222160473]]}},{"type":"Feature","id":110955,"properties":{"OBJECTID":110955,"PRIMENAME":"West Groveland Avenue","ELEVTYP_F":0,"ELEVTYP_T":0},"geometry":{"type":"LineString","coordinates":[[-74.6050512897845,39.3279500557614],[-74.6053327042027,39.32809510281]]}},{"type":"Feature","id":111411,"properties":{"OBJECTID":111411,"PRIMENAME":"Hemlock Drive","ELEVTYP_F":0,"ELEVTYP_T":0},"geometry":{"type":"LineString","coordinates":[[-74.5724812459685,39.3373534153722],[-74.5714522026642,39.3369432700352],[-74.5710071172874,39.336763562643]]}},{"type":"Feature","id":112222,"properties":{"OBJECTID":112222,"PRIMENAME":"Hennings Way","ELEVTYP_F":0,"ELEVTYP_T":0},"geometry":{"type":"LineString","coordinates":[[-74.5889389962475,39.3365135921032],[-74.5902269624667,39.3370952818738]]}},{"type":"Feature","id":112413,"properties":{"OBJECTID":112413,"PRIMENAME":"Unnamed Segment","ELEVTYP_F":0,"ELEVTYP_T":0},"geometry":{"type":"LineString","coordinates":[[-74.604322232328,39.3310009195481],[-74.6043256690502,39.3309961520631],[-74.6043877071155,39.3309101200594],[-74.6046402379167,39.3305599153789]]}},{"type":"Feature","id":113291,"properties":{"OBJECTID":113291,"PRIMENAME":"Mays Landing Road","ELEVTYP_F":0,"ELEVTYP_T":0},"geometry":{"type":"LineString","coordinates":[[-74.6245171538756,39.3150266573778],[-74.6249033658792,39.3150643022269],[-74.6254723676914,39.3151197616455],[-74.6258019831831,39.3151494436313],[-74.6262234959991,39.3151873990661],[-74.626249717005,39.3151899415621],[-74.6267113459698,39.3152347024246],[-74.6269944815855,39.3152621570542],[-74.6277717691963,39.3153375200768],[-74.6280697294942,39.3153674546823]]}},{"type":"Feature","id":113325,"properties":{"OBJECTID":113325,"PRIMENAME":"South Laurel Drive","ELEVTYP_F":0,"ELEVTYP_T":0},"geometry":{"type":"LineString","coordinates":[[-74.6155462593473,39.3204458895258],[-74.6155854913156,39.3203564230195],[-74.615621277994,39.320236208781],[-74.6156390827312,39.3201216136645],[-74.6156352884063,39.3200070120753],[-74.6156135275676,39.3198868549826],[-74.6155557420644,39.3197639600383],[-74.6154655631933,39.319632668266],[-74.6153754619717,39.3195265541409],[-74.61519163329,39.3193450813092],[-74.6148456036193,39.3189541620102],[-74.6147367375076,39.3188288190593]]}},{"type":"Feature","id":113327,"properties":{"OBJECTID":113327,"PRIMENAME":"Hemlock Drive","ELEVTYP_F":0,"ELEVTYP_T":0},"geometry":{"type":"LineString","coordinates":[[-74.574593776525,39.3381330081035],[-74.5745420217402,39.3381421016372],[-74.5744788700591,39.3381407422011],[-74.5744294629975,39.3381288848761],[-74.573375955268,39.3377100676936],[-74.5724812459685,39.3373534153722]]}},{"type":"Feature","id":113636,"properties":{"OBJECTID":113636,"PRIMENAME":"Chestnut Street","ELEVTYP_F":0,"ELEVTYP_T":0},"geometry":{"type":"LineString","coordinates":[[-74.6153028007314,39.310556636645],[-74.6153339786583,39.3106019646012],[-74.615380952671,39.3106459869242],[-74.6154814389041,39.3107123333533],[-74.6165903268259,39.3112894129524],[-74.6166944418483,39.3113435945644]]}},{"type":"Feature","id":114124,"properties":{"OBJECTID":114124,"PRIMENAME":"West Cedar Avenue","ELEVTYP_F":0,"ELEVTYP_T":0},"geometry":{"type":"LineString","coordinates":[[-74.5924859644083,39.3229502142011],[-74.592346699366,39.3228841040349],[-74.5919509829127,39.3226924382418]]}},{"type":"Feature","id":114505,"properties":{"OBJECTID":114505,"PRIMENAME":"Lehigh Drive","ELEVTYP_F":0,"ELEVTYP_T":0},"geometry":{"type":"LineString","coordinates":[[-74.6094577038001,39.3218421913622],[-74.6096139740447,39.321902696212],[-74.6097556026303,39.321935868607],[-74.6098671823386,39.3219457578957],[-74.6099872852378,39.321935649933],[-74.610107352713,39.3219022305816],[-74.6102102635389,39.321862128888],[-74.6102916755506,39.3217954139687],[-74.6106386652674,39.3214785336765],[-74.6109771471603,39.3211710784707]]}},{"type":"Feature","id":114631,"properties":{"OBJECTID":114631,"PRIMENAME":"Gulf Mill Road","ELEVTYP_F":0,"ELEVTYP_T":0},"geometry":{"type":"LineString","coordinates":[[-74.618496692373,39.3195774371043],[-74.6184807337809,39.319607288361],[-74.6181398619143,39.3201721768159],[-74.6176447641915,39.3210167305989],[-74.6175484215608,39.3211764902453]]}},{"type":"Feature","id":114640,"properties":{"OBJECTID":114640,"PRIMENAME":"George Street","ELEVTYP_F":0,"ELEVTYP_T":0},"geometry":{"type":"LineString","coordinates":[[-74.5980199207988,39.3096976651842],[-74.5967153643173,39.3090423424]]}},{"type":"Feature","id":115975,"properties":{"OBJECTID":115975,"PRIMENAME":"1st Street","ELEVTYP_F":0,"ELEVTYP_T":0},"geometry":{"type":"LineString","coordinates":[[-74.5954245629232,39.3167007673834],[-74.5952824229845,39.3169284461928],[-74.5948048865729,39.317693401943]]}},{"type":"Feature","id":116001,"properties":{"OBJECTID":116001,"PRIMENAME":"East Maryland Avenue","ELEVTYP_F":0,"ELEVTYP_T":0},"geometry":{"type":"LineString","coordinates":[[-74.5897085453102,39.3189350620124],[-74.589170803281,39.3186393517601],[-74.588449016796,39.3182384276606],[-74.5880899244699,39.3180474350892]]}},{"type":"Feature","id":116424,"properties":{"OBJECTID":116424,"PRIMENAME":"West Groveland Avenue","ELEVTYP_F":0,"ELEVTYP_T":0},"geometry":{"type":"LineString","coordinates":[[-74.6036257506409,39.3272296568605],[-74.6040019710904,39.3274194328246],[-74.6041857657073,39.3275120181258]]}},{"type":"Feature","id":116560,"properties":{"OBJECTID":116560,"PRIMENAME":"Arbor Court West","ELEVTYP_F":0,"ELEVTYP_T":0},"geometry":{"type":"LineString","coordinates":[[-74.5802860498056,39.3317447894034],[-74.5801726785127,39.3317037129605],[-74.5796756445715,39.3315236320184],[-74.5791750221796,39.3313364709905],[-74.5791003648351,39.3313160660644],[-74.5790213368628,39.331305905412],[-74.578998033819,39.3313027089269]]}},{"type":"Feature","id":116681,"properties":{"OBJECTID":116681,"PRIMENAME":"Anchorage Drive","ELEVTYP_F":0,"ELEVTYP_T":0},"geometry":{"type":"LineString","coordinates":[[-74.5793421164572,39.3142294417292],[-74.5793383609113,39.3135861449554],[-74.5793358505115,39.3131560985327]]}},{"type":"Feature","id":116792,"properties":{"OBJECTID":116792,"PRIMENAME":"Colwick Drive","ELEVTYP_F":0,"ELEVTYP_T":0},"geometry":{"type":"LineString","coordinates":[[-74.6090454151894,39.3198817426365],[-74.6088759169533,39.3197678733436]]}},{"type":"Feature","id":116961,"properties":{"OBJECTID":116961,"PRIMENAME":"Ambler Road","ELEVTYP_F":0,"ELEVTYP_T":0},"geometry":{"type":"LineString","coordinates":[[-74.608907320019,39.3242668497557],[-74.6092500527038,39.3239511866054],[-74.6096302841627,39.3236093472695]]}},{"type":"Feature","id":116962,"properties":{"OBJECTID":116962,"PRIMENAME":"Exton Road","ELEVTYP_F":0,"ELEVTYP_T":0},"geometry":{"type":"LineString","coordinates":[[-74.6120895734036,39.3247659333022],[-74.6120453974458,39.3247741579332],[-74.6120073449237,39.3247879508978],[-74.6119653581174,39.3248161894978],[-74.611453307625,39.3252928930369]]}},{"type":"Feature","id":117193,"properties":{"OBJECTID":117193,"PRIMENAME":"Exton Road","ELEVTYP_F":0,"ELEVTYP_T":0},"geometry":{"type":"LineString","coordinates":[[-74.6071949658956,39.3295720965463],[-74.6071322616391,39.3296821977278]]}},{"type":"Feature","id":117336,"properties":{"OBJECTID":117336,"PRIMENAME":"Jordan Road","ELEVTYP_F":0,"ELEVTYP_T":0},"geometry":{"type":"LineString","coordinates":[[-74.6031335312574,39.3246991181396],[-74.6037608360682,39.3240736689323]]}},{"type":"Feature","id":117518,"properties":{"OBJECTID":117518,"PRIMENAME":"West Wilmont Avenue","ELEVTYP_F":0,"ELEVTYP_T":0},"geometry":{"type":"LineString","coordinates":[[-74.5891284585764,39.3267466948424],[-74.5890808401824,39.326719631185],[-74.5888295894731,39.3265781736846]]}},{"type":"Feature","id":117549,"properties":{"OBJECTID":117549,"PRIMENAME":"Shore Road","ELEVTYP_F":0,"ELEVTYP_T":0},"geometry":{"type":"LineString","coordinates":[[-74.5956186463291,39.3139419812884],[-74.5954732912472,39.3141928104603],[-74.5954581651485,39.3142194834321]]}},{"type":"Feature","id":118266,"properties":{"OBJECTID":118266,"PRIMENAME":"Massachusetts Avenue","ELEVTYP_F":0,"ELEVTYP_T":0},"geometry":{"type":"LineString","coordinates":[[-74.6074816693197,39.3255289679272],[-74.6079990373746,39.3258938856452],[-74.6087440591914,39.3264296722024],[-74.6096050762134,39.3270275613301]]}},{"type":"Feature","id":118489,"properties":{"OBJECTID":118489,"PRIMENAME":"East Drive","ELEVTYP_F":0,"ELEVTYP_T":0},"geometry":{"type":"LineString","coordinates":[[-74.5745046100703,39.3361407692625],[-74.5739463615299,39.3359106251534],[-74.5738318437715,39.3358466959651],[-74.5737441774154,39.3357966428985]]}},{"type":"Feature","id":118572,"properties":{"OBJECTID":118572,"PRIMENAME":"FR NJ 52 NB to US 9 NB","ELEVTYP_F":0,"ELEVTYP_T":0},"geometry":{"type":"LineString","coordinates":[[-74.6040229017133,39.3152241874197],[-74.6045294740868,39.3156434609274],[-74.6047634437233,39.3158158722305],[-74.6048279359802,39.3158854679908],[-74.6048709305004,39.3159318636429],[-74.6049669732293,39.3160776282416],[-74.6050361310202,39.3162323405035],[-74.6050746437511,39.3163632483915],[-74.6050977840737,39.3164733567853],[-74.6051025139403,39.3165590678762],[-74.6051056679639,39.3166162083017],[-74.6051058728575,39.316753135774],[-74.6051003160108,39.3168665382273]]}},{"type":"Feature","id":118930,"properties":{"OBJECTID":118930,"PRIMENAME":"Massachusetts Avenue","ELEVTYP_F":0,"ELEVTYP_T":0},"geometry":{"type":"LineString","coordinates":[[-74.5997835490225,39.3210510384207],[-74.6000036066561,39.3211557630578],[-74.6002339704047,39.321248176867],[-74.6007810054942,39.321445696581],[-74.6009243534788,39.3214981791081]]}},{"type":"Feature","id":118968,"properties":{"OBJECTID":118968,"PRIMENAME":"Bethel Road","ELEVTYP_F":0,"ELEVTYP_T":0},"geometry":{"type":"LineString","coordinates":[[-74.5943631078231,39.3293981708979],[-74.594370926388,39.3296913489564]]}},{"type":"Feature","id":119845,"properties":{"OBJECTID":119845,"PRIMENAME":"West Avenue","ELEVTYP_F":0,"ELEVTYP_T":0},"geometry":{"type":"LineString","coordinates":[[-74.5896372989058,39.3362279004143],[-74.5893853351331,39.3363311400034],[-74.5892597806363,39.3363824637984],[-74.5889389962475,39.3365135921032]]}},{"type":"Feature","id":119995,"properties":{"OBJECTID":119995,"PRIMENAME":"Yacht Avenue","ELEVTYP_F":0,"ELEVTYP_T":0},"geometry":{"type":"LineString","coordinates":[[-74.5898975745553,39.3154269002873],[-74.5895887619932,39.3153088980895],[-74.5895467355713,39.3152559353931],[-74.589506145255,39.315187800927],[-74.5893174310946,39.3151200729534],[-74.5887484947548,39.3149158831096],[-74.5887149073341,39.3149202317289],[-74.5882403361665,39.3149816803899],[-74.5878752993159,39.3150289440036],[-74.587839515892,39.3150225617003],[-74.5878115845732,39.3150125143467],[-74.5877946048343,39.3149892914928],[-74.5877935719033,39.3149598589934],[-74.5877925409108,39.3149319767976],[-74.5877998977652,39.3149022839402],[-74.5881275458632,39.3144522361408],[-74.588544923137,39.3143971533824],[-74.5885964782761,39.3143903499259],[-74.5891472822424,39.3143176542143],[-74.589320994204,39.3141821301245],[-74.5893308819564,39.3141744178529]]}},{"type":"Feature","id":120143,"properties":{"OBJECTID":120143,"PRIMENAME":"Gulf Mill Road","ELEVTYP_F":0,"ELEVTYP_T":0},"geometry":{"type":"LineString","coordinates":[[-74.6175034667112,39.3192174023932],[-74.6175215879932,39.319210108212],[-74.617583461817,39.3191762183005],[-74.6176495473727,39.3191455922587],[-74.6177135477318,39.3191357528082],[-74.6177855260343,39.3191412533483],[-74.6178755303165,39.3191663130196],[-74.6179907347278,39.3192109236077],[-74.6182175613697,39.3192917461711],[-74.6184587843515,39.3193781278894],[-74.6185127739164,39.3194060243455],[-74.6185344092941,39.3194283794786],[-74.6185452921184,39.3194674944229],[-74.6185345413608,39.3195066313964],[-74.618496692373,39.3195774371043]]}},{"type":"Feature","id":120209,"properties":{"OBJECTID":120209,"PRIMENAME":"Mays Landing Road","ELEVTYP_F":0,"ELEVTYP_T":0},"geometry":{"type":"LineString","coordinates":[[-74.6162839287758,39.3131295962234],[-74.6163038463706,39.3131351118447],[-74.6172506515037,39.3133931090301],[-74.6183699765238,39.3137074566539],[-74.6197461691211,39.314084048922],[-74.6205133679338,39.3142986568587]]}},{"type":"Feature","id":120327,"properties":{"OBJECTID":120327,"PRIMENAME":"Melody Lane","ELEVTYP_F":0,"ELEVTYP_T":0},"geometry":{"type":"LineString","coordinates":[[-74.5877032296401,39.3355486084941],[-74.5869232039491,39.3352752292627],[-74.585943846826,39.3349180020997],[-74.5855461382967,39.3347626381196],[-74.5854212078152,39.334713832816]]}},{"type":"Feature","id":120551,"properties":{"OBJECTID":120551,"PRIMENAME":"Scull Alley","ELEVTYP_F":0,"ELEVTYP_T":0},"geometry":{"type":"LineString","coordinates":[[-74.5990899931664,39.3198738117729],[-74.5989713395255,39.3198328643439],[-74.5988769204243,39.3198063119652],[-74.5987739029756,39.3197730665385],[-74.5987095257152,39.3197431383954],[-74.5986451543355,39.3197165324199],[-74.5985635886893,39.3196799464179],[-74.5984905413634,39.3196433531517],[-74.598357530094,39.3195968159697],[-74.5982158835919,39.3195436144798],[-74.5980699695354,39.3194970878537],[-74.5979393401604,39.3194599941398]]}},{"type":"Feature","id":120552,"properties":{"OBJECTID":120552,"PRIMENAME":"East Drive","ELEVTYP_F":0,"ELEVTYP_T":0},"geometry":{"type":"LineString","coordinates":[[-74.5737441774154,39.3357966428985],[-74.5736577484923,39.3357473024264],[-74.5734882756031,39.3356727267183],[-74.5727096537067,39.3353709982271],[-74.5719401833664,39.3350586058341]]}},{"type":"Feature","id":120840,"properties":{"OBJECTID":120840,"PRIMENAME":"Ocean Heights Avenue","ELEVTYP_F":0,"ELEVTYP_T":0},"geometry":{"type":"LineString","coordinates":[[-74.5892567942165,39.3304786452535],[-74.5895104465817,39.3306062345541]]}},{"type":"Feature","id":121165,"properties":{"OBJECTID":121165,"PRIMENAME":"East Village Drive","ELEVTYP_F":0,"ELEVTYP_T":0},"geometry":{"type":"LineString","coordinates":[[-74.6029225842006,39.3140568109664],[-74.6030547283105,39.3140714656515],[-74.6031806910571,39.3140881308829],[-74.6033210238137,39.3141187575923],[-74.6034937863008,39.3141605308363],[-74.6036917409163,39.3141966801099],[-74.6038644789702,39.314221649894],[-74.6040479931216,39.3142438632011],[-74.6042171137003,39.314260487828],[-74.6044186062899,39.3142742834395],[-74.6045877145191,39.3142825056233],[-74.6047568050049,39.3142795808738],[-74.6048755244484,39.3142738727044],[-74.6049532440259,39.3142700958019],[-74.6049945184018,39.3142633042612],[-74.6050440800379,39.3142436271553],[-74.605100241333,39.3142178500463]]}},{"type":"Feature","id":121419,"properties":{"OBJECTID":121419,"PRIMENAME":"Stern Drive","ELEVTYP_F":0,"ELEVTYP_T":0},"geometry":{"type":"LineString","coordinates":[[-74.5797541572322,39.3132125389419],[-74.5800168890685,39.3132315235273],[-74.5801637043006,39.3132421305307],[-74.5801902088588,39.3132442436089],[-74.5803545872542,39.3132573470468],[-74.5805355828397,39.3132802585618],[-74.5806367303104,39.313294396226]]}},{"type":"Feature","id":121449,"properties":{"OBJECTID":121449,"PRIMENAME":"West Groveland Avenue","ELEVTYP_F":0,"ELEVTYP_T":0},"geometry":{"type":"LineString","coordinates":[[-74.5987205244393,39.3247509118546],[-74.5991505876066,39.3249613604434],[-74.5999109142123,39.3253255025189]]}},{"type":"Feature","id":122215,"properties":{"OBJECTID":122215,"PRIMENAME":"Whitman Drive","ELEVTYP_F":0,"ELEVTYP_T":0},"geometry":{"type":"LineString","coordinates":[[-74.6036075382507,39.3329514098552],[-74.6038601332898,39.3326754628011],[-74.6044779988264,39.3320075708353]]}},{"type":"Feature","id":122583,"properties":{"OBJECTID":122583,"PRIMENAME":"Bayview Drive","ELEVTYP_F":0,"ELEVTYP_T":0},"geometry":{"type":"LineString","coordinates":[[-74.6070856723472,39.3110231181346],[-74.6071407507871,39.3108985222979],[-74.6071947254308,39.3107764200097]]}},{"type":"Feature","id":123629,"properties":{"OBJECTID":123629,"PRIMENAME":"Exton Road","ELEVTYP_F":0,"ELEVTYP_T":0},"geometry":{"type":"LineString","coordinates":[[-74.6067187661799,39.3304281417248],[-74.6065108157329,39.3308087108026]]}},{"type":"Feature","id":124195,"properties":{"OBJECTID":124195,"PRIMENAME":"FR US 9 NB to CHAPMAN BLVD","ELEVTYP_F":0,"ELEVTYP_T":0},"geometry":{"type":"LineString","coordinates":[[-74.5981377076138,39.3269408989071],[-74.5979019330457,39.3270353568827],[-74.5978022244026,39.3271016397623],[-74.5977048507816,39.327168221468],[-74.5976083275821,39.3272367805672],[-74.597520113636,39.3273063199172],[-74.597427939791,39.3273758904394],[-74.5973275110347,39.3274329203449],[-74.5972479295031,39.3274564539769],[-74.5972081381355,39.3274682194218],[-74.5971553805141,39.3274681571717],[-74.5970648864524,39.3274594929648],[-74.5969608120432,39.3274402464217]]}},{"type":"Feature","id":124732,"properties":{"OBJECTID":124732,"PRIMENAME":"East Pierson Avenue","ELEVTYP_F":0,"ELEVTYP_T":0},"geometry":{"type":"LineString","coordinates":[[-74.5869684240645,39.3223458078946],[-74.5875638494579,39.3226190238188],[-74.5886588788884,39.3231108823609]]}},{"type":"Feature","id":125025,"properties":{"OBJECTID":125025,"PRIMENAME":"Doran Avenue","ELEVTYP_F":0,"ELEVTYP_T":0},"geometry":{"type":"LineString","coordinates":[[-74.5942960171625,39.3266164039584],[-74.5931004399189,39.3259506030932]]}},{"type":"Feature","id":125665,"properties":{"OBJECTID":125665,"PRIMENAME":"Princeton Road","ELEVTYP_F":0,"ELEVTYP_T":0},"geometry":{"type":"LineString","coordinates":[[-74.6086066914036,39.3233047115714],[-74.6084233541647,39.323230062579],[-74.6082688196901,39.3231735352332],[-74.6080928231269,39.3231137333319],[-74.6079554457435,39.3230638610728],[-74.607848135673,39.3230273054737],[-74.6077537305277,39.3230140770501],[-74.6076808019073,39.3230141445349],[-74.6075993196141,39.3230375302743],[-74.6075136263428,39.3231042751778],[-74.6071408899841,39.3234278412132],[-74.6066823782619,39.3238148002669],[-74.6064595618445,39.3240016288072],[-74.6062624702282,39.3241817340742],[-74.6060782805317,39.3243618551711],[-74.6059614787394,39.3244775000761]]}},{"type":"Feature","id":126188,"properties":{"OBJECTID":126188,"PRIMENAME":"3rd Street","ELEVTYP_F":0,"ELEVTYP_T":0},"geometry":{"type":"LineString","coordinates":[[-74.5977214952097,39.3175612563934],[-74.5975699800169,39.3178047065065],[-74.5974376246681,39.3180148651356],[-74.5973634379797,39.3181326602518]]}},{"type":"Feature","id":126304,"properties":{"OBJECTID":126304,"PRIMENAME":"Mays Landing Road","ELEVTYP_F":0,"ELEVTYP_T":0},"geometry":{"type":"LineString","coordinates":[[-74.6006223753597,39.3088004027187],[-74.6006266888795,39.308801195313],[-74.6007840368834,39.308844764159],[-74.600894979735,39.3088754814212]]}},{"type":"Feature","id":126346,"properties":{"OBJECTID":126346,"PRIMENAME":"Chapman Boulevard","ELEVTYP_F":0,"ELEVTYP_T":0},"geometry":{"type":"LineString","coordinates":[[-74.6050333526934,39.3313911314808],[-74.6047885685136,39.3312575001706],[-74.604322232328,39.3310009195481]]}},{"type":"Feature","id":127221,"properties":{"OBJECTID":127221,"PRIMENAME":"Unnamed Segment","ELEVTYP_F":0,"ELEVTYP_T":0},"geometry":{"type":"LineString","coordinates":[[-74.5989089378592,39.3156832822939],[-74.5989037699355,39.3156813220042],[-74.5977672372102,39.3152500027956]]}},{"type":"Feature","id":128023,"properties":{"OBJECTID":128023,"PRIMENAME":"Exton Road","ELEVTYP_F":0,"ELEVTYP_T":0},"geometry":{"type":"LineString","coordinates":[[-74.6065108157329,39.3308087108026],[-74.6063373609925,39.3311261423601],[-74.6060206832141,39.3316829270061],[-74.6058922378345,39.3318696402995]]}},{"type":"Feature","id":128042,"properties":{"OBJECTID":128042,"PRIMENAME":"West Maryland Avenue","ELEVTYP_F":0,"ELEVTYP_T":0},"geometry":{"type":"LineString","coordinates":[[-74.5926148760731,39.320559059307],[-74.5929176837727,39.3207243834006]]}},{"type":"Feature","id":128469,"properties":{"OBJECTID":128469,"PRIMENAME":"Unnamed Segment","ELEVTYP_F":0,"ELEVTYP_T":0},"geometry":{"type":"LineString","coordinates":[[-74.6064757658389,39.3291983602579],[-74.6058703265763,39.3288890287993]]}},{"type":"Feature","id":128785,"properties":{"OBJECTID":128785,"PRIMENAME":"Montgomery Avenue","ELEVTYP_F":0,"ELEVTYP_T":0},"geometry":{"type":"LineString","coordinates":[[-74.5924812293927,39.3266051746624],[-74.5921542855131,39.3269508144004],[-74.5918534339636,39.3272732861838]]}},{"type":"Feature","id":128900,"properties":{"OBJECTID":128900,"PRIMENAME":"Unnamed Segment","ELEVTYP_F":0,"ELEVTYP_T":0},"geometry":{"type":"LineString","coordinates":[[-74.6081708576113,39.3298258511947],[-74.6084023601372,39.3294262013387]]}},{"type":"Feature","id":128949,"properties":{"OBJECTID":128949,"PRIMENAME":"Unnamed Segment","ELEVTYP_F":0,"ELEVTYP_T":0},"geometry":{"type":"LineString","coordinates":[[-74.6046402379167,39.3305599153789],[-74.6058703265763,39.3288890287993]]}},{"type":"Feature","id":129068,"properties":{"OBJECTID":129068,"PRIMENAME":"Roberts Avenue","ELEVTYP_F":0,"ELEVTYP_T":0},"geometry":{"type":"LineString","coordinates":[[-74.6162981221509,39.3083721837141],[-74.6162583432943,39.3084068769882],[-74.6158176586852,39.3088313931065],[-74.6152486317319,39.3093795285869],[-74.6150040058659,39.3096093383578],[-74.6150001945056,39.3096129661104],[-74.6149754842877,39.3096408175388],[-74.6149558975922,39.3096710279899],[-74.6149418008817,39.3097030322438],[-74.6149334579054,39.3097362315184],[-74.6149310247642,39.3097700046728],[-74.6149345469896,39.3098037198281],[-74.6149439586908,39.3098367461898],[-74.6149590837872,39.3098684658493],[-74.6149771387378,39.3098951818379],[-74.6149992475851,39.3099199907563],[-74.6150250860237,39.3099424523278],[-74.6153744780047,39.3101689287352],[-74.6155185550107,39.3101989605295]]}},{"type":"Feature","id":129299,"properties":{"OBJECTID":129299,"PRIMENAME":"Unnamed Segment","ELEVTYP_F":0,"ELEVTYP_T":0},"geometry":{"type":"LineString","coordinates":[[-74.5960076626869,39.3169150830585],[-74.5962472005649,39.3165203295694],[-74.5963581434262,39.3163314708482]]}},{"type":"Feature","id":129383,"properties":{"OBJECTID":129383,"PRIMENAME":"Unnamed Segment","ELEVTYP_F":0,"ELEVTYP_T":0},"geometry":{"type":"LineString","coordinates":[[-74.5950752265264,39.323872361858],[-74.5946150305206,39.3237046645374],[-74.5945736624476,39.3236975591944],[-74.5945093187548,39.3236904724928],[-74.5942657821909,39.3237013779536],[-74.5941762925566,39.3237269101258]]}},{"type":"Feature","id":129789,"properties":{"OBJECTID":129789,"PRIMENAME":"Ocean Heights Avenue","ELEVTYP_F":0,"ELEVTYP_T":0},"geometry":{"type":"LineString","coordinates":[[-74.5910846477209,39.3314013374437],[-74.5913270757413,39.3315240410268],[-74.5913692902109,39.331545407633],[-74.5918060954343,39.331759858506],[-74.5919154843713,39.3318149335151]]}},{"type":"Feature","id":130874,"properties":{"OBJECTID":130874,"PRIMENAME":"Longport Boulevard Bridge","ELEVTYP_F":0,"ELEVTYP_T":0},"geometry":{"type":"LineString","coordinates":[[-74.5859208480045,39.3169051459058],[-74.5858139335961,39.3168507289906],[-74.5855266968774,39.3167045298136]]}},{"type":"Feature","id":131884,"properties":{"OBJECTID":131884,"PRIMENAME":"West Connecticut Avenue","ELEVTYP_F":0,"ELEVTYP_T":0},"geometry":{"type":"LineString","coordinates":[[-74.6057399660603,39.3206024340082],[-74.6060117056141,39.3207029259566]]}},{"type":"Feature","id":132069,"properties":{"OBJECTID":132069,"PRIMENAME":"East New Jersey Avenue","ELEVTYP_F":0,"ELEVTYP_T":0},"geometry":{"type":"LineString","coordinates":[[-74.5938259802736,39.3112740475882],[-74.5947172144239,39.3118142989185],[-74.5954684511585,39.3122696742972],[-74.5962941955728,39.3127693979547]]}},{"type":"Feature","id":132317,"properties":{"OBJECTID":132317,"PRIMENAME":"Village Drive","ELEVTYP_F":0,"ELEVTYP_T":0},"geometry":{"type":"LineString","coordinates":[[-74.6098511582989,39.3155574189005],[-74.6101593097692,39.3156552103883],[-74.6103753125549,39.3157220832699],[-74.6106344304038,39.3157833414324],[-74.6109223604269,39.3158473433792],[-74.6111383435749,39.3159002395978],[-74.6113866901169,39.3159670797163],[-74.6115774885735,39.3160311729377],[-74.6117899017637,39.3161064215177],[-74.6120166708496,39.3161844556326],[-74.6122465758059,39.3162774776635],[-74.6122887592957,39.3163087925908],[-74.6123053910025,39.3163201439462]]}},{"type":"Feature","id":132425,"properties":{"OBJECTID":132425,"PRIMENAME":"Malvern Road","ELEVTYP_F":0,"ELEVTYP_T":0},"geometry":{"type":"LineString","coordinates":[[-74.6155462593473,39.3204458895258],[-74.6166166708084,39.3208312782637]]}},{"type":"Feature","id":132675,"properties":{"OBJECTID":132675,"PRIMENAME":"7th Street","ELEVTYP_F":0,"ELEVTYP_T":0},"geometry":{"type":"LineString","coordinates":[[-74.6016581893094,39.320309618038],[-74.6018457799377,39.320012617302],[-74.6022320586245,39.3193947722521],[-74.6022991566185,39.3193020734151]]}},{"type":"Feature","id":132728,"properties":{"OBJECTID":132728,"PRIMENAME":"Hamilton Drive","ELEVTYP_F":0,"ELEVTYP_T":0},"geometry":{"type":"LineString","coordinates":[[-74.605047459362,39.3284822918683],[-74.6044167187253,39.3293384347333],[-74.6035275261301,39.3305518337501]]}},{"type":"Feature","id":133391,"properties":{"OBJECTID":133391,"PRIMENAME":"Garden State Parkway","ELEVTYP_F":0,"ELEVTYP_T":0},"geometry":{"type":"LineString","coordinates":[[-74.6187514665787,39.3083982926952],[-74.6186642291648,39.3082246067727],[-74.6186531652787,39.3082029272678],[-74.6186370662091,39.3081713682239],[-74.6186068898849,39.308112091857]]}},{"type":"Feature","id":133557,"properties":{"OBJECTID":133557,"PRIMENAME":"Franklin Boulevard","ELEVTYP_F":0,"ELEVTYP_T":0},"geometry":{"type":"LineString","coordinates":[[-74.5757936496323,39.3332183637235],[-74.5762950511498,39.3325899878876]]}},{"type":"Feature","id":133568,"properties":{"OBJECTID":133568,"PRIMENAME":"Defeo Lane","ELEVTYP_F":0,"ELEVTYP_T":0},"geometry":{"type":"LineString","coordinates":[[-74.6012838574132,39.3316432682453],[-74.6012406217727,39.3316205170696],[-74.6010474052068,39.3315207423677],[-74.6009685208268,39.331490195761]]}},{"type":"Feature","id":133758,"properties":{"OBJECTID":133758,"PRIMENAME":"Somers Point Apartments Road","ELEVTYP_F":0,"ELEVTYP_T":0},"geometry":{"type":"LineString","coordinates":[[-74.6180809343862,39.3116256619519],[-74.6181303994005,39.3115552588733],[-74.6181716850611,39.311481740043],[-74.6182044665133,39.311405683223],[-74.6182284942973,39.3113276760063],[-74.6182435734968,39.3112483293501],[-74.6182495938531,39.3111682568261],[-74.6182542607657,39.3109130893817]]}},{"type":"Feature","id":134228,"properties":{"OBJECTID":134228,"PRIMENAME":"Bay Avenue","ELEVTYP_F":0,"ELEVTYP_T":0},"geometry":{"type":"LineString","coordinates":[[-74.5916273769358,39.3134483925802],[-74.5912312790258,39.3138420173511],[-74.5911301440002,39.3139434132156]]}},{"type":"Feature","id":135749,"properties":{"OBJECTID":135749,"PRIMENAME":"West New York Avenue","ELEVTYP_F":0,"ELEVTYP_T":0},"geometry":{"type":"LineString","coordinates":[[-74.6019595727357,39.3175802185473],[-74.6014230537863,39.3173769838929],[-74.6008224184971,39.3171495036922]]}},{"type":"Feature","id":137020,"properties":{"OBJECTID":137020,"PRIMENAME":"Bethel Road","ELEVTYP_F":0,"ELEVTYP_T":0},"geometry":{"type":"LineString","coordinates":[[-74.5939157927602,39.3175942617619],[-74.5939638815186,39.3176588844333],[-74.5940025464242,39.3177337551711],[-74.5940219544503,39.3178146282733],[-74.594033665608,39.3179284549345],[-74.5940377708767,39.3181172176106],[-74.5940428697073,39.3184027379201]]}},{"type":"Feature","id":137509,"properties":{"OBJECTID":137509,"PRIMENAME":"Unnamed Segment","ELEVTYP_F":0,"ELEVTYP_T":0},"geometry":{"type":"LineString","coordinates":[[-74.5927180498359,39.3323573030644],[-74.5929391751212,39.3322376697993],[-74.5929873730856,39.3321948021133],[-74.5930355957554,39.3321679949967],[-74.5930665710451,39.3321331699955],[-74.5930940918678,39.3320929942121],[-74.5931147250226,39.3320555029524],[-74.5931457084878,39.3320260323603],[-74.5934005365054,39.3318437989063],[-74.5934383954304,39.3318009393266],[-74.5934590117382,39.3317527382415],[-74.5935071757177,39.331683101779],[-74.5935243374976,39.3316295499195],[-74.5935415087069,39.3315813533881],[-74.5936123625037,39.3314834806481]]}},{"type":"Feature","id":138621,"properties":{"OBJECTID":138621,"PRIMENAME":"FR CHAPMAN BLVD to US 9 NB","ELEVTYP_F":0,"ELEVTYP_T":0},"geometry":{"type":"LineString","coordinates":[[-74.5969608120432,39.3274402464217],[-74.5969821715508,39.3275759021028],[-74.5969831374889,39.327617721611],[-74.5969844277293,39.3276734818537],[-74.5968467476991,39.3279439642356]]}},{"type":"Feature","id":138626,"properties":{"OBJECTID":138626,"PRIMENAME":"Village Drive South","ELEVTYP_F":0,"ELEVTYP_T":0},"geometry":{"type":"LineString","coordinates":[[-74.6141582008108,39.315833535095],[-74.6141568919004,39.3158330418304],[-74.614023694114,39.3157828437685],[-74.613908493344,39.3157354565082],[-74.61365280803,39.3156127260774],[-74.6133503781008,39.3154788668812],[-74.6128030684632,39.3152138901065],[-74.6125906424374,39.3151079192323],[-74.6124609909092,39.3150409670666],[-74.6123793208958,39.3149844575523]]}},{"type":"Feature","id":139276,"properties":{"OBJECTID":139276,"PRIMENAME":"Atlantic Avenue","ELEVTYP_F":0,"ELEVTYP_T":0},"geometry":{"type":"LineString","coordinates":[[-74.5891284585764,39.3267466948424],[-74.5890151681265,39.3269244546118],[-74.588501240925,39.3277311178741],[-74.5882404226569,39.3281371841568]]}},{"type":"Feature","id":139330,"properties":{"OBJECTID":139330,"PRIMENAME":"FR CO 635 to NJ 152 EB","ELEVTYP_F":0,"ELEVTYP_T":0},"geometry":{"type":"LineString","coordinates":[[-74.5882776488645,39.3178159957531],[-74.5881656104949,39.3178552886803],[-74.5880847270431,39.3178775901584],[-74.5880155981933,39.3178868406786],[-74.587949920193,39.3178855724242],[-74.5877784321671,39.3178734012168]]}},{"type":"Feature","id":139778,"properties":{"OBJECTID":139778,"PRIMENAME":"Mays Landing Road Bridge","ELEVTYP_F":0,"ELEVTYP_T":0},"geometry":{"type":"LineString","coordinates":[[-74.6288708480046,39.3154471359873],[-74.629581593119,39.3155141676614]]}},{"type":"Feature","id":141724,"properties":{"OBJECTID":141724,"PRIMENAME":"Miller Lane","ELEVTYP_F":0,"ELEVTYP_T":0},"geometry":{"type":"LineString","coordinates":[[-74.5952592792885,39.3101582683287],[-74.5967631105377,39.3110673641563],[-74.5971279500006,39.3112823772289]]}},{"type":"Feature","id":142414,"properties":{"OBJECTID":142414,"PRIMENAME":"Unnamed Segment","ELEVTYP_F":0,"ELEVTYP_T":0},"geometry":{"type":"LineString","coordinates":[[-74.5971606630964,39.3266580394022],[-74.5968805221641,39.3264637852094],[-74.5967183735999,39.3263781192529],[-74.59659568696,39.3263558061552],[-74.5964679016066,39.3263325648104],[-74.5960112925287,39.3263501028432]]}},{"type":"Feature","id":143912,"properties":{"OBJECTID":143912,"PRIMENAME":"Steelman Avenue","ELEVTYP_F":0,"ELEVTYP_T":0},"geometry":{"type":"LineString","coordinates":[[-74.5895104465817,39.3306062345541],[-74.5895379767516,39.3305695313307],[-74.5899507642914,39.3300540311759]]}},{"type":"Feature","id":144181,"properties":{"OBJECTID":144181,"PRIMENAME":"County Route 585","ELEVTYP_F":0,"ELEVTYP_T":0},"geometry":{"type":"LineString","coordinates":[[-74.5983654939609,39.3091083274663],[-74.5983381538368,39.3091339968339],[-74.5982733858989,39.3092122595868],[-74.5982331920166,39.3092661713944],[-74.5982019488423,39.3093218133144],[-74.5981595410571,39.3093913678541],[-74.5980199207988,39.3096976651842]]}},{"type":"Feature","id":144184,"properties":{"OBJECTID":144184,"PRIMENAME":"Sunny Avenue","ELEVTYP_F":0,"ELEVTYP_T":0},"geometry":{"type":"LineString","coordinates":[[-74.5851237251906,39.3246304046831],[-74.5854930037327,39.3241645477947],[-74.5856873915458,39.3239272589835]]}},{"type":"Feature","id":144599,"properties":{"OBJECTID":144599,"PRIMENAME":"Colwick Drive","ELEVTYP_F":0,"ELEVTYP_T":0},"geometry":{"type":"LineString","coordinates":[[-74.609704439063,39.3203216429766],[-74.6093408518596,39.3200801719245],[-74.6090454151894,39.3198817426365]]}},{"type":"Feature","id":144851,"properties":{"OBJECTID":144851,"PRIMENAME":"West New Jersey Avenue","ELEVTYP_F":0,"ELEVTYP_T":0},"geometry":{"type":"LineString","coordinates":[[-74.5962941955728,39.3127693979547],[-74.5964039401713,39.3128187295387],[-74.5965578889281,39.3128843606752],[-74.596913695062,39.3130014711667]]}},{"type":"Feature","id":146159,"properties":{"OBJECTID":146159,"PRIMENAME":"Jefferson Avenue","ELEVTYP_F":0,"ELEVTYP_T":0},"geometry":{"type":"LineString","coordinates":[[-74.6006517246367,39.3257070367991],[-74.6011562878875,39.3250601819165],[-74.601442527171,39.3246921472154]]}},{"type":"Feature","id":148800,"properties":{"OBJECTID":148800,"PRIMENAME":"West Laurel Drive","ELEVTYP_F":0,"ELEVTYP_T":0},"geometry":{"type":"LineString","coordinates":[[-74.606478688003,39.3164782148396],[-74.606408187986,39.3164364453996],[-74.6062066030374,39.316319140536],[-74.6061985265668,39.3163149969431],[-74.6059374744662,39.3161810302996],[-74.6057156295365,39.3160824421586],[-74.6055349028589,39.3160094904879],[-74.6054035737424,39.3159564784285]]}},{"type":"Feature","id":149222,"properties":{"OBJECTID":149222,"PRIMENAME":"Kirklin Avenue","ELEVTYP_F":0,"ELEVTYP_T":0},"geometry":{"type":"LineString","coordinates":[[-74.5907115042359,39.3339387410133],[-74.589688498104,39.333545107142]]}},{"type":"Feature","id":150527,"properties":{"OBJECTID":150527,"PRIMENAME":"Massachusetts Avenue","ELEVTYP_F":0,"ELEVTYP_T":0},"geometry":{"type":"LineString","coordinates":[[-74.6043513883084,39.3234886661053],[-74.6045172659794,39.3235915083768],[-74.6051588313665,39.3239829598698]]}},{"type":"Feature","id":151675,"properties":{"OBJECTID":151675,"PRIMENAME":"Goll Avenue","ELEVTYP_F":0,"ELEVTYP_T":0},"geometry":{"type":"LineString","coordinates":[[-74.5983654939609,39.3091083274663],[-74.5980674489912,39.308830177699],[-74.5977106917038,39.3085239204968],[-74.5976685575036,39.3084941649188],[-74.5976225243019,39.3084823145403],[-74.5975650783226,39.3084734391997],[-74.597553756005,39.3084747665839]]}},{"type":"Feature","id":151831,"properties":{"OBJECTID":151831,"PRIMENAME":"West Connecticut Avenue","ELEVTYP_F":0,"ELEVTYP_T":0},"geometry":{"type":"LineString","coordinates":[[-74.5954245629232,39.3167007673834],[-74.5956638393652,39.3167865656139],[-74.5960076626869,39.3169150830585]]}},{"type":"Feature","id":152125,"properties":{"OBJECTID":152125,"PRIMENAME":"Shore Road","ELEVTYP_F":0,"ELEVTYP_T":0},"geometry":{"type":"LineString","coordinates":[[-74.5829821421591,39.3301609438745],[-74.5828015324299,39.3303827862756],[-74.5825007219837,39.3307596806929]]}},{"type":"Feature","id":152733,"properties":{"OBJECTID":152733,"PRIMENAME":"1st Street","ELEVTYP_F":0,"ELEVTYP_T":0},"geometry":{"type":"LineString","coordinates":[[-74.596236908742,39.3154066841021],[-74.5959656768789,39.3158342210609],[-74.5954245629232,39.3167007673834]]}},{"type":"Feature","id":152893,"properties":{"OBJECTID":152893,"PRIMENAME":"Holly Hills Drive","ELEVTYP_F":0,"ELEVTYP_T":0},"geometry":{"type":"LineString","coordinates":[[-74.6025370754015,39.3097634533471],[-74.6024515180057,39.309977617793],[-74.6023869873716,39.3101285776585],[-74.6023511657073,39.31023761344],[-74.6023225675101,39.3103549898314],[-74.6023155119527,39.3104612266948],[-74.6023264949677,39.3106009734121],[-74.6023698773554,39.3107322888177],[-74.6024096169284,39.310838457497],[-74.6024997333986,39.3109753059838],[-74.6026021941832,39.3111098374271],[-74.6026123089963,39.3111231173648],[-74.6026668214877,39.3111794658534],[-74.6026716698457,39.3111834981386]]}},{"type":"Feature","id":154490,"properties":{"OBJECTID":154490,"PRIMENAME":"Great Bay Court","ELEVTYP_F":0,"ELEVTYP_T":0},"geometry":{"type":"LineString","coordinates":[[-74.60606340113,39.3104664662398],[-74.6059148073958,39.3107839972155],[-74.6055833991775,39.3106942255583]]}},{"type":"Feature","id":155350,"properties":{"OBJECTID":155350,"PRIMENAME":"3rd Street","ELEVTYP_F":0,"ELEVTYP_T":0},"geometry":{"type":"LineString","coordinates":[[-74.59961714233,39.3145594026833],[-74.5994569644867,39.3148132861326],[-74.5992692669738,39.3151107878319],[-74.5991788759911,39.315254382947]]}},{"type":"Feature","id":157858,"properties":{"OBJECTID":157858,"PRIMENAME":"Bethel Road","ELEVTYP_F":0,"ELEVTYP_T":0},"geometry":{"type":"LineString","coordinates":[[-74.5940502926114,39.3188181332695],[-74.5940526974126,39.3189511602101],[-74.5940544659021,39.3190489549527],[-74.5940677744467,39.3203552351155],[-74.594087728931,39.3209057335214],[-74.5941043707778,39.321364850423]]}},{"type":"Feature","id":158647,"properties":{"OBJECTID":158647,"PRIMENAME":"West Laurel Drive","ELEVTYP_F":0,"ELEVTYP_T":0},"geometry":{"type":"LineString","coordinates":[[-74.6124909269008,39.3204692270413],[-74.6124314061357,39.3204292532028],[-74.6120676030737,39.3201924580103],[-74.6111543868198,39.3195835705982],[-74.6105249430264,39.3191635295321],[-74.6101349568356,39.3189021256962]]}},{"type":"Feature","id":159924,"properties":{"OBJECTID":159924,"PRIMENAME":"West Groveland Avenue","ELEVTYP_F":0,"ELEVTYP_T":0},"geometry":{"type":"LineString","coordinates":[[-74.6027534180298,39.3267896372854],[-74.6033271180782,39.327079019681]]}},{"type":"Feature","id":160069,"properties":{"OBJECTID":160069,"PRIMENAME":"Cooper Drive","ELEVTYP_F":0,"ELEVTYP_T":0},"geometry":{"type":"LineString","coordinates":[[-74.6026877548285,39.3300915491005],[-74.6035836301344,39.3288726590881],[-74.6044721953354,39.3276562943835]]}},{"type":"Feature","id":160932,"properties":{"OBJECTID":160932,"PRIMENAME":"Sunny Avenue","ELEVTYP_F":0,"ELEVTYP_T":0},"geometry":{"type":"LineString","coordinates":[[-74.5889220421231,39.3199111823156],[-74.5891038691831,39.3196824919117],[-74.5897085453102,39.3189350620124]]}},{"type":"Feature","id":161079,"properties":{"OBJECTID":161079,"PRIMENAME":"Mays Landing Road","ELEVTYP_F":0,"ELEVTYP_T":0},"geometry":{"type":"LineString","coordinates":[[-74.610222059136,39.3114548638856],[-74.6110600308226,39.3116847675921],[-74.6113740931529,39.311771236038],[-74.6120834630706,39.3119665378426],[-74.6125084531712,39.3120859536449],[-74.6126431189408,39.3121237928494],[-74.6128077569089,39.3121686085105]]}},{"type":"Feature","id":161185,"properties":{"OBJECTID":161185,"PRIMENAME":"Bay Avenue","ELEVTYP_F":0,"ELEVTYP_T":0},"geometry":{"type":"LineString","coordinates":[[-74.5834428964716,39.3238127744749],[-74.5839088665874,39.323229090518],[-74.5840102119741,39.3231072181914]]}},{"type":"Feature","id":161188,"properties":{"OBJECTID":161188,"PRIMENAME":"Chapman Boulevard","ELEVTYP_F":0,"ELEVTYP_T":0},"geometry":{"type":"LineString","coordinates":[[-74.6058922378345,39.3318696402995],[-74.6052394967718,39.3315036830389],[-74.6050333526934,39.3313911314808]]}},{"type":"Feature","id":161629,"properties":{"OBJECTID":161629,"PRIMENAME":"Wabash Avenue","ELEVTYP_F":0,"ELEVTYP_T":0},"geometry":{"type":"LineString","coordinates":[[-74.582486572216,39.3353865834596],[-74.5825991253894,39.3352476819959],[-74.5834670591742,39.3341766298105],[-74.5835838433507,39.3340268632239],[-74.583764874517,39.3337947024244],[-74.583834059228,39.333705975623]]}},{"type":"Feature","id":162093,"properties":{"OBJECTID":162093,"PRIMENAME":"Village Drive North","ELEVTYP_F":0,"ELEVTYP_T":0},"geometry":{"type":"LineString","coordinates":[[-74.6113023276975,39.3171785049656],[-74.6115577118489,39.3171770525154],[-74.6117016469373,39.3171769144926],[-74.6118203784535,39.3171768005041],[-74.6119426898728,39.3171599070553],[-74.6121153299789,39.3171178412582],[-74.6123526911527,39.3170533355871],[-74.6125720604438,39.3169888198069],[-74.6127446997505,39.3169467530765],[-74.6129101290787,39.3169046939839],[-74.6130791815736,39.3168737508102],[-74.613277014799,39.3168484076876],[-74.613392149157,39.3168315187981],[-74.613482036226,39.3168090819611],[-74.6135791655777,39.3167838364508],[-74.6136665435007,39.3167617307171]]}},{"type":"Feature","id":162294,"properties":{"OBJECTID":162294,"PRIMENAME":"Mays Landing Road","ELEVTYP_F":0,"ELEVTYP_T":0},"geometry":{"type":"LineString","coordinates":[[-74.6138274207499,39.3124497905284],[-74.6149545221892,39.3127614177641],[-74.6162839287758,39.3131295962234]]}},{"type":"Feature","id":162403,"properties":{"OBJECTID":162403,"PRIMENAME":"Pleasant Avenue","ELEVTYP_F":0,"ELEVTYP_T":0},"geometry":{"type":"LineString","coordinates":[[-74.5887702309462,39.317208713436],[-74.5888507387447,39.3172532694399],[-74.5895676629929,39.3176451894024]]}},{"type":"Feature","id":162626,"properties":{"OBJECTID":162626,"PRIMENAME":"Shore Road","ELEVTYP_F":0,"ELEVTYP_T":0},"geometry":{"type":"LineString","coordinates":[[-74.5975475581766,39.3105359579668],[-74.5973913929668,39.3108123963512]]}},{"type":"Feature","id":162717,"properties":{"OBJECTID":162717,"PRIMENAME":"Exton Road","ELEVTYP_F":0,"ELEVTYP_T":0},"geometry":{"type":"LineString","coordinates":[[-74.6076005992469,39.3289248007827],[-74.6075869042039,39.3289390156786],[-74.607496961535,39.3290524130969],[-74.6074179427341,39.3291652508667]]}},{"type":"Feature","id":163066,"properties":{"OBJECTID":163066,"PRIMENAME":"Wabash Avenue","ELEVTYP_F":0,"ELEVTYP_T":0},"geometry":{"type":"LineString","coordinates":[[-74.5840120660351,39.3332791291527],[-74.5839971334188,39.333302122437],[-74.5839809994585,39.3333246209436],[-74.5839636912844,39.3333465868383],[-74.5839452380012,39.333367983183],[-74.5837033962914,39.3336566194948]]}},{"type":"Feature","id":163338,"properties":{"OBJECTID":163338,"PRIMENAME":"4th Street","ELEVTYP_F":0,"ELEVTYP_T":0},"geometry":{"type":"LineString","coordinates":[[-74.6010466365921,39.314551031689],[-74.6011172136869,39.3144460577131],[-74.6013055239436,39.3141426593292],[-74.6015454735528,39.3137654387125]]}},{"type":"Feature","id":163363,"properties":{"OBJECTID":163363,"PRIMENAME":"Dawn Drive","ELEVTYP_F":0,"ELEVTYP_T":0},"geometry":{"type":"LineString","coordinates":[[-74.5779387295704,39.3339699237859],[-74.5779548844737,39.3339667826403],[-74.5780052306416,39.3339667489109],[-74.5780601895858,39.3339809350122],[-74.5787792438684,39.3342506532003],[-74.5789853874264,39.334328738343]]}},{"type":"Feature","id":163370,"properties":{"OBJECTID":163370,"PRIMENAME":"Defeo Lane","ELEVTYP_F":0,"ELEVTYP_T":0},"geometry":{"type":"LineString","coordinates":[[-74.6002825502079,39.3313295070526],[-74.5993176693121,39.3311423371702],[-74.5990795630756,39.331096742709]]}},{"type":"Feature","id":163459,"properties":{"OBJECTID":163459,"PRIMENAME":"West Avenue","ELEVTYP_F":0,"ELEVTYP_T":0},"geometry":{"type":"LineString","coordinates":[[-74.5873777342159,39.3371473733214],[-74.586978969456,39.3373075708127],[-74.5863557153812,39.3375620929859]]}},{"type":"Feature","id":163505,"properties":{"OBJECTID":163505,"PRIMENAME":"Devon Road","ELEVTYP_F":0,"ELEVTYP_T":0},"geometry":{"type":"LineString","coordinates":[[-74.6120499851254,39.3230635067686],[-74.612048449217,39.323119986652],[-74.6120658365601,39.3232499233016],[-74.6121090449167,39.3234331570265],[-74.6121650376092,39.3235863947835],[-74.6122553865777,39.323736250153],[-74.6123585707936,39.3238661039756],[-74.6124659965733,39.3239726423159],[-74.6127812094324,39.3241862817971]]}},{"type":"Feature","id":163510,"properties":{"OBJECTID":163510,"PRIMENAME":"6th Street","ELEVTYP_F":0,"ELEVTYP_T":0},"geometry":{"type":"LineString","coordinates":[[-74.6035183981153,39.315103737667],[-74.6035026958703,39.3151223120499],[-74.6034040682488,39.3152823918944],[-74.6033174937039,39.3154195883266]]}},{"type":"Feature","id":163552,"properties":{"OBJECTID":163552,"PRIMENAME":"West Laurel Drive","ELEVTYP_F":0,"ELEVTYP_T":0},"geometry":{"type":"LineString","coordinates":[[-74.6091485290071,39.318244692623],[-74.6083420807709,39.3177060815334],[-74.6079038498252,39.3174143746565]]}},{"type":"Feature","id":163761,"properties":{"OBJECTID":163761,"PRIMENAME":"West Groveland Avenue","ELEVTYP_F":0,"ELEVTYP_T":0},"geometry":{"type":"LineString","coordinates":[[-74.5921280979767,39.321352895621],[-74.5923448145109,39.3214507173145],[-74.5924295311649,39.3214925497088]]}},{"type":"Feature","id":163961,"properties":{"OBJECTID":163961,"PRIMENAME":"Bala Drive","ELEVTYP_F":0,"ELEVTYP_T":0},"geometry":{"type":"LineString","coordinates":[[-74.6079024037177,39.3218341434176],[-74.6080009219102,39.3219475043406],[-74.6080696838417,39.3220207497745],[-74.6081556011131,39.3221006524684],[-74.6082501039043,39.3221772240067],[-74.6083703668317,39.322270410447],[-74.6085035183174,39.3223535911043],[-74.6086237355067,39.3224167945881],[-74.6087954741812,39.3224899443507],[-74.608980029513,39.3225530873159],[-74.6090332595965,39.322571487967]]}},{"type":"Feature","id":164233,"properties":{"OBJECTID":164233,"PRIMENAME":"Chapman Boulevard","ELEVTYP_F":0,"ELEVTYP_T":0},"geometry":{"type":"LineString","coordinates":[[-74.6011975019612,39.3294225503407],[-74.6009049774266,39.3292933726023]]}},{"type":"Feature","id":164252,"properties":{"OBJECTID":164252,"PRIMENAME":"Great Bay Drive","ELEVTYP_F":0,"ELEVTYP_T":0},"geometry":{"type":"LineString","coordinates":[[-74.6031710505708,39.3102329927925],[-74.6031191517922,39.3101440434438],[-74.6030591552626,39.3100539175657],[-74.6029840447294,39.3099754742122],[-74.6028567176899,39.3099144951567],[-74.6027959659685,39.3098737219785],[-74.6027548189065,39.3098359194768],[-74.6026845436515,39.3098125314096],[-74.6025370754015,39.3097634533471]]}},{"type":"Feature","id":164786,"properties":{"OBJECTID":164786,"PRIMENAME":"Atlantic Avenue","ELEVTYP_F":0,"ELEVTYP_T":0},"geometry":{"type":"LineString","coordinates":[[-74.5896049732669,39.3259988698808],[-74.5891284585764,39.3267466948424]]}},{"type":"Feature","id":164796,"properties":{"OBJECTID":164796,"PRIMENAME":"Jefferson Avenue","ELEVTYP_F":0,"ELEVTYP_T":0},"geometry":{"type":"LineString","coordinates":[[-74.6025335909409,39.3233230694579],[-74.6027116500206,39.3231045197596],[-74.602818339733,39.3229607167265],[-74.6028922087479,39.3228552713932],[-74.603007042356,39.3226731583193],[-74.6032092039029,39.3223556598745]]}},{"type":"Feature","id":164862,"properties":{"OBJECTID":164862,"PRIMENAME":"West Seaview Avenue","ELEVTYP_F":0,"ELEVTYP_T":0},"geometry":{"type":"LineString","coordinates":[[-74.5813470465896,39.336838232552],[-74.5811094449846,39.3367471036567]]}},{"type":"Feature","id":165178,"properties":{"OBJECTID":165178,"PRIMENAME":"Wabash Avenue","ELEVTYP_F":0,"ELEVTYP_T":0},"geometry":{"type":"LineString","coordinates":[[-74.58460995279,39.3327803497203],[-74.585172174963,39.3321061084371],[-74.585203735215,39.3320674260118]]}},{"type":"Feature","id":165270,"properties":{"OBJECTID":165270,"PRIMENAME":"Mays Landing Road","ELEVTYP_F":0,"ELEVTYP_T":0},"geometry":{"type":"LineString","coordinates":[[-74.6218009675795,39.3146524717627],[-74.6219618715059,39.3146978819063],[-74.6221612058767,39.3147482483337],[-74.6223528551027,39.3147897269355],[-74.6225253263165,39.3148193094095],[-74.6227016448587,39.3148459211845],[-74.6230121901247,39.314881808969],[-74.6230868557685,39.3148898022621]]}},{"type":"Feature","id":165335,"properties":{"OBJECTID":165335,"PRIMENAME":"South Laurel Drive","ELEVTYP_F":0,"ELEVTYP_T":0},"geometry":{"type":"LineString","coordinates":[[-74.6147367375076,39.3188288190593],[-74.6145788221297,39.3186469899941],[-74.6144023040216,39.3185018340881],[-74.6142185453251,39.3183594856514],[-74.6140312438234,39.3182338892603],[-74.6138956394915,39.318141299236]]}},{"type":"Feature","id":165482,"properties":{"OBJECTID":165482,"PRIMENAME":"Nassau Road","ELEVTYP_F":0,"ELEVTYP_T":0},"geometry":{"type":"LineString","coordinates":[[-74.6060117056141,39.3207029259566],[-74.6058659053536,39.3209238674399],[-74.6057838314066,39.3210229236565],[-74.6056277981988,39.3211635628288],[-74.6053075496955,39.3214352920889],[-74.6045150702312,39.3221161687405],[-74.6041742539983,39.3223974952788],[-74.604034649043,39.3225125821725],[-74.6039279116518,39.3226212419673]]}},{"type":"Feature","id":165669,"properties":{"OBJECTID":165669,"PRIMENAME":"Defeo Lane","ELEVTYP_F":0,"ELEVTYP_T":0},"geometry":{"type":"LineString","coordinates":[[-74.6036075382507,39.3329514098552],[-74.6034821338641,39.3328801607568],[-74.6032714504837,39.3327602793196]]}},{"type":"Feature","id":165911,"properties":{"OBJECTID":165911,"PRIMENAME":"West New Jersey Avenue","ELEVTYP_F":0,"ELEVTYP_T":0},"geometry":{"type":"LineString","coordinates":[[-74.596913695062,39.3130014711667],[-74.597137469859,39.313075114702],[-74.5971736724544,39.3130870302194],[-74.5975837444201,39.3132351472034]]}},{"type":"Feature","id":166444,"properties":{"OBJECTID":166444,"PRIMENAME":"Yacht Avenue","ELEVTYP_F":0,"ELEVTYP_T":0},"geometry":{"type":"LineString","coordinates":[[-74.5893308819564,39.3141744178529],[-74.589323831495,39.3141690814204],[-74.5892236853894,39.3140765182375],[-74.5891428364643,39.3140108484858]]}},{"type":"Feature","id":166486,"properties":{"OBJECTID":166486,"PRIMENAME":"Bethel Road","ELEVTYP_F":0,"ELEVTYP_T":0},"geometry":{"type":"LineString","coordinates":[[-74.5941043707778,39.321364850423],[-74.594111859198,39.3215715680056],[-74.5941148806148,39.3217430889286]]}},{"type":"Feature","id":166521,"properties":{"OBJECTID":166521,"PRIMENAME":"Bliss Avenue","ELEVTYP_F":0,"ELEVTYP_T":0},"geometry":{"type":"LineString","coordinates":[[-74.5865040024509,39.3283788995894],[-74.586742626868,39.3280843844928],[-74.5871322904335,39.3276026099108]]}},{"type":"Feature","id":166591,"properties":{"OBJECTID":166591,"PRIMENAME":"Bethel Road","ELEVTYP_F":0,"ELEVTYP_T":0},"geometry":{"type":"LineString","coordinates":[[-74.5942960171625,39.3266164039584],[-74.5943042516868,39.3269822604489],[-74.5943203860533,39.3275984621864]]}},{"type":"Feature","id":166635,"properties":{"OBJECTID":166635,"PRIMENAME":"Bayside Drive","ELEVTYP_F":0,"ELEVTYP_T":0},"geometry":{"type":"LineString","coordinates":[[-74.6241818661431,39.3136290682929],[-74.6244769785864,39.3136542534293],[-74.6245173796353,39.3136604411709],[-74.6245558117605,39.3136719341117],[-74.624591123997,39.3136883857704],[-74.6246197709793,39.3137076298782],[-74.6246222729763,39.3137093108258],[-74.6246483264024,39.3137340833111],[-74.6246685094853,39.3137619644891],[-74.6246822200639,39.3137921289591],[-74.6247112031914,39.3138791843456],[-74.6247193854624,39.3139026202289],[-74.6247320498706,39.313924820794],[-74.6247489044437,39.3139452755894],[-74.624769555214,39.3139635049003],[-74.6247935294658,39.3139790903518],[-74.6248202664513,39.3139916713158],[-74.6248491522013,39.3140009565842],[-74.6253122094774,39.3141186479711],[-74.6253568748533,39.314124175036],[-74.625402099992,39.3141243082928],[-74.6254468191608,39.3141190416829],[-74.6254899645511,39.3141085051747],[-74.625539199875,39.314093149922],[-74.6255608904101,39.3140921824736],[-74.6255808281491,39.314091541206],[-74.6256007870932,39.3141008142975],[-74.6256171712573,39.3141167915155],[-74.6256711145689,39.3142284093066],[-74.6256752376316,39.3142494461249],[-74.6256704793976,39.3142661812236],[-74.6256537517385,39.3142779729504],[-74.6256314089804,39.3142897139831],[-74.6251238218782,39.3144382008264],[-74.6249344403161,39.3145304262179],[-74.6246323346631,39.3145953484849],[-74.6245954871401,39.3146112467998],[-74.6245731944931,39.3146344027199],[-74.6245615563243,39.3146691137177],[-74.6245284900608,39.3149353772481],[-74.6245171538756,39.3150266573778]]}},{"type":"Feature","id":166721,"properties":{"OBJECTID":166721,"PRIMENAME":"Unnamed Segment","ELEVTYP_F":0,"ELEVTYP_T":0},"geometry":{"type":"LineString","coordinates":[[-74.5934435850417,39.3234047844826],[-74.5934411913133,39.3233272784651],[-74.5933920144159,39.3232083454665],[-74.5931833298765,39.3229324975181],[-74.5931465302329,39.3229039729288],[-74.5930913795539,39.3228992589404],[-74.5930423761071,39.3229088152317],[-74.5928805135543,39.3231375029371]]}},{"type":"Feature","id":166732,"properties":{"OBJECTID":166732,"PRIMENAME":"West New Jersey Avenue","ELEVTYP_F":0,"ELEVTYP_T":0},"geometry":{"type":"LineString","coordinates":[[-74.6033174937039,39.3154195883266],[-74.6038399677201,39.3156212612329],[-74.6043865790138,39.3158419110625],[-74.6044096473286,39.3158568268096],[-74.6044179427222,39.3158726070752],[-74.6044212153757,39.315886689303]]}},{"type":"Feature","id":166743,"properties":{"OBJECTID":166743,"PRIMENAME":"Rose Lane","ELEVTYP_F":0,"ELEVTYP_T":0},"geometry":{"type":"LineString","coordinates":[[-74.6126337645502,39.3179292696569],[-74.6125488420126,39.3182269570392],[-74.6124844822287,39.3184757516158],[-74.6124452006239,39.3186685920743],[-74.6124202618501,39.3188111999854],[-74.6123810113984,39.3190012676704],[-74.6123299669608,39.3192656991449]]}},{"type":"Feature","id":166774,"properties":{"OBJECTID":166774,"PRIMENAME":"Rhode Island Avenue","ELEVTYP_F":0,"ELEVTYP_T":0},"geometry":{"type":"LineString","coordinates":[[-74.5970875862053,39.3185706637635],[-74.5974859257952,39.3187237605245],[-74.5982196513168,39.3190019138379]]}},{"type":"Feature","id":166815,"properties":{"OBJECTID":166815,"PRIMENAME":"Unnamed Segment","ELEVTYP_F":0,"ELEVTYP_T":0},"geometry":{"type":"LineString","coordinates":[[-74.6081708576113,39.3298258511947],[-74.6089472122237,39.3301029769363]]}},{"type":"Feature","id":167046,"properties":{"OBJECTID":167046,"PRIMENAME":"Braddock Drive","ELEVTYP_F":0,"ELEVTYP_T":0},"geometry":{"type":"LineString","coordinates":[[-74.6011867025603,39.3135374472388],[-74.601427152258,39.3131895227536]]}},{"type":"Feature","id":167432,"properties":{"OBJECTID":167432,"PRIMENAME":"West Connecticut Avenue","ELEVTYP_F":0,"ELEVTYP_T":0},"geometry":{"type":"LineString","coordinates":[[-74.6022991566185,39.3193020734151],[-74.6034372611387,39.3197245357632]]}},{"type":"Feature","id":167935,"properties":{"OBJECTID":167935,"PRIMENAME":"Bay Avenue","ELEVTYP_F":0,"ELEVTYP_T":0},"geometry":{"type":"LineString","coordinates":[[-74.5872238656853,39.3191301095096],[-74.5873501427514,39.318971872093],[-74.5879645263181,39.3182019748183],[-74.5880899244699,39.3180474350892]]}},{"type":"Feature","id":168205,"properties":{"OBJECTID":168205,"PRIMENAME":"Kent Lane","ELEVTYP_F":0,"ELEVTYP_T":0},"geometry":{"type":"LineString","coordinates":[[-74.5804125963377,39.334594366774],[-74.5808900152644,39.3339841374625]]}},{"type":"Feature","id":168555,"properties":{"OBJECTID":168555,"PRIMENAME":"West Avenue","ELEVTYP_F":0,"ELEVTYP_T":0},"geometry":{"type":"LineString","coordinates":[[-74.5927085163647,39.334990568002],[-74.5925213341843,39.3350674040826],[-74.5918342992651,39.335347376861]]}},{"type":"Feature","id":168664,"properties":{"OBJECTID":168664,"PRIMENAME":"US Highway 9","ELEVTYP_F":0,"ELEVTYP_T":0},"geometry":{"type":"LineString","coordinates":[[-74.6180426181019,39.307189474296],[-74.617974783414,39.3079028806042],[-74.6179533527984,39.3080430974348],[-74.6179031187744,39.3082253251256],[-74.6178241148866,39.3084497014267],[-74.6177162811704,39.3087021393543],[-74.6175723999721,39.3089770196099],[-74.6174572466267,39.3091649958808],[-74.617306014397,39.3093782150588],[-74.6171907953062,39.3095269001772],[-74.6170791294875,39.3096447754593],[-74.6170034337016,39.3097149216233],[-74.6168484887217,39.3098440427316],[-74.6166898764806,39.3099563364399],[-74.6165276504395,39.3100434277841],[-74.616300515585,39.310164177034],[-74.6161145779904,39.3102473459066],[-74.6158428986588,39.310372231993]]}},{"type":"Feature","id":168686,"properties":{"OBJECTID":168686,"PRIMENAME":"Defeo Lane","ELEVTYP_F":0,"ELEVTYP_T":0},"geometry":{"type":"LineString","coordinates":[[-74.5990795630756,39.331096742709],[-74.5979199427944,39.3308747464209]]}},{"type":"Feature","id":169292,"properties":{"OBJECTID":169292,"PRIMENAME":"Exton Road","ELEVTYP_F":0,"ELEVTYP_T":0},"geometry":{"type":"LineString","coordinates":[[-74.6102293283686,39.3264411793637],[-74.6097119319254,39.3269276828465],[-74.6096050762134,39.3270275613301]]}},{"type":"Feature","id":169304,"properties":{"OBJECTID":169304,"PRIMENAME":"Meadow View Drive","ELEVTYP_F":0,"ELEVTYP_T":0},"geometry":{"type":"LineString","coordinates":[[-74.5754118297275,39.3376150566711],[-74.5751103836606,39.3374965010067]]}},{"type":"Feature","id":169802,"properties":{"OBJECTID":169802,"PRIMENAME":"Unnamed Segment","ELEVTYP_F":0,"ELEVTYP_T":0},"geometry":{"type":"LineString","coordinates":[[-74.6102718367835,39.3113267728249],[-74.6103053970562,39.3113026486818],[-74.6104010459276,39.3113186186796],[-74.6109957220533,39.3114846899295],[-74.611049995849,39.31148463817],[-74.6110913407413,39.3114805828817],[-74.6111094018831,39.3114624970595],[-74.6111300414057,39.3114403938322],[-74.6112948503584,39.3110648020083],[-74.6113025441077,39.3110266495577],[-74.6112921288749,39.3109784748141],[-74.6111755486186,39.3107999046469],[-74.6111573828402,39.3107517381916],[-74.6110978576333,39.310699594467],[-74.6109840870603,39.3106635658077],[-74.6103739415452,39.3105155786286],[-74.6102912212905,39.3105036122006],[-74.6101774955225,39.3104956882019],[-74.6100379493727,39.3105018439494],[-74.6099836983335,39.3105159479616],[-74.6099397966868,39.3105360650382],[-74.6098752518883,39.3105782878162],[-74.6096588860385,39.3110402551369],[-74.6096460387677,39.3110884519386],[-74.6096719221529,39.311114526928],[-74.6097572716649,39.3111545995078],[-74.6098917105031,39.3111865949136],[-74.6102510993537,39.3112866385504],[-74.6102718367835,39.3113267728249]]}},{"type":"Feature","id":170522,"properties":{"OBJECTID":170522,"PRIMENAME":"4th Street","ELEVTYP_F":0,"ELEVTYP_T":0},"geometry":{"type":"LineString","coordinates":[[-74.5979393401604,39.3194599941398],[-74.5980677205223,39.3192501977663]]}},{"type":"Feature","id":170664,"properties":{"OBJECTID":170664,"PRIMENAME":"Bucknell Road","ELEVTYP_F":0,"ELEVTYP_T":0},"geometry":{"type":"LineString","coordinates":[[-74.6113441640154,39.3275586020477],[-74.611570155093,39.3273466654404],[-74.6122259633588,39.3267317975344],[-74.6123543020088,39.3266114672356],[-74.6123953407344,39.3265635150922],[-74.6124107672754,39.3265276414703],[-74.612417619594,39.3265015238415],[-74.6124120669459,39.3264780530751],[-74.612403804982,39.3264626030752],[-74.612384536903,39.3264396950475],[-74.6123375263063,39.3264007243437],[-74.6121200683889,39.3262592944171]]}},{"type":"Feature","id":170715,"properties":{"OBJECTID":170715,"PRIMENAME":"Bala Drive","ELEVTYP_F":0,"ELEVTYP_T":0},"geometry":{"type":"LineString","coordinates":[[-74.6128685720117,39.3252917212446],[-74.6129959715488,39.3253750121913],[-74.6132536348358,39.3255413972006],[-74.6133266761503,39.3255879757046],[-74.6133876957847,39.3256115014133],[-74.6134491625609,39.3256267625799],[-74.6135233520559,39.3256401718434],[-74.6136068286571,39.3256473113337],[-74.6136844909244,39.3256436385591],[-74.6137729094371,39.3256241954668],[-74.6138329585299,39.3255940981926],[-74.6139100796992,39.3255407566748],[-74.6140472109391,39.3254106411422],[-74.6143899098237,39.3251070717149],[-74.6147240618328,39.3248101802217],[-74.6149725284477,39.3245833342042],[-74.6150796261748,39.3244866069729],[-74.6151524490012,39.3243998810694],[-74.6152209071246,39.3243031648982],[-74.6152722708756,39.324216488081],[-74.6153192894694,39.3241097985361],[-74.6153491266316,39.3240031539223],[-74.6153746948794,39.3238798196272],[-74.6153916266886,39.323749849474],[-74.6153914131483,39.3236198963126],[-74.6153888662603,39.3235973289173]]}},{"type":"Feature","id":170827,"properties":{"OBJECTID":170827,"PRIMENAME":"Gulf Mill Road","ELEVTYP_F":0,"ELEVTYP_T":0},"geometry":{"type":"LineString","coordinates":[[-74.6172039927398,39.3198525631181],[-74.6173365199343,39.3196224225628],[-74.6174728967778,39.319390329499],[-74.6174944101911,39.3193399792166],[-74.6175051428062,39.3192896668369],[-74.6175034667112,39.3192174023932]]}},{"type":"Feature","id":170966,"properties":{"OBJECTID":170966,"PRIMENAME":"Chapman Boulevard","ELEVTYP_F":0,"ELEVTYP_T":0},"geometry":{"type":"LineString","coordinates":[[-74.6026877548285,39.3300915491005],[-74.6023881445938,39.3299567251457],[-74.6020947263734,39.3298238173226]]}},{"type":"Feature","id":170978,"properties":{"OBJECTID":170978,"PRIMENAME":"FR GSP SB TO LAUREL DR","ELEVTYP_F":1,"ELEVTYP_T":0},"geometry":{"type":"LineString","coordinates":[[-74.6172384802039,39.3236140141435],[-74.616692056618,39.3232480683983],[-74.6161935536306,39.3229126323921],[-74.615727904089,39.3226251561034]]}},{"type":"Feature","id":171071,"properties":{"OBJECTID":171071,"PRIMENAME":"Centre Street","ELEVTYP_F":0,"ELEVTYP_T":0},"geometry":{"type":"LineString","coordinates":[[-74.5962313001348,39.3141509730726],[-74.5965132132733,39.3136456698272],[-74.5965895332504,39.3135088706651]]}},{"type":"Feature","id":171136,"properties":{"OBJECTID":171136,"PRIMENAME":"Philadelphia Avenue","ELEVTYP_F":0,"ELEVTYP_T":0},"geometry":{"type":"LineString","coordinates":[[-74.587884239821,39.3279662601374],[-74.587887698957,39.3279619462276],[-74.5880686920265,39.3277250492556],[-74.5881673814186,39.3276001549825],[-74.5882537679054,39.3274753528267],[-74.5883565524621,39.3273184961835],[-74.588475767975,39.3271264276269],[-74.5885236473317,39.3270522568842]]}},{"type":"Feature","id":171408,"properties":{"OBJECTID":171408,"PRIMENAME":"Violet Lane","ELEVTYP_F":0,"ELEVTYP_T":0},"geometry":{"type":"LineString","coordinates":[[-74.612868900598,39.3207234973925],[-74.6129082269356,39.3206883481706],[-74.6129737722928,39.3206297676041],[-74.6131256230595,39.3204699577945],[-74.6132240612518,39.3203325498806],[-74.6133348094824,39.3201791773534],[-74.6134414265559,39.320006616867],[-74.6135274797465,39.3198404739272],[-74.6135848563488,39.3197126886084],[-74.6136462459285,39.3195529663272],[-74.613695359866,39.3194092364694],[-74.6137320703293,39.3192239757888],[-74.6137605959771,39.3190706561062],[-74.6138215341237,39.3186107760361],[-74.6138661439273,39.3182403106379],[-74.6138956394915,39.318141299236]]}},{"type":"Feature","id":171679,"properties":{"OBJECTID":171679,"PRIMENAME":"6th Street","ELEVTYP_F":0,"ELEVTYP_T":0},"geometry":{"type":"LineString","coordinates":[[-74.6033174937039,39.3154195883266],[-74.6030422881914,39.3158552994693]]}},{"type":"Feature","id":171817,"properties":{"OBJECTID":171817,"PRIMENAME":"Chapman Boulevard","ELEVTYP_F":0,"ELEVTYP_T":0},"geometry":{"type":"LineString","coordinates":[[-74.599824421702,39.3288159223747],[-74.5993573592503,39.328609517538]]}},{"type":"Feature","id":171836,"properties":{"OBJECTID":171836,"PRIMENAME":"Bethel Road","ELEVTYP_F":0,"ELEVTYP_T":0},"geometry":{"type":"LineString","coordinates":[[-74.594370926388,39.3296913489564],[-74.5943736071361,39.3297924703809],[-74.5943805602375,39.3298887284472]]}},{"type":"Feature","id":172031,"properties":{"OBJECTID":172031,"PRIMENAME":"Arbor Drive","ELEVTYP_F":0,"ELEVTYP_T":0},"geometry":{"type":"LineString","coordinates":[[-74.5785781756573,39.331883458722],[-74.578477806175,39.3320119419629],[-74.5781094881991,39.3324660791861]]}},{"type":"Feature","id":172491,"properties":{"OBJECTID":172491,"PRIMENAME":"Unnamed Segment","ELEVTYP_F":0,"ELEVTYP_T":0},"geometry":{"type":"LineString","coordinates":[[-74.5969608120432,39.3274402464217],[-74.5967429494482,39.3272787756231],[-74.5966310877267,39.3271732966754]]}},{"type":"Feature","id":172916,"properties":{"OBJECTID":172916,"PRIMENAME":"Holly Hills Drive","ELEVTYP_F":0,"ELEVTYP_T":0},"geometry":{"type":"LineString","coordinates":[[-74.6026716698457,39.3111834981386],[-74.6027303771564,39.3112322372992],[-74.6028564092514,39.3113243534606],[-74.6028988146085,39.3113624043305],[-74.6029248562843,39.3113857692209],[-74.6030041506479,39.3114695525374],[-74.6030473963986,39.3115309905192],[-74.6030978690543,39.3116036246439],[-74.603144772522,39.3116762339828],[-74.6031808522931,39.3117432795413],[-74.603216904415,39.3118159263918],[-74.6032458333092,39.3118997262562],[-74.6032711428556,39.3119975334222],[-74.6032856715983,39.3120953492455],[-74.603289424731,39.3121959482417],[-74.6032895685673,39.3122937777242],[-74.603293317599,39.3123915760809],[-74.6033078393779,39.3124837906221],[-74.6033270993452,39.3125538985137]]}},{"type":"Feature","id":173214,"properties":{"OBJECTID":173214,"PRIMENAME":"Holly Hills Drive","ELEVTYP_F":0,"ELEVTYP_T":0},"geometry":{"type":"LineString","coordinates":[[-74.605198817618,39.3143337114079],[-74.6053544033244,39.3145165986019],[-74.605448102142,39.3146087420594],[-74.6055669816888,39.3147092365977],[-74.6057002680936,39.3148236931987],[-74.6059344182636,39.3150219112995],[-74.6062298221776,39.3152648012771],[-74.6066152684066,39.3155858592753],[-74.6068422275738,39.3157701068437],[-74.6070295870067,39.3159236392136],[-74.6071880538638,39.3160436722068],[-74.6074294249339,39.3162195313562],[-74.6076598789838,39.3163758226581],[-74.6078795810565,39.316526550114],[-74.6081460338223,39.316691181966],[-74.6083513436935,39.3168139704689],[-74.6085314217053,39.3169172055983],[-74.6087294773419,39.3170343989176],[-74.6088303125063,39.3170958079097],[-74.6088771822486,39.3171404643771],[-74.608939866626,39.3172179164495]]}},{"type":"Feature","id":173238,"properties":{"OBJECTID":173238,"PRIMENAME":"Launch Avenue","ELEVTYP_F":0,"ELEVTYP_T":0},"geometry":{"type":"LineString","coordinates":[[-74.586378987175,39.3163313688525],[-74.5859208480045,39.3169051459058]]}},{"type":"Feature","id":173405,"properties":{"OBJECTID":173405,"PRIMENAME":"Centre Street","ELEVTYP_F":0,"ELEVTYP_T":0},"geometry":{"type":"LineString","coordinates":[[-74.5939157927602,39.3175942617619],[-74.5947999359611,39.3164347253058]]}},{"type":"Feature","id":173553,"properties":{"OBJECTID":173553,"PRIMENAME":"Jefferson Avenue","ELEVTYP_F":0,"ELEVTYP_T":0},"geometry":{"type":"LineString","coordinates":[[-74.601442527171,39.3246921472154],[-74.6016036067535,39.3244850093655],[-74.6018744711893,39.3241462841932],[-74.6019843520779,39.3240069814294]]}},{"type":"Feature","id":174036,"properties":{"OBJECTID":174036,"PRIMENAME":"Horter Avenue","ELEVTYP_F":0,"ELEVTYP_T":0},"geometry":{"type":"LineString","coordinates":[[-74.6218009675795,39.3146524717627],[-74.6222871725164,39.3135867700278],[-74.6223882710473,39.3133687382493]]}},{"type":"Feature","id":174253,"properties":{"OBJECTID":174253,"PRIMENAME":"Unnamed Segment","ELEVTYP_F":0,"ELEVTYP_T":0},"geometry":{"type":"LineString","coordinates":[[-74.592974049453,39.3188693164925],[-74.5923814587581,39.318595218689],[-74.5923163892471,39.3185651209012],[-74.592311311242,39.3185627719969]]}},{"type":"Feature","id":174626,"properties":{"OBJECTID":174626,"PRIMENAME":"Exton Road","ELEVTYP_F":0,"ELEVTYP_T":0},"geometry":{"type":"LineString","coordinates":[[-74.6108452388537,39.3258620507946],[-74.6105830783549,39.3261085576477],[-74.6102293283686,39.3264411793637]]}},{"type":"Feature","id":174723,"properties":{"OBJECTID":174723,"PRIMENAME":"Adams Street","ELEVTYP_F":0,"ELEVTYP_T":0},"geometry":{"type":"LineString","coordinates":[[-74.5991602214671,39.3242232559946],[-74.5992852910828,39.3240717791331],[-74.5994415853161,39.3239020997183],[-74.5995854284039,39.3237463780614],[-74.5997048273873,39.3236171187882],[-74.5998569700613,39.323437804538]]}},{"type":"Feature","id":174830,"properties":{"OBJECTID":174830,"PRIMENAME":"West Connecticut Avenue","ELEVTYP_F":0,"ELEVTYP_T":0},"geometry":{"type":"LineString","coordinates":[[-74.6000145471464,39.318436832469],[-74.6004625480444,39.3186086565776],[-74.6011543717343,39.3188706552026]]}},{"type":"Feature","id":175793,"properties":{"OBJECTID":175793,"PRIMENAME":"FR GSP SB TO LAUREL DR","ELEVTYP_F":0,"ELEVTYP_T":1},"geometry":{"type":"LineString","coordinates":[[-74.6154614359523,39.3260258582223],[-74.6161143289347,39.3255607091099],[-74.6162123882407,39.3254928474677],[-74.6163140558961,39.325447579074],[-74.6164339233755,39.3253994647308],[-74.6165792641288,39.3253626092614],[-74.6167464586833,39.3253511571902],[-74.6169499768474,39.3253509528971],[-74.6172480690876,39.325376078523],[-74.6175134554394,39.3253983799239],[-74.6178005999444,39.3254093750975],[-74.6179423455967,39.3254007747175],[-74.6180586186371,39.3253808875709],[-74.6181857780285,39.3253384202438],[-74.6182729150553,39.3252931648908],[-74.6183745873255,39.3252309539701],[-74.6184616863066,39.3251433602206],[-74.6185233386825,39.3250585929502],[-74.6185703913987,39.3249540991623],[-74.618588434978,39.3248580917597],[-74.6185809522719,39.3247395404438],[-74.6185589977608,39.3246548582882],[-74.6185261202285,39.3245702142742],[-74.6184568979118,39.3244630112008],[-74.6183367563056,39.3243473750838],[-74.6178819075899,39.3240401272268],[-74.6176548454336,39.3238906622223]]}},{"type":"Feature","id":175897,"properties":{"OBJECTID":175897,"PRIMENAME":"South Laurel Drive","ELEVTYP_F":0,"ELEVTYP_T":0},"geometry":{"type":"LineString","coordinates":[[-74.6138956394915,39.318141299236],[-74.6138590496585,39.3181163500006],[-74.6138166586069,39.3180890165612],[-74.6137782533325,39.3180780434319],[-74.6136819632049,39.3180553765899],[-74.6134012204427,39.3180053488542],[-74.6129585473962,39.3179331005136],[-74.612789417094,39.3179164886107],[-74.6126635215631,39.3179250124317],[-74.6126337645502,39.3179292696569]]}},{"type":"Feature","id":176832,"properties":{"OBJECTID":176832,"PRIMENAME":"Sunny Avenue","ELEVTYP_F":0,"ELEVTYP_T":0},"geometry":{"type":"LineString","coordinates":[[-74.5903824436827,39.3180960333338],[-74.5905058217802,39.3179422888913],[-74.5908478481342,39.317504820406],[-74.5913661017706,39.3168419392972],[-74.5919347769664,39.3160916971741]]}},{"type":"Feature","id":177291,"properties":{"OBJECTID":177291,"PRIMENAME":"West Dawes Avenue","ELEVTYP_F":0,"ELEVTYP_T":0},"geometry":{"type":"LineString","coordinates":[[-74.5943203860533,39.3275984621864],[-74.5942108031687,39.3275794680746],[-74.5941324934324,39.3275507017606],[-74.5939222254258,39.3274261078971],[-74.5927266490354,39.3267423743751],[-74.5924812293927,39.3266051746624]]}},{"type":"Feature","id":177493,"properties":{"OBJECTID":177493,"PRIMENAME":"Mays Landing Road","ELEVTYP_F":0,"ELEVTYP_T":0},"geometry":{"type":"LineString","coordinates":[[-74.6205133679338,39.3142986568587],[-74.6209230139368,39.314413221281],[-74.6210956187394,39.3144599662893]]}},{"type":"Feature","id":177713,"properties":{"OBJECTID":177713,"PRIMENAME":"Grammercy Avenue","ELEVTYP_F":0,"ELEVTYP_T":0},"geometry":{"type":"LineString","coordinates":[[-74.5883573775859,39.3315418568998],[-74.5882882551053,39.3316230997082],[-74.5880866698839,39.33188233552],[-74.5879492429797,39.3321064042847]]}},{"type":"Feature","id":177999,"properties":{"OBJECTID":177999,"PRIMENAME":"Village Drive","ELEVTYP_F":0,"ELEVTYP_T":0},"geometry":{"type":"LineString","coordinates":[[-74.6124170956247,39.3161264921706],[-74.6126965059867,39.3160775959561],[-74.6130058423532,39.3160213941318],[-74.6131820990936,39.3159876972228],[-74.6133715684201,39.3159500623238],[-74.6135985464701,39.3159163153766],[-74.6138331806188,39.3158948350222],[-74.6139482818743,39.3158807471516],[-74.6140202293643,39.3158695011788],[-74.6141582008108,39.315833535095]]}},{"type":"Feature","id":178218,"properties":{"OBJECTID":178218,"PRIMENAME":"West Groveland Avenue","ELEVTYP_F":0,"ELEVTYP_T":0},"geometry":{"type":"LineString","coordinates":[[-74.5924295311649,39.3214925497088],[-74.5936061073628,39.3220736128694],[-74.594129945506,39.3223276338606]]}},{"type":"Feature","id":178372,"properties":{"OBJECTID":178372,"PRIMENAME":"West Meyran Avenue","ELEVTYP_F":0,"ELEVTYP_T":0},"geometry":{"type":"LineString","coordinates":[[-74.5873495449432,39.3247413287675],[-74.5876861702243,39.3249193811927],[-74.588902271535,39.3255999387501],[-74.5893003025363,39.3258259061513]]}},{"type":"Feature","id":178784,"properties":{"OBJECTID":178784,"PRIMENAME":"West Johnson Avenue","ELEVTYP_F":0,"ELEVTYP_T":0},"geometry":{"type":"LineString","coordinates":[[-74.5913488138836,39.3232267021297],[-74.5910420113739,39.3230942154718]]}},{"type":"Feature","id":178902,"properties":{"OBJECTID":178902,"PRIMENAME":"FR GSP SB TO LAUREL DR","ELEVTYP_F":1,"ELEVTYP_T":1},"geometry":{"type":"LineString","coordinates":[[-74.6176548454336,39.3238906622223],[-74.6174707477952,39.3237695435057],[-74.6172384802039,39.3236140141435]]}},{"type":"Feature","id":179328,"properties":{"OBJECTID":179328,"PRIMENAME":"Gulf Mill Road","ELEVTYP_F":0,"ELEVTYP_T":0},"geometry":{"type":"LineString","coordinates":[[-74.6175484215608,39.3211764902453],[-74.6172249140016,39.321713049319],[-74.61716391808,39.3218081395329],[-74.617077693431,39.3218892789414],[-74.6169590877972,39.3219704508238],[-74.6168296472228,39.3220404309207],[-74.6166822299515,39.3220992822058],[-74.6165455611964,39.3221385451256],[-74.6164124516908,39.3221498529298],[-74.6162397405715,39.3221556267892],[-74.6160669982281,39.322141823907],[-74.6159230323947,39.3221084146976],[-74.6157862215316,39.3220610508709],[-74.6156781836106,39.3220136573931],[-74.6155845259317,39.3219606761928],[-74.615519663152,39.3218992094911],[-74.6154943743632,39.321826583832],[-74.6155014314754,39.3217538981516],[-74.6155085917845,39.3217228102166],[-74.6155265343985,39.3216923980021],[-74.6155474152225,39.3216644258793],[-74.6155768248803,39.3216420465547],[-74.6156565021231,39.3215984481303],[-74.6157718314062,39.321544874603],[-74.6159363778189,39.3214767830579],[-74.6160801379314,39.3213872122493],[-74.6162203488286,39.3212892438013],[-74.6163245082736,39.3211941109483],[-74.6164286883466,39.3210906040002],[-74.6165112839071,39.3209954934436],[-74.6166166708084,39.3208312782637]]}},{"type":"Feature","id":179622,"properties":{"OBJECTID":179622,"PRIMENAME":"Chapman Boulevard","ELEVTYP_F":0,"ELEVTYP_T":0},"geometry":{"type":"LineString","coordinates":[[-74.6030322932023,39.330269220278],[-74.6028389578289,39.330159591023],[-74.6026877548285,39.3300915491005]]}},{"type":"Feature","id":180253,"properties":{"OBJECTID":180253,"PRIMENAME":"East Harned Avenue","ELEVTYP_F":0,"ELEVTYP_T":0},"geometry":{"type":"LineString","coordinates":[[-74.5846961681852,39.3254352587181],[-74.5828561846092,39.324537149837]]}},{"type":"Feature","id":180456,"properties":{"OBJECTID":180456,"PRIMENAME":"Massachusetts Avenue","ELEVTYP_F":0,"ELEVTYP_T":0},"geometry":{"type":"LineString","coordinates":[[-74.6067443399631,39.3249953902567],[-74.6073116567692,39.3254091380578],[-74.6074816693197,39.3255289679272]]}},{"type":"Feature","id":180471,"properties":{"OBJECTID":180471,"PRIMENAME":"West Maryland Avenue","ELEVTYP_F":0,"ELEVTYP_T":0},"geometry":{"type":"LineString","coordinates":[[-74.5912993923322,39.3198265597709],[-74.5914057064205,39.3198959418441],[-74.5916875024771,39.3200545034142],[-74.5924633317767,39.320476342575],[-74.5926148760731,39.320559059307]]}},{"type":"Feature","id":180526,"properties":{"OBJECTID":180526,"PRIMENAME":"5th Street","ELEVTYP_F":0,"ELEVTYP_T":0},"geometry":{"type":"LineString","coordinates":[[-74.6000145471464,39.318436832469],[-74.6002955969523,39.3179893995102]]}},{"type":"Feature","id":180539,"properties":{"OBJECTID":180539,"PRIMENAME":"South Holly Hills Drive","ELEVTYP_F":0,"ELEVTYP_T":0},"geometry":{"type":"LineString","coordinates":[[-74.6123793208958,39.3149844575523],[-74.6124468591859,39.3152002585595],[-74.6124758060147,39.3153092347753],[-74.6125011688773,39.3154098125317],[-74.612512115923,39.3155132318768],[-74.6125195013203,39.3156222289127],[-74.6125088999503,39.3157563661954],[-74.6124911237065,39.3158905383327],[-74.6124625704049,39.316027520613],[-74.6124170956247,39.3161264921706]]}},{"type":"Feature","id":180543,"properties":{"OBJECTID":180543,"PRIMENAME":"Mays Landing Road","ELEVTYP_F":0,"ELEVTYP_T":0},"geometry":{"type":"LineString","coordinates":[[-74.6128077569089,39.3121686085105],[-74.6132525921939,39.3122898382236],[-74.6135707353891,39.312378818148],[-74.6138274207499,39.3124497905284]]}},{"type":"Feature","id":180669,"properties":{"OBJECTID":180669,"PRIMENAME":"Exton Road","ELEVTYP_F":0,"ELEVTYP_T":0},"geometry":{"type":"LineString","coordinates":[[-74.611453307625,39.3252928930369],[-74.6111770878834,39.3255500434233],[-74.6111544642506,39.3255713152482],[-74.6108452388537,39.3258620507946]]}},{"type":"Feature","id":180821,"properties":{"OBJECTID":180821,"PRIMENAME":"Bay Avenue","ELEVTYP_F":0,"ELEVTYP_T":0},"geometry":{"type":"LineString","coordinates":[[-74.5902360721967,39.314853456086],[-74.5901407401548,39.3149887821349],[-74.5900642997345,39.3151376579828],[-74.5898975745553,39.3154269002873]]}},{"type":"Feature","id":181286,"properties":{"OBJECTID":181286,"PRIMENAME":"Unnamed Segment","ELEVTYP_F":0,"ELEVTYP_T":0},"geometry":{"type":"LineString","coordinates":[[-74.6071949658956,39.3295720965463],[-74.6071231843805,39.3295347959572],[-74.6064757658389,39.3291983602579]]}},{"type":"Feature","id":181569,"properties":{"OBJECTID":181569,"PRIMENAME":"West New Jersey Avenue","ELEVTYP_F":0,"ELEVTYP_T":0},"geometry":{"type":"LineString","coordinates":[[-74.596913695062,39.3130014711667],[-74.5976487489015,39.311712055541],[-74.5977835510614,39.3114642393426]]}},{"type":"Feature","id":181577,"properties":{"OBJECTID":181577,"PRIMENAME":"Cedar Court","ELEVTYP_F":0,"ELEVTYP_T":0},"geometry":{"type":"LineString","coordinates":[[-74.6067187661799,39.3304281417248],[-74.6075891305789,39.330715060485]]}},{"type":"Feature","id":181620,"properties":{"OBJECTID":181620,"PRIMENAME":"Sunny Avenue","ELEVTYP_F":0,"ELEVTYP_T":0},"geometry":{"type":"LineString","coordinates":[[-74.5878723378123,39.3212193971168],[-74.5881357730412,39.3208944080102]]}},{"type":"Feature","id":181849,"properties":{"OBJECTID":181849,"PRIMENAME":"Braddock Avenue","ELEVTYP_F":0,"ELEVTYP_T":0},"geometry":{"type":"LineString","coordinates":[[-74.6025725998888,39.3115956867182],[-74.6014593678046,39.311118720285],[-74.6013162377513,39.3110573948035]]}},{"type":"Feature","id":181947,"properties":{"OBJECTID":181947,"PRIMENAME":"Fresh Spring Cove","ELEVTYP_F":0,"ELEVTYP_T":0},"geometry":{"type":"LineString","coordinates":[[-74.6172039927398,39.3198525631181],[-74.6165305865845,39.3196120575062],[-74.6164477760919,39.3195758420078],[-74.6163973394593,39.3195367393995],[-74.6163648395939,39.3194859217494],[-74.6163522339643,39.3194513105994],[-74.6163503243834,39.3194082057766],[-74.6163682377007,39.3193606869607],[-74.6164005199949,39.3193019521317],[-74.6164328346423,39.3192627658619],[-74.6164795844598,39.3192320228984],[-74.6165406915417,39.3192040103289],[-74.6166090271341,39.3191871660059],[-74.616716981231,39.3191870578171],[-74.6168717256244,39.3192008778162],[-74.617040855304,39.3192146831471],[-74.6171703955196,39.3192285289879],[-74.6172783683374,39.319239594878],[-74.6174078899636,39.319242264954],[-74.6174697308764,39.319230945073],[-74.6175034667112,39.3192174023932]]}},{"type":"Feature","id":181982,"properties":{"OBJECTID":181982,"PRIMENAME":"West Laurel Drive","ELEVTYP_F":0,"ELEVTYP_T":0},"geometry":{"type":"LineString","coordinates":[[-74.6079038498252,39.3174143746565],[-74.6070251002036,39.3168293374399],[-74.6066431047988,39.3165756290319],[-74.6066071710119,39.3165543378248],[-74.606478688003,39.3164782148396]]}},{"type":"Feature","id":182533,"properties":{"OBJECTID":182533,"PRIMENAME":"Shore Road","ELEVTYP_F":0,"ELEVTYP_T":0},"geometry":{"type":"LineString","coordinates":[[-74.5806832309497,39.333018504246],[-74.5804367751038,39.3333250469687]]}},{"type":"Feature","id":182904,"properties":{"OBJECTID":182904,"PRIMENAME":"Asbury Avenue","ELEVTYP_F":0,"ELEVTYP_T":0},"geometry":{"type":"LineString","coordinates":[[-74.5793163603579,39.3371561428613],[-74.5800906411272,39.3374448565275],[-74.5802707086933,39.337529958406]]}},{"type":"Feature","id":182962,"properties":{"OBJECTID":182962,"PRIMENAME":"Atkinson Avenue","ELEVTYP_F":0,"ELEVTYP_T":0},"geometry":{"type":"LineString","coordinates":[[-74.6170641945218,39.3087207267526],[-74.6173995962729,39.3083999664809],[-74.6176520086298,39.3081628948881]]}},{"type":"Feature","id":183248,"properties":{"OBJECTID":183248,"PRIMENAME":"West Avenue","ELEVTYP_F":0,"ELEVTYP_T":0},"geometry":{"type":"LineString","coordinates":[[-74.5885948738429,39.3366541967263],[-74.5883479915337,39.3367548097302],[-74.5881609278798,39.3368310432516],[-74.5878685796726,39.3369501833573],[-74.5877267966736,39.3370071433218],[-74.5873777342159,39.3371473733214]]}},{"type":"Feature","id":183676,"properties":{"OBJECTID":183676,"PRIMENAME":"Sunrise Avenue","ELEVTYP_F":0,"ELEVTYP_T":0},"geometry":{"type":"LineString","coordinates":[[-74.5895676629929,39.3176451894024],[-74.5899278418983,39.3172195760789]]}},{"type":"Feature","id":184041,"properties":{"OBJECTID":184041,"PRIMENAME":"Wabash Avenue","ELEVTYP_F":0,"ELEVTYP_T":0},"geometry":{"type":"LineString","coordinates":[[-74.5854563981934,39.3313254385433],[-74.5853952195314,39.3314002492004],[-74.5852286645403,39.331604924501],[-74.5851300339541,39.3317269948082],[-74.5849509451138,39.3319486402913]]}},{"type":"Feature","id":184074,"properties":{"OBJECTID":184074,"PRIMENAME":"Garden State Parkway","ELEVTYP_F":1,"ELEVTYP_T":0},"geometry":{"type":"LineString","coordinates":[[-74.6025426531259,39.3432035804486],[-74.6026887925865,39.3430298966495],[-74.6032036610088,39.3424178132483],[-74.6036108557623,39.3419295715905],[-74.6039992957343,39.3414595488441],[-74.6041864920037,39.3412227587495],[-74.6043643277848,39.3409932255756],[-74.6045140905015,39.3407892517614],[-74.6046778260584,39.3405669786896],[-74.6048650100949,39.3403010552048],[-74.6050240547085,39.3400642620543],[-74.605169041826,39.3398383812119],[-74.6051768760417,39.3398261825358],[-74.6053748797011,39.3395178282554],[-74.6055291862506,39.3392591822566],[-74.6056975540682,39.3389714198179],[-74.6058331481638,39.3387091664146],[-74.6060107987636,39.3383886108759],[-74.6061556746866,39.3380935923611],[-74.6063286251955,39.3377293295475],[-74.6065061396482,39.3373214061818],[-74.6067116983604,39.3368260887583],[-74.6068471266173,39.3364837150184],[-74.6069405902011,39.3362615580419],[-74.6071273778425,39.3357953884384],[-74.6071787836448,39.3356702821222],[-74.6072815265244,39.3354202415327],[-74.607297962382,39.335381471596]]}},{"type":"Feature","id":184351,"properties":{"OBJECTID":184351,"PRIMENAME":"Stern Drive","ELEVTYP_F":0,"ELEVTYP_T":0},"geometry":{"type":"LineString","coordinates":[[-74.5793358505115,39.3131560985327],[-74.5794133084447,39.3131710371129],[-74.5795680124654,39.3131991027208],[-74.5797541572322,39.3132125389419]]}},{"type":"Feature","id":184426,"properties":{"OBJECTID":184426,"PRIMENAME":"Ocean Heights Avenue","ELEVTYP_F":0,"ELEVTYP_T":0},"geometry":{"type":"LineString","coordinates":[[-74.5870404696211,39.3293633780213],[-74.5870421362689,39.329364216334],[-74.5871512193519,39.3294190573588],[-74.5877114446239,39.3297007040196]]}},{"type":"Feature","id":184676,"properties":{"OBJECTID":184676,"PRIMENAME":"Brighton Avenue","ELEVTYP_F":0,"ELEVTYP_T":0},"geometry":{"type":"LineString","coordinates":[[-74.5909185727728,39.3340184149559],[-74.5906708530927,39.3342530629208]]}},{"type":"Feature","id":184817,"properties":{"OBJECTID":184817,"PRIMENAME":"Shore Road","ELEVTYP_F":0,"ELEVTYP_T":0},"geometry":{"type":"LineString","coordinates":[[-74.5968564719751,39.3117716119152],[-74.5967423081506,39.3119773318206],[-74.5965698911065,39.3122821105297]]}},{"type":"Feature","id":184868,"properties":{"OBJECTID":184868,"PRIMENAME":"Unnamed Segment","ELEVTYP_F":0,"ELEVTYP_T":0},"geometry":{"type":"LineString","coordinates":[[-74.5944535295379,39.3318326979436],[-74.5958207816853,39.3317956649926]]}},{"type":"Feature","id":184888,"properties":{"OBJECTID":184888,"PRIMENAME":"East Maryland Avenue","ELEVTYP_F":0,"ELEVTYP_T":0},"geometry":{"type":"LineString","coordinates":[[-74.5877784321671,39.3178734012168],[-74.5874964840383,39.3177201567576],[-74.5871016025325,39.3175120824159],[-74.5868075223973,39.3173608181416],[-74.5866798144366,39.317295130304],[-74.5859513018323,39.3169206363804],[-74.5859208480045,39.3169051459058]]}},{"type":"Feature","id":185280,"properties":{"OBJECTID":185280,"PRIMENAME":"West Maryland Avenue","ELEVTYP_F":0,"ELEVTYP_T":0},"geometry":{"type":"LineString","coordinates":[[-74.5991602214671,39.3242232559946],[-74.5975912239013,39.3233501346483],[-74.5967172613922,39.3228709448667],[-74.5966348340939,39.3228262310951],[-74.596610643561,39.3228180141198],[-74.5965812251056,39.3228134524813],[-74.5965798650966,39.3228137580852],[-74.5965491367507,39.3228206459863],[-74.5965235951337,39.3228327200759],[-74.5964824782596,39.3228807495983]]}},{"type":"Feature","id":185363,"properties":{"OBJECTID":185363,"PRIMENAME":"West New Jersey Avenue","ELEVTYP_F":0,"ELEVTYP_T":0},"geometry":{"type":"LineString","coordinates":[[-74.5998999106977,39.3141112554691],[-74.6009917144389,39.3145300750101],[-74.6010466365921,39.314551031689]]}},{"type":"Feature","id":185422,"properties":{"OBJECTID":185422,"PRIMENAME":"2nd Street","ELEVTYP_F":0,"ELEVTYP_T":0},"geometry":{"type":"LineString","coordinates":[[-74.5968638455593,39.3166835711759],[-74.597099413549,39.316310262253]]}},{"type":"Feature","id":185567,"properties":{"OBJECTID":185567,"PRIMENAME":"West Johnson Avenue","ELEVTYP_F":0,"ELEVTYP_T":0},"geometry":{"type":"LineString","coordinates":[[-74.5910420113739,39.3230942154718],[-74.5907361302653,39.3229621398571],[-74.5893553956878,39.3223649215303],[-74.5892922095029,39.3223254872789]]}},{"type":"Feature","id":185872,"properties":{"OBJECTID":185872,"PRIMENAME":"Chapman Boulevard","ELEVTYP_F":0,"ELEVTYP_T":0},"geometry":{"type":"LineString","coordinates":[[-74.6002729505731,39.3290141051511],[-74.599824421702,39.3288159223747]]}},{"type":"Feature","id":186083,"properties":{"OBJECTID":186083,"PRIMENAME":"Iona Avenue","ELEVTYP_F":0,"ELEVTYP_T":0},"geometry":{"type":"LineString","coordinates":[[-74.5799422836721,39.3339398452347],[-74.5784162195538,39.3333746129683]]}},{"type":"Feature","id":186234,"properties":{"OBJECTID":186234,"PRIMENAME":"East Ocean Avenue","ELEVTYP_F":0,"ELEVTYP_T":0},"geometry":{"type":"LineString","coordinates":[[-74.5826417785299,39.3254069994745],[-74.5825356663899,39.3253582010482],[-74.5823784445164,39.3252868696888],[-74.5823400843192,39.3252541684217],[-74.5823382868041,39.3252375379471]]}},{"type":"Feature","id":187119,"properties":{"OBJECTID":187119,"PRIMENAME":"Shore Road","ELEVTYP_F":0,"ELEVTYP_T":0},"geometry":{"type":"LineString","coordinates":[[-74.5784835435627,39.3357524134717],[-74.5780595984175,39.3362782222171],[-74.5778340829548,39.3365592017602]]}},{"type":"Feature","id":187176,"properties":{"OBJECTID":187176,"PRIMENAME":"Unnamed Segment","ELEVTYP_F":0,"ELEVTYP_T":0},"geometry":{"type":"LineString","coordinates":[[-74.6084023601372,39.3294262013387],[-74.609187324635,39.3286725752673]]}},{"type":"Feature","id":187219,"properties":{"OBJECTID":187219,"PRIMENAME":"North Ambler Road","ELEVTYP_F":0,"ELEVTYP_T":0},"geometry":{"type":"LineString","coordinates":[[-74.6068031932227,39.3262225765621],[-74.607225963061,39.3258019875701],[-74.6074816693197,39.3255289679272]]}},{"type":"Feature","id":187296,"properties":{"OBJECTID":187296,"PRIMENAME":"East Laurel Drive","ELEVTYP_F":0,"ELEVTYP_T":0},"geometry":{"type":"LineString","coordinates":[[-74.6027115058245,39.3139050503538],[-74.6027954831462,39.3139627185737],[-74.6028327851248,39.313990332591],[-74.6029225842006,39.3140568109664]]}},{"type":"Feature","id":187671,"properties":{"OBJECTID":187671,"PRIMENAME":"Heather Court","ELEVTYP_F":0,"ELEVTYP_T":0},"geometry":{"type":"LineString","coordinates":[[-74.581645360029,39.3318245117691],[-74.5823203305482,39.3320744157888],[-74.582346550161,39.3320857341316],[-74.5823707524406,39.3320994983034],[-74.5823925611682,39.3321154943443],[-74.5824116373316,39.3321334736001],[-74.5824276843948,39.3321531565881],[-74.5824404529076,39.3321742373415],[-74.5824497443836,39.332196388165],[-74.5824554143855,39.332219264729],[-74.5824690930745,39.3323659570762]]}},{"type":"Feature","id":188812,"properties":{"OBJECTID":188812,"PRIMENAME":"Unnamed Segment","ELEVTYP_F":0,"ELEVTYP_T":0},"geometry":{"type":"LineString","coordinates":[[-74.5948143044583,39.3265361140199],[-74.5948179654196,39.3267460431911],[-74.5947913596952,39.3267847809724],[-74.5946569774093,39.3269804328591],[-74.5946130798748,39.3271978342067],[-74.5945991974366,39.3278270662351],[-74.5946508989133,39.3279357074714],[-74.5947099294747,39.328015742762],[-74.595752466442,39.3288082163432]]}},{"type":"Feature","id":188885,"properties":{"OBJECTID":188885,"PRIMENAME":"Southview Drive","ELEVTYP_F":0,"ELEVTYP_T":0},"geometry":{"type":"LineString","coordinates":[[-74.6019020938294,39.3263485766269],[-74.6011444076307,39.3273653076661],[-74.6005877210753,39.3281388654092],[-74.6004849924741,39.3282922457189],[-74.6004121235722,39.3283622415223],[-74.6003007090412,39.3284490193406],[-74.599824421702,39.3288159223747]]}},{"type":"Feature","id":189912,"properties":{"OBJECTID":189912,"PRIMENAME":"Bay Avenue","ELEVTYP_F":0,"ELEVTYP_T":0},"geometry":{"type":"LineString","coordinates":[[-74.5961053713247,39.3095068432614],[-74.5956744535174,39.3098383287224]]}},{"type":"Feature","id":189936,"properties":{"OBJECTID":189936,"PRIMENAME":"Exton Road","ELEVTYP_F":0,"ELEVTYP_T":0},"geometry":{"type":"LineString","coordinates":[[-74.6071322616391,39.3296821977278],[-74.6069877327398,39.329935922438],[-74.6067187661799,39.3304281417248]]}},{"type":"Feature","id":190027,"properties":{"OBJECTID":190027,"PRIMENAME":"Shore Road","ELEVTYP_F":0,"ELEVTYP_T":0},"geometry":{"type":"LineString","coordinates":[[-74.5973913929668,39.3108123963512],[-74.5972429929741,39.3110750635427],[-74.5971279500006,39.3112823772289]]}},{"type":"Feature","id":190073,"properties":{"OBJECTID":190073,"PRIMENAME":"Shore Road","ELEVTYP_F":0,"ELEVTYP_T":0},"geometry":{"type":"LineString","coordinates":[[-74.5919886027856,39.3189735896096],[-74.5918517783935,39.3191409737481]]}},{"type":"Feature","id":190195,"properties":{"OBJECTID":190195,"PRIMENAME":"Atlantic Avenue","ELEVTYP_F":0,"ELEVTYP_T":0},"geometry":{"type":"LineString","coordinates":[[-74.5900753939323,39.325248769431],[-74.5898086508548,39.3256792245322],[-74.5896049732669,39.3259988698808]]}},{"type":"Feature","id":190206,"properties":{"OBJECTID":190206,"PRIMENAME":"Shore Road","ELEVTYP_F":0,"ELEVTYP_T":0},"geometry":{"type":"LineString","coordinates":[[-74.5933694696252,39.3171772459371],[-74.5931633317588,39.3174508547228],[-74.5925589455,39.3182460232347],[-74.592311311242,39.3185627719969]]}},{"type":"Feature","id":191290,"properties":{"OBJECTID":191290,"PRIMENAME":"MacArthur Boulevard","ELEVTYP_F":0,"ELEVTYP_T":0},"geometry":{"type":"LineString","coordinates":[[-74.5998259794675,39.3104630583627],[-74.5998360268939,39.3104954494367],[-74.5998582075378,39.3105591848445],[-74.5999591403419,39.3108495378722],[-74.6000437544151,39.311072690359],[-74.6001590506814,39.3113226147871],[-74.6002551104734,39.3115159933601],[-74.6003511495394,39.3116944912699],[-74.6004587016911,39.3118908522688],[-74.6005815979829,39.3120901662952],[-74.6007083081226,39.312286484372],[-74.6008618406173,39.3125036176635],[-74.6010000771723,39.3126761474611],[-74.6011804943179,39.3129081393828],[-74.6013723881848,39.3131311975314],[-74.601427152258,39.3131895227536]]}},{"type":"Feature","id":191363,"properties":{"OBJECTID":191363,"PRIMENAME":"Burwick Lane","ELEVTYP_F":0,"ELEVTYP_T":0},"geometry":{"type":"LineString","coordinates":[[-74.5811724535783,39.3348833445791],[-74.5815171113926,39.3344542822665],[-74.5815884570456,39.3343654643131]]}},{"type":"Feature","id":191805,"properties":{"OBJECTID":191805,"PRIMENAME":"Village Drive South","ELEVTYP_F":0,"ELEVTYP_T":0},"geometry":{"type":"LineString","coordinates":[[-74.6092963799856,39.3148763843391],[-74.6092441050412,39.3147868967597],[-74.6091107000521,39.314599765558],[-74.6090493552962,39.3144964201193],[-74.6090060590962,39.3144070330145],[-74.6089771644543,39.3143511580987],[-74.6089627010359,39.3143008700446],[-74.6089529137034,39.3142119460962]]}},{"type":"Feature","id":191990,"properties":{"OBJECTID":191990,"PRIMENAME":"Centre Street","ELEVTYP_F":0,"ELEVTYP_T":0},"geometry":{"type":"LineString","coordinates":[[-74.5947999359611,39.3164347253058],[-74.5949199392692,39.3162773269852],[-74.5954114179184,39.3156105454368],[-74.5956595003416,39.3151834963004]]}},{"type":"Feature","id":192349,"properties":{"OBJECTID":192349,"PRIMENAME":"Defeo Lane","ELEVTYP_F":0,"ELEVTYP_T":0},"geometry":{"type":"LineString","coordinates":[[-74.6019706700137,39.3320397500266],[-74.6014811110536,39.3317469386558],[-74.6012838574132,39.3316432682453]]}},{"type":"Feature","id":192473,"properties":{"OBJECTID":192473,"PRIMENAME":"West New York Avenue","ELEVTYP_F":0,"ELEVTYP_T":0},"geometry":{"type":"LineString","coordinates":[[-74.6042482498374,39.3184500308869],[-74.6038003091942,39.3182766845004],[-74.603114635472,39.3180174409136]]}},{"type":"Feature","id":193097,"properties":{"OBJECTID":193097,"PRIMENAME":"Frances Avenue","ELEVTYP_F":0,"ELEVTYP_T":0},"geometry":{"type":"LineString","coordinates":[[-74.5857558260297,39.3313906759756],[-74.5854563981934,39.3313254385433]]}},{"type":"Feature","id":193437,"properties":{"OBJECTID":193437,"PRIMENAME":"Wabash Avenue","ELEVTYP_F":0,"ELEVTYP_T":0},"geometry":{"type":"LineString","coordinates":[[-74.5813470465896,39.336838232552],[-74.582112578916,39.3358480129733],[-74.582486572216,39.3353865834596]]}},{"type":"Feature","id":193613,"properties":{"OBJECTID":193613,"PRIMENAME":"Bay Avenue","ELEVTYP_F":0,"ELEVTYP_T":0},"geometry":{"type":"LineString","coordinates":[[-74.5845748088,39.3224138796963],[-74.5847044234602,39.3222504135765],[-74.5847123940805,39.3222403618832],[-74.585259850017,39.3215616941126]]}},{"type":"Feature","id":193753,"properties":{"OBJECTID":193753,"PRIMENAME":"Bethel Road","ELEVTYP_F":0,"ELEVTYP_T":0},"geometry":{"type":"LineString","coordinates":[[-74.5940428697073,39.3184027379201],[-74.594046727362,39.3186187306437],[-74.5940500759428,39.3188061570975],[-74.5940502926114,39.3188181332695]]}},{"type":"Feature","id":194387,"properties":{"OBJECTID":194387,"PRIMENAME":"East Seaview Avenue","ELEVTYP_F":0,"ELEVTYP_T":0},"geometry":{"type":"LineString","coordinates":[[-74.5749622944008,39.3342749196335],[-74.5744985903614,39.3341008937048],[-74.5741881773689,39.3339794307851],[-74.5740306096407,39.3339248093831],[-74.5738574167367,39.3338728893141],[-74.5736729779003,39.3338184763476],[-74.5734446564625,39.333757254511],[-74.5732426818627,39.3337028258013],[-74.5729221001655,39.3335905361771],[-74.572560185058,39.3334599732129],[-74.5721579906632,39.3333148787491],[-74.5714246039456,39.3330323881906],[-74.5705199805391,39.3326988441536],[-74.5699359275291,39.3324673784019],[-74.5695978072002,39.3323414446028],[-74.5693870166545,39.332266585801],[-74.5691894060248,39.3321848816051],[-74.5690927662704,39.3321337871923],[-74.568996138031,39.3320588598579],[-74.5689724864812,39.3320242249681],[-74.5689170057398,39.331942983694],[-74.5688290656801,39.3317862292404],[-74.5687893546091,39.3316541096099],[-74.5687850115863,39.33163966312],[-74.5687013654804,39.331390843731]]}},{"type":"Feature","id":195037,"properties":{"OBJECTID":195037,"PRIMENAME":"Unnamed Segment","ELEVTYP_F":0,"ELEVTYP_T":0},"geometry":{"type":"LineString","coordinates":[[-74.6089472122237,39.3301029769363],[-74.6093382642038,39.330238471941]]}},{"type":"Feature","id":195167,"properties":{"OBJECTID":195167,"PRIMENAME":"Wilson Avenue","ELEVTYP_F":0,"ELEVTYP_T":0},"geometry":{"type":"LineString","coordinates":[[-74.6044779988264,39.3320075708353],[-74.6040983881094,39.3317900410258],[-74.6039870221455,39.3317199059179],[-74.6037664097414,39.3315770526586],[-74.6036017991564,39.3314826381547],[-74.6034766802215,39.3314112509526],[-74.6030059009955,39.3311485777077],[-74.6023692017841,39.3307853357805]]}},{"type":"Feature","id":195210,"properties":{"OBJECTID":195210,"PRIMENAME":"Haddon Road","ELEVTYP_F":0,"ELEVTYP_T":0},"geometry":{"type":"LineString","coordinates":[[-74.6067443399631,39.3249953902567],[-74.6069284420929,39.3248042584467],[-74.6070869414078,39.3246541712047],[-74.607266917262,39.3244940685124],[-74.6077810709792,39.3240603790659],[-74.608303818101,39.3236100394683],[-74.6084280533398,39.3235032817241],[-74.6085222893755,39.3234065733845],[-74.6086066914036,39.3233047115714]]}},{"type":"Feature","id":196591,"properties":{"OBJECTID":196591,"PRIMENAME":"Chapman Boulevard","ELEVTYP_F":0,"ELEVTYP_T":0},"geometry":{"type":"LineString","coordinates":[[-74.6018091971075,39.3296944708822],[-74.601653962162,39.3296241520771],[-74.6011975019612,39.3294225503407]]}},{"type":"Feature","id":196809,"properties":{"OBJECTID":196809,"PRIMENAME":"Shore Road","ELEVTYP_F":0,"ELEVTYP_T":0},"geometry":{"type":"LineString","coordinates":[[-74.5980199207988,39.3096976651842],[-74.5979576912116,39.3098065299824],[-74.5976445783302,39.3103641691712]]}},{"type":"Feature","id":196983,"properties":{"OBJECTID":196983,"PRIMENAME":"Ocean Heights Avenue","ELEVTYP_F":0,"ELEVTYP_T":0},"geometry":{"type":"LineString","coordinates":[[-74.5846099169418,39.3281395229835],[-74.584710881401,39.3281960098898],[-74.5853738726798,39.3285286061545],[-74.586677870323,39.3291810877701],[-74.5870404696211,39.3293633780213]]}},{"type":"Feature","id":197374,"properties":{"OBJECTID":197374,"PRIMENAME":"Harlan Avenue","ELEVTYP_F":0,"ELEVTYP_T":0},"geometry":{"type":"LineString","coordinates":[[-74.6223882710473,39.3133687382493],[-74.6226277612298,39.3134384274219],[-74.6226914782411,39.3134569675532],[-74.6228015651102,39.3134892232215],[-74.6228878281247,39.313500664447],[-74.6233007368665,39.3135407537798]]}},{"type":"Feature","id":197763,"properties":{"OBJECTID":197763,"PRIMENAME":"3rd Street","ELEVTYP_F":0,"ELEVTYP_T":0},"geometry":{"type":"LineString","coordinates":[[-74.5989089378592,39.3156832822939],[-74.5988124846318,39.3158365327067],[-74.5986229486928,39.3161376777754],[-74.5985320539999,39.3162762480377]]}},{"type":"Feature","id":197866,"properties":{"OBJECTID":197866,"PRIMENAME":"Pleasant Avenue","ELEVTYP_F":0,"ELEVTYP_T":0},"geometry":{"type":"LineString","coordinates":[[-74.5878628625087,39.3167018603598],[-74.5879152708585,39.3167489911331],[-74.588284819865,39.3169399223099],[-74.5887702309462,39.317208713436]]}},{"type":"Feature","id":198144,"properties":{"OBJECTID":198144,"PRIMENAME":"West Groveland Avenue","ELEVTYP_F":0,"ELEVTYP_T":0},"geometry":{"type":"LineString","coordinates":[[-74.5999109142123,39.3253255025189],[-74.6006517246367,39.3257070367991]]}},{"type":"Feature","id":198278,"properties":{"OBJECTID":198278,"PRIMENAME":"Massachusetts Avenue","ELEVTYP_F":0,"ELEVTYP_T":0},"geometry":{"type":"LineString","coordinates":[[-74.5994358858069,39.3209007898245],[-74.5997835490225,39.3210510384207]]}},{"type":"Feature","id":198300,"properties":{"OBJECTID":198300,"PRIMENAME":"Paul Clark Drive","ELEVTYP_F":0,"ELEVTYP_T":0},"geometry":{"type":"LineString","coordinates":[[-74.5916273769358,39.3134483925802],[-74.59162581135,39.3134474398475],[-74.5890957350239,39.3119058125873]]}},{"type":"Feature","id":198379,"properties":{"OBJECTID":198379,"PRIMENAME":"Dogwood Drive","ELEVTYP_F":0,"ELEVTYP_T":0},"geometry":{"type":"LineString","coordinates":[[-74.6108489174352,39.3181364707281],[-74.6111897263795,39.3183493210755],[-74.6115375914207,39.3185968964111],[-74.6118894989979,39.3188507824294],[-74.6121605567691,39.3190764650891],[-74.6123299669608,39.3192656991449]]}},{"type":"Feature","id":198394,"properties":{"OBJECTID":198394,"PRIMENAME":"Garden Terrace","ELEVTYP_F":0,"ELEVTYP_T":0},"geometry":{"type":"LineString","coordinates":[[-74.5962257361508,39.3177004731926],[-74.5967764626631,39.3179119840697],[-74.5973634379797,39.3181326602518]]}},{"type":"Feature","id":198656,"properties":{"OBJECTID":198656,"PRIMENAME":"Oxford Drive","ELEVTYP_F":0,"ELEVTYP_T":0},"geometry":{"type":"LineString","coordinates":[[-74.609704439063,39.3203216429766],[-74.6094745669441,39.3205499161497],[-74.609431765479,39.3205999282337],[-74.6094146484567,39.3206399486395],[-74.6094147263093,39.3206899204055],[-74.6094276612803,39.3207332626951],[-74.6094663658453,39.3207765258032],[-74.6095565395268,39.3208430787972],[-74.6099044074021,39.3210660026818]]}},{"type":"Feature","id":198857,"properties":{"OBJECTID":198857,"PRIMENAME":"Kirklin Avenue","ELEVTYP_F":0,"ELEVTYP_T":0},"geometry":{"type":"LineString","coordinates":[[-74.5875629160036,39.3327278246754],[-74.5866342915926,39.3323709216996],[-74.5853592079239,39.3318768440162]]}},{"type":"Feature","id":199154,"properties":{"OBJECTID":199154,"PRIMENAME":"Chapman Boulevard","ELEVTYP_F":0,"ELEVTYP_T":0},"geometry":{"type":"LineString","coordinates":[[-74.6035275261301,39.3305518337501],[-74.6032554928519,39.33039581838],[-74.6030322932023,39.330269220278]]}},{"type":"Feature","id":199155,"properties":{"OBJECTID":199155,"PRIMENAME":"Cornell Road","ELEVTYP_F":0,"ELEVTYP_T":0},"geometry":{"type":"LineString","coordinates":[[-74.6081526696614,39.3249256679957],[-74.6086353617908,39.3252705981309],[-74.6089770464082,39.3255289504144],[-74.6094215614751,39.3258478569198],[-74.6097261840957,39.3260710965249],[-74.6102293283686,39.3264411793637]]}},{"type":"Feature","id":199223,"properties":{"OBJECTID":199223,"PRIMENAME":"4th Street","ELEVTYP_F":0,"ELEVTYP_T":0},"geometry":{"type":"LineString","coordinates":[[-74.5980677205223,39.3192501977663],[-74.5982196513168,39.3190019138379]]}},{"type":"Feature","id":199279,"properties":{"OBJECTID":199279,"PRIMENAME":"2nd Street","ELEVTYP_F":0,"ELEVTYP_T":0},"geometry":{"type":"LineString","coordinates":[[-74.5987588982297,39.3136768715707],[-74.5991548463376,39.313054855274],[-74.5992867882027,39.312838867488],[-74.5994522781117,39.3125679596175],[-74.5994687285799,39.3125410318587],[-74.5994848075404,39.3125138089471],[-74.599495319517,39.3124991103435],[-74.5995078801702,39.3124833389165],[-74.5995232733255,39.312471354803],[-74.5995428820353,39.31246535211]]}},{"type":"Feature","id":199514,"properties":{"OBJECTID":199514,"PRIMENAME":"West Seaview Avenue","ELEVTYP_F":0,"ELEVTYP_T":0},"geometry":{"type":"LineString","coordinates":[[-74.5811094449846,39.3367471036567],[-74.5805812923715,39.3365445371106],[-74.5784835435627,39.3357524134717]]}},{"type":"Feature","id":199594,"properties":{"OBJECTID":199594,"PRIMENAME":"Unnamed Segment","ELEVTYP_F":0,"ELEVTYP_T":0},"geometry":{"type":"LineString","coordinates":[[-74.5958207816853,39.3317956649926],[-74.5958817879408,39.3339023089918],[-74.5958519465807,39.3339371491114],[-74.5958220758279,39.3339487788864],[-74.5957548233535,39.3339430311906],[-74.5953140112709,39.3339608003118],[-74.5951945018762,39.3339899115144],[-74.5950675355692,39.3340306320636],[-74.5947389122313,39.3341295408827],[-74.5945259787732,39.3343314881123]]}},{"type":"Feature","id":200118,"properties":{"OBJECTID":200118,"PRIMENAME":"Village Drive South","ELEVTYP_F":0,"ELEVTYP_T":0},"geometry":{"type":"LineString","coordinates":[[-74.6092963799856,39.3148763843391],[-74.6093888488904,39.3148780820038],[-74.6095211389299,39.3148706817269],[-74.6097263589999,39.3148702966018],[-74.6099278325273,39.3148701065267],[-74.6100861048281,39.3148643556879],[-74.6101760483106,39.314855895708],[-74.6102547795822,39.3148433286466]]}},{"type":"Feature","id":200255,"properties":{"OBJECTID":200255,"PRIMENAME":"Grammercy Avenue","ELEVTYP_F":0,"ELEVTYP_T":0},"geometry":{"type":"LineString","coordinates":[[-74.5879492429797,39.3321064042847],[-74.5878544732371,39.3322609212849],[-74.5875629160036,39.3327278246754]]}},{"type":"Feature","id":200749,"properties":{"OBJECTID":200749,"PRIMENAME":"MacArthur Boulevard","ELEVTYP_F":0,"ELEVTYP_T":0},"geometry":{"type":"LineString","coordinates":[[-74.5991965527528,39.3087279385908],[-74.5992232825663,39.3087557006241],[-74.5993532255216,39.3089655072775],[-74.5993961693643,39.3090791744908],[-74.5994554005263,39.3092477118706],[-74.5995242689079,39.3094807692225],[-74.5996820702126,39.3099985275633],[-74.5998259794675,39.3104630583627]]}},{"type":"Feature","id":200897,"properties":{"OBJECTID":200897,"PRIMENAME":"Beech Avenue","ELEVTYP_F":0,"ELEVTYP_T":0},"geometry":{"type":"LineString","coordinates":[[-74.5888214915215,39.3309919549028],[-74.5886341591071,39.3309171679904],[-74.5885024142291,39.3308490928273],[-74.5883091136445,39.3307503671907],[-74.5881202414602,39.3306584750575],[-74.5879489401015,39.3305665414163],[-74.5878391324793,39.3305120953533],[-74.5877732644326,39.3304814479989],[-74.5876854861372,39.3304576542933],[-74.5876064505559,39.3304713593369],[-74.5875538284305,39.3305157144795],[-74.5874354551898,39.3306521542799],[-74.5872732881815,39.3308534250572],[-74.5871841379245,39.3309785581831]]}},{"type":"Feature","id":201086,"properties":{"OBJECTID":201086,"PRIMENAME":"Jordan Road","ELEVTYP_F":0,"ELEVTYP_T":0},"geometry":{"type":"LineString","coordinates":[[-74.6080846995852,39.319236385338],[-74.6081383539944,39.3191871879026],[-74.608382636533,39.3189565383564],[-74.6087606034091,39.3185996618634],[-74.608767521809,39.3185933677049]]}},{"type":"Feature","id":201231,"properties":{"OBJECTID":201231,"PRIMENAME":"Chapman Boulevard","ELEVTYP_F":0,"ELEVTYP_T":0},"geometry":{"type":"LineString","coordinates":[[-74.5982042420693,39.3280964788019],[-74.597626804045,39.3278381524376],[-74.5972141584545,39.3276546469632]]}},{"type":"Feature","id":202559,"properties":{"OBJECTID":202559,"PRIMENAME":"Dianne Court","ELEVTYP_F":0,"ELEVTYP_T":0},"geometry":{"type":"LineString","coordinates":[[-74.5752942699973,39.3364656799071],[-74.5746098272629,39.3372996827052]]}},{"type":"Feature","id":202685,"properties":{"OBJECTID":202685,"PRIMENAME":"Schumans Alley","ELEVTYP_F":0,"ELEVTYP_T":0},"geometry":{"type":"LineString","coordinates":[[-74.5878691750918,39.3266916404931],[-74.5880716363372,39.3268035938714],[-74.5885236473317,39.3270522568842]]}},{"type":"Feature","id":202885,"properties":{"OBJECTID":202885,"PRIMENAME":"West New York Avenue","ELEVTYP_F":0,"ELEVTYP_T":0},"geometry":{"type":"LineString","coordinates":[[-74.603114635472,39.3180174409136],[-74.602661860629,39.3178462626771],[-74.6019595727357,39.3175802185473]]}},{"type":"Feature","id":203047,"properties":{"OBJECTID":203047,"PRIMENAME":"Unnamed Segment","ELEVTYP_F":0,"ELEVTYP_T":0},"geometry":{"type":"LineString","coordinates":[[-74.5942608925827,39.3255478652364],[-74.5964961891723,39.3254802336758],[-74.5966730077928,39.3255258483565],[-74.5970120729796,39.325725773262],[-74.5972184757644,39.3258571641586],[-74.5981474684823,39.3265771282215]]}},{"type":"Feature","id":203146,"properties":{"OBJECTID":203146,"PRIMENAME":"Greenwich Avenue","ELEVTYP_F":0,"ELEVTYP_T":0},"geometry":{"type":"LineString","coordinates":[[-74.5822660592372,39.33530209009],[-74.5813081412107,39.3349349511606],[-74.5811724535783,39.3348833445791]]}},{"type":"Feature","id":203454,"properties":{"OBJECTID":203454,"PRIMENAME":"Dobbs Avenue","ELEVTYP_F":0,"ELEVTYP_T":0},"geometry":{"type":"LineString","coordinates":[[-74.608767521809,39.3185933677049],[-74.6086608453788,39.3185274609495],[-74.6085759214885,39.3184710338128],[-74.608470756265,39.318398947677],[-74.6083130004554,39.3182861367605],[-74.6081269677682,39.3181513584759],[-74.6078964295037,39.3179915262194],[-74.6076982533541,39.3178661765275],[-74.6076294749597,39.3178254394811],[-74.6075095211542,39.3177672044749]]}},{"type":"Feature","id":204346,"properties":{"OBJECTID":204346,"PRIMENAME":"Brighton Drive","ELEVTYP_F":0,"ELEVTYP_T":0},"geometry":{"type":"LineString","coordinates":[[-74.5917801206505,39.3332021881247],[-74.5916950154521,39.3332828104597],[-74.5914936353321,39.3334735774874]]}},{"type":"Feature","id":204869,"properties":{"OBJECTID":204869,"PRIMENAME":"Cleveland Avenue","ELEVTYP_F":0,"ELEVTYP_T":0},"geometry":{"type":"LineString","coordinates":[[-74.5843027642507,39.3272223013569],[-74.5848839826015,39.3265095921963]]}},{"type":"Feature","id":205552,"properties":{"OBJECTID":205552,"PRIMENAME":"Farragut Road","ELEVTYP_F":0,"ELEVTYP_T":0},"geometry":{"type":"LineString","coordinates":[[-74.6153888662603,39.3235973289173],[-74.61438191626,39.323650216862]]}},{"type":"Feature","id":205610,"properties":{"OBJECTID":205610,"PRIMENAME":"Village Drive","ELEVTYP_F":0,"ELEVTYP_T":0},"geometry":{"type":"LineString","coordinates":[[-74.6058254780265,39.3136357645801],[-74.6059900914723,39.3137586222309],[-74.6060738871386,39.3138225750506],[-74.6061557749419,39.3138870240973]]}},{"type":"Feature","id":205804,"properties":{"OBJECTID":205804,"PRIMENAME":"Unnamed Segment","ELEVTYP_F":0,"ELEVTYP_T":0},"geometry":{"type":"LineString","coordinates":[[-74.592974049453,39.3188693164925],[-74.5927088612238,39.3192036117627],[-74.5925103827322,39.3194726190394]]}},{"type":"Feature","id":205877,"properties":{"OBJECTID":205877,"PRIMENAME":"Sunset Avenue","ELEVTYP_F":0,"ELEVTYP_T":0},"geometry":{"type":"LineString","coordinates":[[-74.5905165847407,39.3193818744386],[-74.5911810367084,39.3185412288816]]}},{"type":"Feature","id":206020,"properties":{"OBJECTID":206020,"PRIMENAME":"Defeo Lane","ELEVTYP_F":0,"ELEVTYP_T":0},"geometry":{"type":"LineString","coordinates":[[-74.6057730739826,39.3327256063547],[-74.6053444863797,39.3331901527579],[-74.6052787733232,39.3332464166735],[-74.6052130693297,39.3332848056996],[-74.6051473189506,39.3333155071875],[-74.6050651043702,39.3333309294877],[-74.6049894514034,39.333336105363],[-74.6048775785371,39.3333310986039],[-74.6047328140803,39.3333184617194],[-74.6045321246424,39.3332879730238],[-74.6043610256111,39.3332549315742],[-74.6042326748906,39.3332243765808],[-74.6040845730321,39.3331785189722],[-74.6039430320297,39.3331224418916],[-74.6037784490184,39.3330485094389],[-74.6036075382507,39.3329514098552]]}},{"type":"Feature","id":206078,"properties":{"OBJECTID":206078,"PRIMENAME":"Sunset Avenue","ELEVTYP_F":0,"ELEVTYP_T":0},"geometry":{"type":"LineString","coordinates":[[-74.5809470380082,39.3326902753412],[-74.5808887190207,39.3327051973272],[-74.5808533671322,39.3327081324183],[-74.5808228171909,39.3327058196266],[-74.5785781756573,39.331883458722]]}},{"type":"Feature","id":206465,"properties":{"OBJECTID":206465,"PRIMENAME":"Fox Tail Court","ELEVTYP_F":0,"ELEVTYP_T":0},"geometry":{"type":"LineString","coordinates":[[-74.6075891305789,39.330715060485],[-74.6072559553319,39.3313652169153]]}},{"type":"Feature","id":206741,"properties":{"OBJECTID":206741,"PRIMENAME":"Sunny Avenue","ELEVTYP_F":0,"ELEVTYP_T":0},"geometry":{"type":"LineString","coordinates":[[-74.5856873915458,39.3239272589835],[-74.586256183627,39.3232328382776]]}},{"type":"Feature","id":208271,"properties":{"OBJECTID":208271,"PRIMENAME":"Steelman Avenue","ELEVTYP_F":0,"ELEVTYP_T":0},"geometry":{"type":"LineString","coordinates":[[-74.5905820026196,39.3292657021664],[-74.5906823165267,39.3291404207841],[-74.5909949397399,39.3287530347468],[-74.5910853890846,39.3286281732907],[-74.5911100463729,39.3285865561875],[-74.5911182298603,39.3285449528764],[-74.5911167032389,39.3285331660144]]}},{"type":"Feature","id":209387,"properties":{"OBJECTID":209387,"PRIMENAME":"Unnamed Segment","ELEVTYP_F":0,"ELEVTYP_T":0},"geometry":{"type":"LineString","coordinates":[[-74.5960112925287,39.3263501028432],[-74.5953410925573,39.3263620949512],[-74.5951571379287,39.3264880892869],[-74.5950657768402,39.3265275385461],[-74.5948143044583,39.3265361140199]]}},{"type":"Feature","id":210391,"properties":{"OBJECTID":210391,"PRIMENAME":"Dawes Avenue","ELEVTYP_F":0,"ELEVTYP_T":0},"geometry":{"type":"LineString","coordinates":[[-74.586256183627,39.3232328382776],[-74.5858589642472,39.3230426086126],[-74.5845748088,39.3224138796963]]}},{"type":"Feature","id":212773,"properties":{"OBJECTID":212773,"PRIMENAME":"Atlantic Avenue","ELEVTYP_F":0,"ELEVTYP_T":0},"geometry":{"type":"LineString","coordinates":[[-74.5913488138836,39.3232267021297],[-74.5908187149621,39.324060406052]]}},{"type":"Feature","id":212975,"properties":{"OBJECTID":212975,"PRIMENAME":"West Ocean Heights Avenue","ELEVTYP_F":0,"ELEVTYP_T":0},"geometry":{"type":"LineString","coordinates":[[-74.5929045757449,39.3325588654555],[-74.5931037141497,39.3327913712133],[-74.5937111002395,39.3334663219842],[-74.5944152501051,39.3342058523464],[-74.5944584543802,39.3342548882069],[-74.5944755890307,39.3342743363757],[-74.5945259787732,39.3343314881123]]}},{"type":"Feature","id":213812,"properties":{"OBJECTID":213812,"PRIMENAME":"Shore Road","ELEVTYP_F":0,"ELEVTYP_T":0},"geometry":{"type":"LineString","coordinates":[[-74.5971279500006,39.3112823772289],[-74.5968564719751,39.3117716119152]]}},{"type":"Feature","id":213998,"properties":{"OBJECTID":213998,"PRIMENAME":"Meadow View Drive","ELEVTYP_F":0,"ELEVTYP_T":0},"geometry":{"type":"LineString","coordinates":[[-74.5738225100509,39.3369901149353],[-74.5736727452362,39.3369312047634],[-74.5731963788668,39.3367324156883],[-74.5730373484498,39.3366708197934]]}},{"type":"Feature","id":214440,"properties":{"OBJECTID":214440,"PRIMENAME":"West Pierson Avenue","ELEVTYP_F":0,"ELEVTYP_T":0},"geometry":{"type":"LineString","coordinates":[[-74.5886588788884,39.3231108823609],[-74.5892990537617,39.3233983881477],[-74.5905155869134,39.3239283277332]]}},{"type":"Feature","id":214485,"properties":{"OBJECTID":214485,"PRIMENAME":"Braddock Drive","ELEVTYP_F":0,"ELEVTYP_T":0},"geometry":{"type":"LineString","coordinates":[[-74.601427152258,39.3131895227536],[-74.601588217991,39.3129564842551],[-74.6016821305649,39.3128206086437],[-74.6023248715064,39.3119368927572],[-74.6025295339919,39.311657227932],[-74.6025725998888,39.3115956867182]]}},{"type":"Feature","id":214545,"properties":{"OBJECTID":214545,"PRIMENAME":"West Connecticut Avenue","ELEVTYP_F":0,"ELEVTYP_T":0},"geometry":{"type":"LineString","coordinates":[[-74.6060117056141,39.3207029259566],[-74.6063080638562,39.3208125020333],[-74.6068749976496,39.3210221197395]]}},{"type":"Feature","id":214924,"properties":{"OBJECTID":214924,"PRIMENAME":"Unnamed Segment","ELEVTYP_F":0,"ELEVTYP_T":0},"geometry":{"type":"LineString","coordinates":[[-74.5981474684823,39.3265771282215],[-74.5976030515373,39.3270066016465],[-74.5971606630964,39.3266580394022]]}},{"type":"Feature","id":215474,"properties":{"OBJECTID":215474,"PRIMENAME":"West Laurel Drive","ELEVTYP_F":0,"ELEVTYP_T":0},"geometry":{"type":"LineString","coordinates":[[-74.612868900598,39.3207234973925],[-74.6124909269008,39.3204692270413]]}},{"type":"Feature","id":215533,"properties":{"OBJECTID":215533,"PRIMENAME":"East Wilmont Avenue","ELEVTYP_F":0,"ELEVTYP_T":0},"geometry":{"type":"LineString","coordinates":[[-74.5867882821187,39.3254365732681],[-74.5867063544049,39.3253936366266],[-74.5852142076826,39.3246748459485],[-74.5851237251906,39.3246304046831]]}},{"type":"Feature","id":215771,"properties":{"OBJECTID":215771,"PRIMENAME":"Unnamed Segment","ELEVTYP_F":0,"ELEVTYP_T":0},"geometry":{"type":"LineString","coordinates":[[-74.59961714233,39.3145594026833],[-74.5984753770637,39.3141222160473]]}},{"type":"Feature","id":216044,"properties":{"OBJECTID":216044,"PRIMENAME":"Cedar Court","ELEVTYP_F":0,"ELEVTYP_T":0},"geometry":{"type":"LineString","coordinates":[[-74.6075891305789,39.330715060485],[-74.6078514869411,39.33080152644],[-74.6079287720563,39.3308247660684],[-74.6079480076633,39.3308297333355]]}},{"type":"Feature","id":216462,"properties":{"OBJECTID":216462,"PRIMENAME":"Bethel Road","ELEVTYP_F":0,"ELEVTYP_T":0},"geometry":{"type":"LineString","coordinates":[[-74.5944535295379,39.3318326979436],[-74.5944771395636,39.3321952194135],[-74.5944931384172,39.3326026661119],[-74.5944973749237,39.3328873080947],[-74.5945027295783,39.33302540479]]}},{"type":"Feature","id":216721,"properties":{"OBJECTID":216721,"PRIMENAME":"Defeo Lane","ELEVTYP_F":0,"ELEVTYP_T":0},"geometry":{"type":"LineString","coordinates":[[-74.5979199427944,39.3308747464209],[-74.5974635729588,39.3307873496215],[-74.5970000596236,39.3306977607997],[-74.5968884447905,39.3306711932668],[-74.596820240081,39.3306414042483],[-74.5968177726126,39.3306403253239]]}},{"type":"Feature","id":217420,"properties":{"OBJECTID":217420,"PRIMENAME":"Wabash Avenue","ELEVTYP_F":0,"ELEVTYP_T":0},"geometry":{"type":"LineString","coordinates":[[-74.5858311247639,39.331298392439],[-74.5860181522641,39.331069126933]]}},{"type":"Feature","id":218077,"properties":{"OBJECTID":218077,"PRIMENAME":"Shore Road","ELEVTYP_F":0,"ELEVTYP_T":0},"geometry":{"type":"LineString","coordinates":[[-74.5958250054946,39.3135858602151],[-74.5956186463291,39.3139419812884]]}},{"type":"Feature","id":218247,"properties":{"OBJECTID":218247,"PRIMENAME":"Drexel","ELEVTYP_F":0,"ELEVTYP_T":0},"geometry":{"type":"LineString","coordinates":[[-74.6106598977361,39.3271232117224],[-74.6113441640154,39.3275586020477]]}},{"type":"Feature","id":219281,"properties":{"OBJECTID":219281,"PRIMENAME":"Unnamed Segment","ELEVTYP_F":0,"ELEVTYP_T":0},"geometry":{"type":"LineString","coordinates":[[-74.599192357162,39.3261106375335],[-74.5990011677572,39.3261187914238],[-74.59886124118,39.3261246305203],[-74.5986771809589,39.3261705480835],[-74.5981474684823,39.3265771282215]]}},{"type":"Feature","id":219644,"properties":{"OBJECTID":219644,"PRIMENAME":"Cedar Hollows Road","ELEVTYP_F":0,"ELEVTYP_T":0},"geometry":{"type":"LineString","coordinates":[[-74.5924564977469,39.3321134860577],[-74.5923172871223,39.3322154749893],[-74.592214242401,39.3322727601476],[-74.5921111900037,39.3323243232511],[-74.5920081697618,39.3323987660067],[-74.5918088091101,39.3326029108969],[-74.591793405392,39.3326166822631],[-74.5917757904073,39.3326287494088],[-74.5917562740163,39.3326389000631],[-74.5917351995275,39.3326469556679],[-74.5915688999278,39.3327242692337]]}},{"type":"Feature","id":219684,"properties":{"OBJECTID":219684,"PRIMENAME":"Annie Avenue","ELEVTYP_F":0,"ELEVTYP_T":0},"geometry":{"type":"LineString","coordinates":[[-74.5976445783302,39.3103641691712],[-74.5961053713247,39.3095068432614]]}},{"type":"Feature","id":220620,"properties":{"OBJECTID":220620,"PRIMENAME":"5th Street","ELEVTYP_F":0,"ELEVTYP_T":0},"geometry":{"type":"LineString","coordinates":[[-74.5990899931664,39.3198738117729],[-74.5992994508692,39.3195348977566],[-74.5993641760797,39.3194361068156]]}},{"type":"Feature","id":221740,"properties":{"OBJECTID":221740,"PRIMENAME":"Bethel Road","ELEVTYP_F":0,"ELEVTYP_T":0},"geometry":{"type":"LineString","coordinates":[[-74.594129945506,39.3223276338606],[-74.5941362389753,39.3225123040182],[-74.5941491118442,39.3229105800707],[-74.5941596181832,39.3232356766841]]}},{"type":"Feature","id":221830,"properties":{"OBJECTID":221830,"PRIMENAME":"West New Jersey Avenue","ELEVTYP_F":0,"ELEVTYP_T":0},"geometry":{"type":"LineString","coordinates":[[-74.5987588982297,39.3136768715707],[-74.5993751624574,39.3139099234824],[-74.5998999106977,39.3141112554691]]}},{"type":"Feature","id":221994,"properties":{"OBJECTID":221994,"PRIMENAME":"South Laurel Drive","ELEVTYP_F":0,"ELEVTYP_T":0},"geometry":{"type":"LineString","coordinates":[[-74.6137398857611,39.3212992994193],[-74.6139499124851,39.3213306144479],[-74.6140974708671,39.321336071182],[-74.6142593585629,39.3213275375147],[-74.6144104411227,39.3213050119683],[-74.6145650837243,39.3212545592471],[-74.614712541532,39.3211985112296],[-74.6148671333835,39.3211173061205],[-74.6150072747376,39.3210193662216],[-74.6151582063233,39.3209046116677],[-74.6152911649732,39.3207815286628],[-74.6153917310983,39.3206724249435],[-74.6154779010845,39.320557762072],[-74.6155388993246,39.3204626456936],[-74.6155462593473,39.3204458895258]]}},{"type":"Feature","id":222050,"properties":{"OBJECTID":222050,"PRIMENAME":"Holly Hills Drive","ELEVTYP_F":0,"ELEVTYP_T":0},"geometry":{"type":"LineString","coordinates":[[-74.6026931276712,39.3093728295289],[-74.6025370754015,39.3097634533471]]}},{"type":"Feature","id":222871,"properties":{"OBJECTID":222871,"PRIMENAME":"Berkley Street","ELEVTYP_F":0,"ELEVTYP_T":0},"geometry":{"type":"LineString","coordinates":[[-74.5823357179321,39.3309664109417],[-74.5806531635316,39.3303195513856],[-74.5806376384753,39.3303137915264]]}},{"type":"Feature","id":223469,"properties":{"OBJECTID":223469,"PRIMENAME":"East Ocean Avenue","ELEVTYP_F":0,"ELEVTYP_T":0},"geometry":{"type":"LineString","coordinates":[[-74.5848839826015,39.3265095921963],[-74.5845487579497,39.3263508603823],[-74.5841266500402,39.3261409565817]]}},{"type":"Feature","id":223626,"properties":{"OBJECTID":223626,"PRIMENAME":"Bay Avenue","ELEVTYP_F":0,"ELEVTYP_T":0},"geometry":{"type":"LineString","coordinates":[[-74.5906407469238,39.3144340656346],[-74.5905003869995,39.3145747823923],[-74.590377928524,39.3146969237565],[-74.590270790355,39.3148041436964],[-74.5902360721967,39.314853456086]]}},{"type":"Feature","id":225149,"properties":{"OBJECTID":225149,"PRIMENAME":"Pirates Alley","ELEVTYP_F":0,"ELEVTYP_T":0},"geometry":{"type":"LineString","coordinates":[[-74.5905080254329,39.3281551015503],[-74.5904585979657,39.3281519555929],[-74.5904009783677,39.3281839873761],[-74.5903557921042,39.3282435870131],[-74.5902529231276,39.3283792655125],[-74.5898279046015,39.3289016873699]]}},{"type":"Feature","id":225158,"properties":{"OBJECTID":225158,"PRIMENAME":"West Royal Avenue","ELEVTYP_F":0,"ELEVTYP_T":0},"geometry":{"type":"LineString","coordinates":[[-74.5863927447399,39.3301586543505],[-74.5860958513475,39.3300224964678],[-74.5858454964613,39.329896543967],[-74.5855556204127,39.3297433289124],[-74.5853403948391,39.3296344001048],[-74.5850065984781,39.3294710294598],[-74.5847781888881,39.32936208221],[-74.584513939224,39.329236672933],[-74.5844268558368,39.3291953446115],[-74.583950779987,39.3289552489843]]}},{"type":"Feature","id":225221,"properties":{"OBJECTID":225221,"PRIMENAME":"Haddon Road","ELEVTYP_F":0,"ELEVTYP_T":0},"geometry":{"type":"LineString","coordinates":[[-74.6086066914036,39.3233047115714],[-74.6086079613611,39.3233032006204],[-74.6086849601232,39.3231698252342],[-74.6090332595965,39.322571487967]]}},{"type":"Feature","id":226005,"properties":{"OBJECTID":226005,"PRIMENAME":"Bryn Mawr Road","ELEVTYP_F":0,"ELEVTYP_T":0},"geometry":{"type":"LineString","coordinates":[[-74.6024963227678,39.3253275101819],[-74.601442527171,39.3246921472154]]}},{"type":"Feature","id":228095,"properties":{"OBJECTID":228095,"PRIMENAME":"Exton Road","ELEVTYP_F":0,"ELEVTYP_T":0},"geometry":{"type":"LineString","coordinates":[[-74.6083928932585,39.3281611282457],[-74.6081352931044,39.3284020275897],[-74.6078810568848,39.3286480299528]]}},{"type":"Feature","id":228118,"properties":{"OBJECTID":228118,"PRIMENAME":"Shore Road","ELEVTYP_F":0,"ELEVTYP_T":0},"geometry":{"type":"LineString","coordinates":[[-74.5918517783935,39.3191409737481],[-74.5917020314202,39.3193241655087],[-74.5912993923322,39.3198265597709]]}},{"type":"Feature","id":228154,"properties":{"OBJECTID":228154,"PRIMENAME":"6th Street","ELEVTYP_F":0,"ELEVTYP_T":0},"geometry":{"type":"LineString","coordinates":[[-74.6005222650545,39.3198781850507],[-74.6004411522424,39.320010652448],[-74.6002362684468,39.3203319788285],[-74.6000519814729,39.3206209973966]]}},{"type":"Feature","id":228636,"properties":{"OBJECTID":228636,"PRIMENAME":"Wilson Avenue","ELEVTYP_F":0,"ELEVTYP_T":0},"geometry":{"type":"LineString","coordinates":[[-74.6058922378345,39.3318696402995],[-74.6061783084032,39.3320423575639],[-74.6063626740068,39.3321520443786],[-74.6065503827941,39.3322744950716],[-74.6066755221145,39.332379128873],[-74.606751318836,39.3324684858612],[-74.6068040938648,39.3325552830936],[-74.6068272195062,39.3326267873779],[-74.6068339002075,39.3326957529448],[-74.6068274411191,39.3327724181141],[-74.6068078292575,39.332849041303],[-74.6067717502966,39.3329078867234],[-74.6067191874248,39.33296155856],[-74.6066600292989,39.3330024682839],[-74.6065876951702,39.3330280969313],[-74.6065120542659,39.3330409334032],[-74.6064265297314,39.3330410116322],[-74.6063278215423,39.333020674092],[-74.6061302855231,39.3329237664802],[-74.6057730739826,39.3327256063547]]}},{"type":"Feature","id":228962,"properties":{"OBJECTID":228962,"PRIMENAME":"Myrtle Avenue","ELEVTYP_F":0,"ELEVTYP_T":0},"geometry":{"type":"LineString","coordinates":[[-74.5781094881991,39.3324660791861],[-74.5780437003645,39.3324417698127],[-74.5769941474233,39.3320572483551],[-74.5768380212513,39.3319993904543],[-74.5766911391377,39.3319449574534]]}},{"type":"Feature","id":229306,"properties":{"OBJECTID":229306,"PRIMENAME":"Devon Avenue","ELEVTYP_F":0,"ELEVTYP_T":0},"geometry":{"type":"LineString","coordinates":[[-74.5745046100703,39.3361407692625],[-74.5747658135174,39.3358283348425]]}},{"type":"Feature","id":230071,"properties":{"OBJECTID":230071,"PRIMENAME":"Chapman Boulevard","ELEVTYP_F":0,"ELEVTYP_T":0},"geometry":{"type":"LineString","coordinates":[[-74.6020947263734,39.3298238173226],[-74.6018091971075,39.3296944708822]]}},{"type":"Feature","id":230143,"properties":{"OBJECTID":230143,"PRIMENAME":"Gould Avenue","ELEVTYP_F":0,"ELEVTYP_T":0},"geometry":{"type":"LineString","coordinates":[[-74.5964824782596,39.3228807495983],[-74.5961363045562,39.3232778153762],[-74.5960857074442,39.323345668716],[-74.5960589844458,39.3234244030984]]}},{"type":"Feature","id":230281,"properties":{"OBJECTID":230281,"PRIMENAME":"Rutgers Road","ELEVTYP_F":0,"ELEVTYP_T":0},"geometry":{"type":"LineString","coordinates":[[-74.6078810568848,39.3286480299528],[-74.6062915338037,39.3278050553832],[-74.6055887788009,39.3274218210036]]}},{"type":"Feature","id":230321,"properties":{"OBJECTID":230321,"PRIMENAME":"Holly Hills Drive","ELEVTYP_F":0,"ELEVTYP_T":0},"geometry":{"type":"LineString","coordinates":[[-74.6033270993452,39.3125538985137],[-74.6033331757724,39.3125759964619],[-74.6033800401048,39.3126458321134],[-74.603437667887,39.3127044844507],[-74.6035529379203,39.3127826341239],[-74.6037546419421,39.3129417594673],[-74.6042949743931,39.3133996157792],[-74.60503363841,39.3141395751516],[-74.605100241333,39.3142178500463]]}},{"type":"Feature","id":231378,"properties":{"OBJECTID":231378,"PRIMENAME":"5th Street","ELEVTYP_F":0,"ELEVTYP_T":0},"geometry":{"type":"LineString","coordinates":[[-74.5986500345952,39.3205240905954],[-74.5987035758895,39.320514435309],[-74.5987405890393,39.3204664372909],[-74.5988761597876,39.3202199509491],[-74.5989041987801,39.3201745683601]]}},{"type":"Feature","id":231401,"properties":{"OBJECTID":231401,"PRIMENAME":"Atlantic Avenue","ELEVTYP_F":0,"ELEVTYP_T":0},"geometry":{"type":"LineString","coordinates":[[-74.5910420113739,39.3230942154718],[-74.5911357138347,39.3229490325247],[-74.5914373540427,39.3224565211422]]}},{"type":"Feature","id":231881,"properties":{"OBJECTID":231881,"PRIMENAME":"Woodlynne Boulevard","ELEVTYP_F":0,"ELEVTYP_T":0},"geometry":{"type":"LineString","coordinates":[[-74.5789121012175,39.3327623190371],[-74.578768646844,39.3329351472441],[-74.5784162195538,39.3333746129683]]}},{"type":"Feature","id":231957,"properties":{"OBJECTID":231957,"PRIMENAME":"Point Drive","ELEVTYP_F":0,"ELEVTYP_T":0},"geometry":{"type":"LineString","coordinates":[[-74.5797541572322,39.3132125389419],[-74.5798305371348,39.3125572810479],[-74.5799315305797,39.3116676063345],[-74.5800227197525,39.3108290631163],[-74.580038973851,39.3106398731247],[-74.5800369440498,39.3106088746975],[-74.5800356293783,39.3105887783692],[-74.5800223965344,39.3105452960106],[-74.5799956200771,39.3105153171996],[-74.5799927394802,39.3105120933525],[-74.5799565302862,39.3104967692024],[-74.5799137550243,39.3104891380237],[-74.5798643875714,39.3104968324513],[-74.5797558362197,39.3105199164444],[-74.5796480449011,39.3105506693741]]}},{"type":"Feature","id":232210,"properties":{"OBJECTID":232210,"PRIMENAME":"Grammercy Avenue","ELEVTYP_F":0,"ELEVTYP_T":0},"geometry":{"type":"LineString","coordinates":[[-74.5875629160036,39.3327278246754],[-74.5874689514419,39.3328782492442],[-74.5872485235707,39.3332172260253],[-74.5871140591466,39.3334240013168]]}},{"type":"Feature","id":232284,"properties":{"OBJECTID":232284,"PRIMENAME":"10th Street","ELEVTYP_F":0,"ELEVTYP_T":0},"geometry":{"type":"LineString","coordinates":[[-74.6071979116558,39.3182871689438],[-74.6073429845558,39.3180359688611],[-74.6074316140985,39.3178821007061],[-74.6074961163453,39.3177847611457],[-74.6075095211542,39.3177672044749]]}},{"type":"Feature","id":232553,"properties":{"OBJECTID":232553,"PRIMENAME":"West Cedar Avenue","ELEVTYP_F":0,"ELEVTYP_T":0},"geometry":{"type":"LineString","coordinates":[[-74.5934435850417,39.3234047844826],[-74.5928805135543,39.3231375029371]]}},{"type":"Feature","id":233051,"properties":{"OBJECTID":233051,"PRIMENAME":"Shore Road","ELEVTYP_F":0,"ELEVTYP_T":0},"geometry":{"type":"LineString","coordinates":[[-74.5809470380082,39.3326902753412],[-74.5806996567847,39.3329980741141],[-74.5806832309497,39.333018504246]]}},{"type":"Feature","id":233504,"properties":{"OBJECTID":233504,"PRIMENAME":"Bay Avenue","ELEVTYP_F":0,"ELEVTYP_T":0},"geometry":{"type":"LineString","coordinates":[[-74.5823382868041,39.3252375379471],[-74.5823362254466,39.325218449335],[-74.5823476588409,39.325170831376],[-74.5823809610157,39.3251284163617],[-74.5825581094659,39.3249027853413],[-74.5828561846092,39.324537149837]]}},{"type":"Feature","id":234421,"properties":{"OBJECTID":234421,"PRIMENAME":"Mays Landing Road","ELEVTYP_F":0,"ELEVTYP_T":0},"geometry":{"type":"LineString","coordinates":[[-74.600894979735,39.3088754814212],[-74.6012054540955,39.3089614264589],[-74.6024166298827,39.3092966882992],[-74.6025015509743,39.3093200735452]]}},{"type":"Feature","id":234538,"properties":{"OBJECTID":234538,"PRIMENAME":"Atlantic Avenue","ELEVTYP_F":0,"ELEVTYP_T":0},"geometry":{"type":"LineString","coordinates":[[-74.5870404696211,39.3293633780213],[-74.5866481440461,39.3298450775661],[-74.5863927447399,39.3301586543505]]}},{"type":"Feature","id":234593,"properties":{"OBJECTID":234593,"PRIMENAME":"2nd Street","ELEVTYP_F":0,"ELEVTYP_T":0},"geometry":{"type":"LineString","coordinates":[[-74.5957433005738,39.3184460250559],[-74.5958193871409,39.3183295941495],[-74.5959480329925,39.3181327373714]]}},{"type":"Feature","id":235093,"properties":{"OBJECTID":235093,"PRIMENAME":"Massachusetts Avenue","ELEVTYP_F":0,"ELEVTYP_T":0},"geometry":{"type":"LineString","coordinates":[[-74.6032092039029,39.3223556598745],[-74.6037346137123,39.3225479673134],[-74.6039279116518,39.3226212419673]]}},{"type":"Feature","id":235327,"properties":{"OBJECTID":235327,"PRIMENAME":"Landing Lane","ELEVTYP_F":0,"ELEVTYP_T":0},"geometry":{"type":"LineString","coordinates":[[-74.6022261913102,39.3084168048463],[-74.6021164717755,39.3080668515765],[-74.6020892178088,39.3079869963877],[-74.6020509862153,39.3078749853233],[-74.6020337545909,39.3078376588378],[-74.6020165756372,39.3078110403216],[-74.6019822258529,39.307789736355],[-74.6019444573877,39.3077737619061],[-74.6018792381101,39.3077658296476],[-74.6018140740879,39.3077712131893],[-74.601288981294,39.3078857579652],[-74.6011760184643,39.3079103998671]]}},{"type":"Feature","id":236183,"properties":{"OBJECTID":236183,"PRIMENAME":"North Laurel Drive","ELEVTYP_F":0,"ELEVTYP_T":0},"geometry":{"type":"LineString","coordinates":[[-74.6148217875956,39.3219654396669],[-74.6137398857611,39.3212992994193]]}},{"type":"Feature","id":237305,"properties":{"OBJECTID":237305,"PRIMENAME":"Bala Drive","ELEVTYP_F":0,"ELEVTYP_T":0},"geometry":{"type":"LineString","coordinates":[[-74.6102286531375,39.3230829548107],[-74.6103968090926,39.3231915526679],[-74.6105213845996,39.323281383547],[-74.6106330566038,39.32337125358],[-74.6107404114925,39.3234577774802],[-74.6108521928072,39.323570986413],[-74.6110498663786,39.3237674161965],[-74.6114108034832,39.3241269486942],[-74.6116772269865,39.3243832788208],[-74.6119350628476,39.3246396156827],[-74.6120252651655,39.3247195383848],[-74.6120895734036,39.3247659333022]]}},{"type":"Feature","id":237552,"properties":{"OBJECTID":237552,"PRIMENAME":"Fox Terrace","ELEVTYP_F":0,"ELEVTYP_T":0},"geometry":{"type":"LineString","coordinates":[[-74.5991488182869,39.3175487099987],[-74.5989465595606,39.3174736495365],[-74.5982340633155,39.3172010021137],[-74.5979992006763,39.3171151496078]]}},{"type":"Feature","id":237828,"properties":{"OBJECTID":237828,"PRIMENAME":"Gibbs Avenue","ELEVTYP_F":0,"ELEVTYP_T":0},"geometry":{"type":"LineString","coordinates":[[-74.5912516632825,39.3116843793216],[-74.5925893943299,39.312490914443]]}},{"type":"Feature","id":237989,"properties":{"OBJECTID":237989,"PRIMENAME":"Brighton Drive","ELEVTYP_F":0,"ELEVTYP_T":0},"geometry":{"type":"LineString","coordinates":[[-74.5909185727728,39.3340184149559],[-74.5907115042359,39.3339387410133]]}},{"type":"Feature","id":238708,"properties":{"OBJECTID":238708,"PRIMENAME":"West New York Avenue","ELEVTYP_F":0,"ELEVTYP_T":0},"geometry":{"type":"LineString","coordinates":[[-74.6008224184971,39.3171495036922],[-74.6000260338802,39.316847889428],[-74.5996780981455,39.3167143905469]]}},{"type":"Feature","id":238870,"properties":{"OBJECTID":238870,"PRIMENAME":"Paul Clark Drive","ELEVTYP_F":0,"ELEVTYP_T":0},"geometry":{"type":"LineString","coordinates":[[-74.5890957350239,39.3119058125873],[-74.5890804465606,39.3118964981289],[-74.5890287622574,39.3118813363797],[-74.5889960996442,39.3118758474532],[-74.5889634540337,39.3118846968084],[-74.588929958478,39.3119027495499],[-74.588789360075,39.3120278218012],[-74.5886642803955,39.3121079988578],[-74.588539151129,39.3121481372066],[-74.5883758451326,39.3121385964293],[-74.5881856580224,39.3121140834924],[-74.5877659245633,39.3121029603137]]}},{"type":"Feature","id":239096,"properties":{"OBJECTID":239096,"PRIMENAME":"Village Drive North","ELEVTYP_F":0,"ELEVTYP_T":0},"geometry":{"type":"LineString","coordinates":[[-74.6061557749419,39.3138870240973],[-74.6062710605094,39.3139959231225],[-74.6063863908238,39.3141103953423],[-74.6066385728355,39.3143588971646],[-74.6068584202296,39.3145878785956],[-74.606980907151,39.3146883963035],[-74.6071105989143,39.3148084009192],[-74.6072547212615,39.3149340762449],[-74.6074492193671,39.3150876004841],[-74.6076293259113,39.315213214195],[-74.6078057660171,39.3153220551171],[-74.6079570181495,39.3154169159409],[-74.6081298757764,39.3155173848004],[-74.6087024932164,39.3158606129173],[-74.6088429544373,39.3159471077673],[-74.6090661837766,39.3160698791709],[-74.6092606423363,39.3161702990743],[-74.6094731144948,39.3162847039992],[-74.6096387666608,39.3163851503525],[-74.6097540061289,39.3164577205095],[-74.6098837057664,39.3165553997643],[-74.6099809707923,39.3166391612833],[-74.6100638457832,39.3167201356888],[-74.6101395448333,39.3168011168235],[-74.610218823436,39.3168876408433],[-74.6103222834441,39.3170210113537],[-74.6103443803698,39.3170469645407],[-74.610370228363,39.3170747815589],[-74.6103939052418,39.3170936221964],[-74.6104386512685,39.317113842711],[-74.6105286591575,39.3171445093445],[-74.6106042275618,39.3171639861792],[-74.6106906025088,39.3171778802418],[-74.6107913481561,39.3171805850406],[-74.6109135506385,39.3171804686736]]}},{"type":"Feature","id":239749,"properties":{"OBJECTID":239749,"PRIMENAME":"East Harbor Lane","ELEVTYP_F":0,"ELEVTYP_T":0},"geometry":{"type":"LineString","coordinates":[[-74.5933694696252,39.3171772459371],[-74.5933600614812,39.3171461726236],[-74.593345858256,39.3171248770094],[-74.5933222883199,39.3171027934821],[-74.5930396361814,39.3169063733642],[-74.5924273452967,39.3164466548318],[-74.5919347769664,39.3160916971741]]}},{"type":"Feature","id":239860,"properties":{"OBJECTID":239860,"PRIMENAME":"Harbour Lane","ELEVTYP_F":0,"ELEVTYP_T":0},"geometry":{"type":"LineString","coordinates":[[-74.5891428364643,39.3140108484858],[-74.5890048839673,39.3138091413814],[-74.588687380208,39.3136101302524],[-74.5881199476685,39.3132697335403],[-74.5880838968435,39.3131723978443],[-74.5882898698665,39.3130063555009],[-74.5906407469238,39.3144340656346]]}},{"type":"Feature","id":240166,"properties":{"OBJECTID":240166,"PRIMENAME":"South Holly Hills Drive","ELEVTYP_F":0,"ELEVTYP_T":0},"geometry":{"type":"LineString","coordinates":[[-74.6124170956247,39.3161264921706],[-74.6123765532567,39.3162148608451],[-74.6123053910025,39.3163201439462]]}},{"type":"Feature","id":240462,"properties":{"OBJECTID":240462,"PRIMENAME":"Campbell Avenue","ELEVTYP_F":0,"ELEVTYP_T":0},"geometry":{"type":"LineString","coordinates":[[-74.5835680393667,39.3268427999708],[-74.583657598348,39.3267287177233],[-74.5838843150405,39.3264399173131],[-74.5841266500402,39.3261409565817]]}},{"type":"Feature","id":240819,"properties":{"OBJECTID":240819,"PRIMENAME":"7th Street","ELEVTYP_F":0,"ELEVTYP_T":0},"geometry":{"type":"LineString","coordinates":[[-74.6041788816666,39.3162952464255],[-74.6043483827303,39.3160174225137],[-74.6043894759719,39.315959808199],[-74.6044100357467,39.3159277747508],[-74.604417642368,39.3159084931625],[-74.6044212153757,39.315886689303]]}},{"type":"Feature","id":241069,"properties":{"OBJECTID":241069,"PRIMENAME":"Colwick Drive","ELEVTYP_F":0,"ELEVTYP_T":0},"geometry":{"type":"LineString","coordinates":[[-74.6117754484101,39.3217057241999],[-74.6111360005793,39.3212781185485],[-74.6109771471603,39.3211710784707]]}},{"type":"Feature","id":241328,"properties":{"OBJECTID":241328,"PRIMENAME":"Myrtle Avenue","ELEVTYP_F":0,"ELEVTYP_T":0},"geometry":{"type":"LineString","coordinates":[[-74.5804367751038,39.3333250469687],[-74.5789121012175,39.3327623190371]]}},{"type":"Feature","id":241372,"properties":{"OBJECTID":241372,"PRIMENAME":"Centre Street","ELEVTYP_F":0,"ELEVTYP_T":0},"geometry":{"type":"LineString","coordinates":[[-74.5956595003416,39.3151834963004],[-74.5957223052365,39.3150754286767],[-74.5958566344286,39.3148511878022],[-74.5959717293604,39.3146239683089],[-74.596117553774,39.3143549074207],[-74.5962313001348,39.3141509730726]]}},{"type":"Feature","id":241603,"properties":{"OBJECTID":241603,"PRIMENAME":"Village Drive South","ELEVTYP_F":0,"ELEVTYP_T":0},"geometry":{"type":"LineString","coordinates":[[-74.6084256625205,39.3148337621034],[-74.6085083873038,39.3148200385574],[-74.6085958218891,39.3148126261831],[-74.6086541083383,39.3148125717961],[-74.6087029964462,39.3148151889695],[-74.60878363017,39.3148208527498],[-74.6088987795225,39.3148375209943],[-74.6090391293504,39.3148541655233],[-74.6091362749033,39.314862449381],[-74.6092377739886,39.3148753133271],[-74.6092963799856,39.3148763843391]]}},{"type":"Feature","id":242156,"properties":{"OBJECTID":242156,"PRIMENAME":"West New York Avenue","ELEVTYP_F":0,"ELEVTYP_T":0},"geometry":{"type":"LineString","coordinates":[[-74.5996780981455,39.3167143905469],[-74.598787253753,39.3163725695281],[-74.5985320539999,39.3162762480377]]}},{"type":"Feature","id":242482,"properties":{"OBJECTID":242482,"PRIMENAME":"1st Street","ELEVTYP_F":0,"ELEVTYP_T":0},"geometry":{"type":"LineString","coordinates":[[-74.5907267674583,39.3245960627371],[-74.590544523216,39.3244916659565]]}},{"type":"Feature","id":243194,"properties":{"OBJECTID":243194,"PRIMENAME":"4th Street","ELEVTYP_F":0,"ELEVTYP_T":0},"geometry":{"type":"LineString","coordinates":[[-74.597759893765,39.3197532199699],[-74.5979393401604,39.3194599941398]]}},{"type":"Feature","id":243379,"properties":{"OBJECTID":243379,"PRIMENAME":"Village Drive South","ELEVTYP_F":0,"ELEVTYP_T":0},"geometry":{"type":"LineString","coordinates":[[-74.6123793208958,39.3149844575523],[-74.6123601421376,39.3149711872219],[-74.6122844949363,39.3149237322382],[-74.6122196874539,39.3148902699468],[-74.6121477308389,39.3148735624848],[-74.6120577742149,39.3148736491105],[-74.6119570508446,39.3148821479363],[-74.6118239640424,39.3149214019113],[-74.6117017190735,39.3149550440552],[-74.611615371724,39.314980277669],[-74.6115147018355,39.3149999506877],[-74.6114031797894,39.3150196069805],[-74.6113096657098,39.3150280983468],[-74.6112160819838,39.3150365617792],[-74.6111046040432,39.3150394688652],[-74.6109966430247,39.3150311708396],[-74.6108922786002,39.3150172941354],[-74.6107663395379,39.3149950638787],[-74.6106187419333,39.3149560781648],[-74.6104783596257,39.3149198860543],[-74.6103968426436,39.3148976636772],[-74.6103610298999,39.3148879003545],[-74.6102758612234,39.3148531104615],[-74.6102547795822,39.3148433286466]]}},{"type":"Feature","id":243652,"properties":{"OBJECTID":243652,"PRIMENAME":"6th Street","ELEVTYP_F":0,"ELEVTYP_T":0},"geometry":{"type":"LineString","coordinates":[[-74.6000519814729,39.3206209973966],[-74.5999693227467,39.3207506399192],[-74.5998369711737,39.3209582158252],[-74.5997835490225,39.3210510384207]]}},{"type":"Feature","id":243854,"properties":{"OBJECTID":243854,"PRIMENAME":"Rhode Island Avenue","ELEVTYP_F":0,"ELEVTYP_T":0},"geometry":{"type":"LineString","coordinates":[[-74.5982196513168,39.3190019138379],[-74.5992374884241,39.3193877816243],[-74.5993641760797,39.3194361068156]]}},{"type":"Feature","id":243918,"properties":{"OBJECTID":243918,"PRIMENAME":"Chapman Boulevard","ELEVTYP_F":0,"ELEVTYP_T":0},"geometry":{"type":"LineString","coordinates":[[-74.604322232328,39.3310009195481],[-74.6040327780288,39.3308416570704],[-74.6035275261301,39.3305518337501]]}},{"type":"Feature","id":245075,"properties":{"OBJECTID":245075,"PRIMENAME":"4th Street","ELEVTYP_F":0,"ELEVTYP_T":0},"geometry":{"type":"LineString","coordinates":[[-74.6003283017574,39.3156932855539],[-74.6004623543618,39.3154829590473],[-74.6009289031016,39.3147261444489],[-74.6010466365921,39.314551031689]]}},{"type":"Feature","id":245170,"properties":{"OBJECTID":245170,"PRIMENAME":"East Meyran Avenue","ELEVTYP_F":0,"ELEVTYP_T":0},"geometry":{"type":"LineString","coordinates":[[-74.5856873915458,39.3239272589835],[-74.5862269904628,39.3241877563981],[-74.5869853995439,39.3245487720902],[-74.5873495449432,39.3247413287675]]}},{"type":"Feature","id":245548,"properties":{"OBJECTID":245548,"PRIMENAME":"West Ocean Avenue","ELEVTYP_F":0,"ELEVTYP_T":0},"geometry":{"type":"LineString","coordinates":[[-74.5882404226569,39.3281371841568],[-74.5888605386068,39.3284347288542],[-74.5890803230073,39.3285408191292]]}},{"type":"Feature","id":245620,"properties":{"OBJECTID":245620,"PRIMENAME":"7th Street","ELEVTYP_F":0,"ELEVTYP_T":0},"geometry":{"type":"LineString","coordinates":[[-74.603114635472,39.3180174409136],[-74.6033005880164,39.3177204941221],[-74.6037547121104,39.3169855351225]]}},{"type":"Feature","id":245928,"properties":{"OBJECTID":245928,"PRIMENAME":"Bala Drive","ELEVTYP_F":0,"ELEVTYP_T":0},"geometry":{"type":"LineString","coordinates":[[-74.6153888662603,39.3235973289173],[-74.6153740160102,39.323466621865],[-74.6153394827309,39.3233400249134],[-74.6152834977844,39.3232167984257],[-74.6152275501251,39.3231168831644],[-74.6151544368096,39.3230036690078],[-74.615055582599,39.3228871292156],[-74.6149395999962,39.3227806016955],[-74.6147591723198,39.3226508263136],[-74.6144799905333,39.3224645036501],[-74.6135823696691,39.3218688820121],[-74.6130712590493,39.3215261680581],[-74.6125302224099,39.3211668418089],[-74.6124901521382,39.321154882577],[-74.6124631384136,39.3211508721245],[-74.6124369833488,39.3211529287289],[-74.6123802948278,39.3211604800556]]}},{"type":"Feature","id":246106,"properties":{"OBJECTID":246106,"PRIMENAME":"Village Drive","ELEVTYP_F":0,"ELEVTYP_T":0},"geometry":{"type":"LineString","coordinates":[[-74.6123053910025,39.3163201439462],[-74.6123537628122,39.3163530455224],[-74.6124019787758,39.3163769417699],[-74.6126107536572,39.3164521914587],[-74.6128627763538,39.3165385743756],[-74.6130499587334,39.3165942676708],[-74.6133019150371,39.3166611272124],[-74.6135502720058,39.3167307633313],[-74.6136665435007,39.3167617307171]]}},{"type":"Feature","id":246202,"properties":{"OBJECTID":246202,"PRIMENAME":"Wabash Avenue","ELEVTYP_F":0,"ELEVTYP_T":0},"geometry":{"type":"LineString","coordinates":[[-74.5822660592372,39.33530209009],[-74.582182250424,39.3353809227205],[-74.5820069161762,39.3355924096247],[-74.5817176161048,39.3359778594125],[-74.5813669217609,39.3364144491194],[-74.5811094449846,39.3367471036567]]}},{"type":"Feature","id":246500,"properties":{"OBJECTID":246500,"PRIMENAME":"Holly Hills Drive","ELEVTYP_F":0,"ELEVTYP_T":0},"geometry":{"type":"LineString","coordinates":[[-74.605100241333,39.3142178500463],[-74.605198817618,39.3143337114079]]}},{"type":"Feature","id":246780,"properties":{"OBJECTID":246780,"PRIMENAME":"Candlewood Court","ELEVTYP_F":0,"ELEVTYP_T":0},"geometry":{"type":"LineString","coordinates":[[-74.5806376384753,39.3303137915264],[-74.58062930773,39.3303266861462],[-74.5804198740221,39.3305158029201],[-74.580379407204,39.3305393205003],[-74.5803389555201,39.3305537875766],[-74.5802951738232,39.3305632871444],[-74.5802413736181,39.3305674373619],[-74.5800254385099,39.330561653257],[-74.5799497064103,39.3305696865116],[-74.5798778240665,39.3305848704402],[-74.5796958709818,39.3306353092324]]}},{"type":"Feature","id":247625,"properties":{"OBJECTID":247625,"PRIMENAME":"West Groveland Avenue","ELEVTYP_F":0,"ELEVTYP_T":0},"geometry":{"type":"LineString","coordinates":[[-74.6053327042027,39.32809510281],[-74.6058483402618,39.3283608022876],[-74.6074179427341,39.3291652508667]]}},{"type":"Feature","id":248208,"properties":{"OBJECTID":248208,"PRIMENAME":"4th Street","ELEVTYP_F":0,"ELEVTYP_T":0},"geometry":{"type":"LineString","coordinates":[[-74.5982196513168,39.3190019138379],[-74.5983307086133,39.3188204119863],[-74.5984845525138,39.3185814188953],[-74.5988621052657,39.3179948811901]]}},{"type":"Feature","id":248563,"properties":{"OBJECTID":248563,"PRIMENAME":"Atlantic Avenue","ELEVTYP_F":0,"ELEVTYP_T":0},"geometry":{"type":"LineString","coordinates":[[-74.5921280979767,39.321352895621],[-74.5921756868992,39.3212780929643],[-74.5926148760731,39.320559059307]]}},{"type":"Feature","id":249847,"properties":{"OBJECTID":249847,"PRIMENAME":"7th Street","ELEVTYP_F":0,"ELEVTYP_T":0},"geometry":{"type":"LineString","coordinates":[[-74.5994940232859,39.3231373520577],[-74.6000853102568,39.3225520413411]]}},{"type":"Feature","id":250187,"properties":{"OBJECTID":250187,"PRIMENAME":"Unnamed Segment","ELEVTYP_F":0,"ELEVTYP_T":0},"geometry":{"type":"LineString","coordinates":[[-74.5944535295379,39.3318326979436],[-74.5943311850023,39.3318350176634],[-74.5942760300252,39.3318323869314],[-74.5942277564847,39.3318190408268],[-74.5941691266336,39.3317949969084],[-74.5940621970897,39.3317388689789],[-74.5936123625037,39.3314834806481]]}},{"type":"Feature","id":250741,"properties":{"OBJECTID":250741,"PRIMENAME":"West Connecticut Avenue","ELEVTYP_F":0,"ELEVTYP_T":0},"geometry":{"type":"LineString","coordinates":[[-74.5960076626869,39.3169150830585],[-74.5965835191066,39.3171302539855]]}},{"type":"Feature","id":251313,"properties":{"OBJECTID":251313,"PRIMENAME":"Woodland Avenue","ELEVTYP_F":0,"ELEVTYP_T":0},"geometry":{"type":"LineString","coordinates":[[-74.6013162377513,39.3110573948035],[-74.6013484845568,39.3109679669487],[-74.6013735087612,39.3108700885026],[-74.6013734039312,39.3107974376969],[-74.6013661195476,39.3107219925015],[-74.6012938609614,39.3105152214825],[-74.6011275909129,39.3099675998346],[-74.6009271426681,39.3093786041674],[-74.6009107957081,39.3093305669414],[-74.6008168158152,39.3090092367402],[-74.6008146498363,39.3089777730654],[-74.6008209670525,39.3089462200697],[-74.6008344386795,39.3089259445154],[-74.6008570995384,39.30890549705],[-74.600894979735,39.3088754814212]]}},{"type":"Feature","id":252419,"properties":{"OBJECTID":252419,"PRIMENAME":"County Route 585","ELEVTYP_F":0,"ELEVTYP_T":0},"geometry":{"type":"LineString","coordinates":[[-74.5991965527528,39.3087279385908],[-74.598981931632,39.3087580500235],[-74.5988567063064,39.3087981283972],[-74.5987449160525,39.3088468872283],[-74.5987115855236,39.3088665100743]]}},{"type":"Feature","id":252607,"properties":{"OBJECTID":252607,"PRIMENAME":"Bay Avenue","ELEVTYP_F":0,"ELEVTYP_T":0},"geometry":{"type":"LineString","coordinates":[[-74.5828561846092,39.324537149837],[-74.5832622043221,39.3240391489862],[-74.5834428964716,39.3238127744749]]}},{"type":"Feature","id":253756,"properties":{"OBJECTID":253756,"PRIMENAME":"Seagarden Drive","ELEVTYP_F":0,"ELEVTYP_T":0},"geometry":{"type":"LineString","coordinates":[[-74.5829821421591,39.3301609438745],[-74.5828081346913,39.330076006615],[-74.5825226758658,39.3299466677579],[-74.5823953140392,39.3299024424272],[-74.5823031310295,39.329888861209],[-74.5821977719606,39.3298855314806],[-74.5820968212506,39.329902653336],[-74.5819212547566,39.3299334461508],[-74.5817501143874,39.3299404036515],[-74.5816359756495,39.3299268373229],[-74.5815349732763,39.3298996431722],[-74.5813944611904,39.3298554268572],[-74.5811573028717,39.3297601241595],[-74.5808235470116,39.3296240055359],[-74.5806918035551,39.3295797543563],[-74.5806168338327,39.3295628376646],[-74.5805654580417,39.3295563936782],[-74.5805168840502,39.3295585964488],[-74.580444772072,39.3295667185046],[-74.5802545976504,39.3295921923873],[-74.580095775605,39.3296119611525]]}},{"type":"Feature","id":254130,"properties":{"OBJECTID":254130,"PRIMENAME":"3rd Street","ELEVTYP_F":0,"ELEVTYP_T":0},"geometry":{"type":"LineString","coordinates":[[-74.6005383440552,39.3131083347359],[-74.6001828785921,39.3136656827982],[-74.6000097303244,39.3139371666507],[-74.5998999106977,39.3141112554691]]}},{"type":"Feature","id":254152,"properties":{"OBJECTID":254152,"PRIMENAME":"Greenwich Drive","ELEVTYP_F":0,"ELEVTYP_T":0},"geometry":{"type":"LineString","coordinates":[[-74.5804125963377,39.334594366774],[-74.5801092131471,39.3344789826818],[-74.5796521009421,39.3342997282205]]}},{"type":"Feature","id":255106,"properties":{"OBJECTID":255106,"PRIMENAME":"East Maryland Avenue","ELEVTYP_F":0,"ELEVTYP_T":0},"geometry":{"type":"LineString","coordinates":[[-74.5912993923322,39.3198265597709],[-74.5911856498412,39.319752322617],[-74.5905165847407,39.3193818744386]]}},{"type":"Feature","id":256022,"properties":{"OBJECTID":256022,"PRIMENAME":"Chapman Boulevard","ELEVTYP_F":0,"ELEVTYP_T":0},"geometry":{"type":"LineString","coordinates":[[-74.5993573592503,39.328609517538],[-74.5988461155327,39.3283836258961],[-74.5982042420693,39.3280964788019]]}},{"type":"Feature","id":257002,"properties":{"OBJECTID":257002,"PRIMENAME":"Devon Road","ELEVTYP_F":0,"ELEVTYP_T":0},"geometry":{"type":"LineString","coordinates":[[-74.6125122864158,39.3221953127967],[-74.6123303960328,39.3223632779075],[-74.6122447560082,39.3224600080802],[-74.6121762927087,39.3225767116271],[-74.6121164503972,39.3227133670911],[-74.6120866302096,39.3228333825859],[-74.6120525220636,39.3229700411545],[-74.6120499851254,39.3230635067686]]}},{"type":"Feature","id":257988,"properties":{"OBJECTID":257988,"PRIMENAME":"Bethel Road","ELEVTYP_F":0,"ELEVTYP_T":0},"geometry":{"type":"LineString","coordinates":[[-74.5941762925566,39.3237269101258],[-74.5941924154329,39.32412414392],[-74.594207514533,39.324469621287]]}},{"type":"Feature","id":258814,"properties":{"OBJECTID":258814,"PRIMENAME":"Bay Avenue","ELEVTYP_F":0,"ELEVTYP_T":0},"geometry":{"type":"LineString","coordinates":[[-74.585259850017,39.3215616941126],[-74.585454721437,39.3213201227547],[-74.5859102546899,39.3207567561054]]}},{"type":"Feature","id":259635,"properties":{"OBJECTID":259635,"PRIMENAME":"Jesses Alley","ELEVTYP_F":0,"ELEVTYP_T":0},"geometry":{"type":"LineString","coordinates":[[-74.6000519814729,39.3206209973966],[-74.6011993634247,39.3210496243182]]}},{"type":"Feature","id":259665,"properties":{"OBJECTID":259665,"PRIMENAME":"2nd Street","ELEVTYP_F":0,"ELEVTYP_T":0},"geometry":{"type":"LineString","coordinates":[[-74.5962257361508,39.3177004731926],[-74.5965835191066,39.3171302539855]]}},{"type":"Feature","id":259897,"properties":{"OBJECTID":259897,"PRIMENAME":"6th Street","ELEVTYP_F":0,"ELEVTYP_T":0},"geometry":{"type":"LineString","coordinates":[[-74.6011543717343,39.3188706552026],[-74.6006548305676,39.3196616828618],[-74.6005222650545,39.3198781850507]]}},{"type":"Feature","id":260900,"properties":{"OBJECTID":260900,"PRIMENAME":"Franklin Boulevard","ELEVTYP_F":0,"ELEVTYP_T":0},"geometry":{"type":"LineString","coordinates":[[-74.5730373484498,39.3366708197934],[-74.5733114751574,39.3363343018147]]}},{"type":"Feature","id":261164,"properties":{"OBJECTID":261164,"PRIMENAME":"West Connecticut Avenue","ELEVTYP_F":0,"ELEVTYP_T":0},"geometry":{"type":"LineString","coordinates":[[-74.5988621052657,39.3179948811901],[-74.6000145471464,39.318436832469]]}},{"type":"Feature","id":261427,"properties":{"OBJECTID":261427,"PRIMENAME":"West New Jersey Avenue","ELEVTYP_F":0,"ELEVTYP_T":0},"geometry":{"type":"LineString","coordinates":[[-74.598190273078,39.3134618159688],[-74.5987588982297,39.3136768715707]]}},{"type":"Feature","id":261551,"properties":{"OBJECTID":261551,"PRIMENAME":"Wabash Avenue","ELEVTYP_F":0,"ELEVTYP_T":0},"geometry":{"type":"LineString","coordinates":[[-74.5836639211046,39.3336416835595],[-74.5836633284612,39.3336787506644],[-74.5836581262915,39.3337042897671],[-74.5836421452309,39.3337333227642],[-74.5835193864724,39.3338800030124],[-74.5834477303229,39.3339734976007]]}},{"type":"Feature","id":262992,"properties":{"OBJECTID":262992,"PRIMENAME":"North Ambler Road","ELEVTYP_F":0,"ELEVTYP_T":0},"geometry":{"type":"LineString","coordinates":[[-74.6061111169918,39.3269083690888],[-74.6063392245748,39.3266841670787],[-74.6068031932227,39.3262225765621]]}},{"type":"Feature","id":263137,"properties":{"OBJECTID":263137,"PRIMENAME":"West Connecticut Avenue","ELEVTYP_F":0,"ELEVTYP_T":0},"geometry":{"type":"LineString","coordinates":[[-74.5965835191066,39.3171302539855],[-74.5967583318171,39.3171955657186],[-74.5977214952097,39.3175612563934]]}},{"type":"Feature","id":263240,"properties":{"OBJECTID":263240,"PRIMENAME":"Schumans Alley","ELEVTYP_F":0,"ELEVTYP_T":0},"geometry":{"type":"LineString","coordinates":[[-74.5871544227991,39.3262933385241],[-74.5875975875241,39.3265415730835],[-74.5878691750918,39.3266916404931]]}},{"type":"Feature","id":263342,"properties":{"OBJECTID":263342,"PRIMENAME":"7th Street","ELEVTYP_F":0,"ELEVTYP_T":0},"geometry":{"type":"LineString","coordinates":[[-74.6009243534788,39.3214981791081],[-74.6010197616552,39.3213507355576],[-74.6011993634247,39.3210496243182]]}},{"type":"Feature","id":263598,"properties":{"OBJECTID":263598,"PRIMENAME":"Exton Road","ELEVTYP_F":0,"ELEVTYP_T":0},"geometry":{"type":"LineString","coordinates":[[-74.6120895734036,39.3247659333022],[-74.6121215525023,39.3247575834792],[-74.6121524998876,39.3247444837439],[-74.6121913073064,39.3247175660326],[-74.6127812094324,39.3241862817971]]}},{"type":"Feature","id":263601,"properties":{"OBJECTID":263601,"PRIMENAME":"Asbury Avenue","ELEVTYP_F":0,"ELEVTYP_T":0},"geometry":{"type":"LineString","coordinates":[[-74.5778340829548,39.3365592017602],[-74.5792693596188,39.3371386162313],[-74.5793163603579,39.3371561428613]]}},{"type":"Feature","id":263616,"properties":{"OBJECTID":263616,"PRIMENAME":"County Route 559","ELEVTYP_F":0,"ELEVTYP_T":0},"geometry":{"type":"LineString","coordinates":[[-74.5991965527528,39.3087279385908],[-74.5995000463804,39.3086961149543],[-74.5998110272335,39.3086742759745],[-74.5999276645286,39.3086784899316],[-74.6000554099349,39.3086848516832]]}},{"type":"Feature","id":263674,"properties":{"OBJECTID":263674,"PRIMENAME":"Unnamed Segment","ELEVTYP_F":0,"ELEVTYP_T":0},"geometry":{"type":"LineString","coordinates":[[-74.5950752265264,39.323872361858],[-74.5952583168032,39.3236613088383],[-74.5952904644561,39.3236470064085],[-74.5953364180024,39.3236469687816],[-74.5957734550855,39.3238366567911]]}},{"type":"Feature","id":264763,"properties":{"OBJECTID":264763,"PRIMENAME":"Wayne Drive","ELEVTYP_F":0,"ELEVTYP_T":0},"geometry":{"type":"LineString","coordinates":[[-74.6030322932023,39.330269220278],[-74.602501946596,39.3306814866282],[-74.6023692017841,39.3307853357805]]}},{"type":"Feature","id":266691,"properties":{"OBJECTID":266691,"PRIMENAME":"Ambler Road","ELEVTYP_F":0,"ELEVTYP_T":0},"geometry":{"type":"LineString","coordinates":[[-74.6117754484101,39.3217057241999],[-74.6121239542332,39.3213905964147],[-74.6123802948278,39.3211604800556]]}},{"type":"Feature","id":266737,"properties":{"OBJECTID":266737,"PRIMENAME":"Massachusetts Avenue","ELEVTYP_F":0,"ELEVTYP_T":0},"geometry":{"type":"LineString","coordinates":[[-74.6059614787394,39.3244775000761],[-74.6066119435199,39.3248988631643],[-74.6067443399631,39.3249953902567]]}},{"type":"Feature","id":267444,"properties":{"OBJECTID":267444,"PRIMENAME":"7th Street","ELEVTYP_F":0,"ELEVTYP_T":0},"geometry":{"type":"LineString","coordinates":[[-74.6011993634247,39.3210496243182],[-74.6013443695907,39.3208065040844],[-74.6016581893094,39.320309618038]]}},{"type":"Feature","id":267608,"properties":{"OBJECTID":267608,"PRIMENAME":"East Maryland Avenue","ELEVTYP_F":0,"ELEVTYP_T":0},"geometry":{"type":"LineString","coordinates":[[-74.5880899244699,39.3180474350892],[-74.5877916966056,39.3178806121556],[-74.5877784321671,39.3178734012168]]}},{"type":"Feature","id":268203,"properties":{"OBJECTID":268203,"PRIMENAME":"Unnamed Segment","ELEVTYP_F":0,"ELEVTYP_T":0},"geometry":{"type":"LineString","coordinates":[[-74.5948143044583,39.3265361140199],[-74.594439153235,39.3265432940055],[-74.5942960171625,39.3266164039584]]}},{"type":"Feature","id":269300,"properties":{"OBJECTID":269300,"PRIMENAME":"Jordan Road","ELEVTYP_F":0,"ELEVTYP_T":0},"geometry":{"type":"LineString","coordinates":[[-74.6024963227678,39.3253275101819],[-74.6030878189558,39.3247446542882],[-74.6031335312574,39.3246991181396]]}},{"type":"Feature","id":270058,"properties":{"OBJECTID":270058,"PRIMENAME":"4th Street","ELEVTYP_F":0,"ELEVTYP_T":0},"geometry":{"type":"LineString","coordinates":[[-74.5990586334881,39.3176895906273],[-74.5991140778933,39.3176034605536],[-74.5991488182869,39.3175487099987]]}},{"type":"Feature","id":270099,"properties":{"OBJECTID":270099,"PRIMENAME":"3rd Street","ELEVTYP_F":0,"ELEVTYP_T":0},"geometry":{"type":"LineString","coordinates":[[-74.5982272103609,39.3167488198146],[-74.5981156773689,39.3169280168433],[-74.5979992006763,39.3171151496078]]}},{"type":"Feature","id":270107,"properties":{"OBJECTID":270107,"PRIMENAME":"Sunny Avenue","ELEVTYP_F":0,"ELEVTYP_T":0},"geometry":{"type":"LineString","coordinates":[[-74.5919347769664,39.3160916971741],[-74.5921456815256,39.3158133916717],[-74.592455336947,39.315396761797]]}},{"type":"Feature","id":270270,"properties":{"OBJECTID":270270,"PRIMENAME":"Arbor Drive","ELEVTYP_F":0,"ELEVTYP_T":0},"geometry":{"type":"LineString","coordinates":[[-74.578998033819,39.3313027089269],[-74.5788854635259,39.3314900690054],[-74.5785781756573,39.331883458722]]}},{"type":"Feature","id":270881,"properties":{"OBJECTID":270881,"PRIMENAME":"Sunny Avenue","ELEVTYP_F":0,"ELEVTYP_T":0},"geometry":{"type":"LineString","coordinates":[[-74.5848934344513,39.3249700774195],[-74.5848899563985,39.3249299927892],[-74.5849360134897,39.3248671931071],[-74.5851237251906,39.3246304046831]]}},{"type":"Feature","id":270975,"properties":{"OBJECTID":270975,"PRIMENAME":"Woodlynne Boulevard","ELEVTYP_F":0,"ELEVTYP_T":0},"geometry":{"type":"LineString","coordinates":[[-74.5760660009601,39.3367819472843],[-74.5754882905233,39.3375176841657],[-74.5754118297275,39.3376150566711]]}},{"type":"Feature","id":270994,"properties":{"OBJECTID":270994,"PRIMENAME":"Schumans Alley","ELEVTYP_F":0,"ELEVTYP_T":0},"geometry":{"type":"LineString","coordinates":[[-74.5848934344513,39.3249700774195],[-74.5852189233104,39.3251515762997],[-74.5856311668219,39.325391220234],[-74.5857300215895,39.3254588563212]]}},{"type":"Feature","id":271365,"properties":{"OBJECTID":271365,"PRIMENAME":"Bay Avenue","ELEVTYP_F":0,"ELEVTYP_T":0},"geometry":{"type":"LineString","coordinates":[[-74.5956744535174,39.3098383287224],[-74.5953183124802,39.3101123125623],[-74.5952592792885,39.3101582683287]]}},{"type":"Feature","id":272139,"properties":{"OBJECTID":272139,"PRIMENAME":"Seagarden Drive","ELEVTYP_F":0,"ELEVTYP_T":0},"geometry":{"type":"LineString","coordinates":[[-74.580095775605,39.3296119611525],[-74.5797259536293,39.3296580277524],[-74.5797150968199,39.3296590154021],[-74.5797041712884,39.3296592847904],[-74.5796932556753,39.3296588339783],[-74.5796824285499,39.3296576662107],[-74.5796717678445,39.3296557898931],[-74.5796613502935,39.329653218531],[-74.5796512508812,39.3296499706327],[-74.5796415423018,39.3296460695761],[-74.5794507321957,39.329561243278]]}},{"type":"Feature","id":272160,"properties":{"OBJECTID":272160,"PRIMENAME":"Bethel Road","ELEVTYP_F":0,"ELEVTYP_T":0},"geometry":{"type":"LineString","coordinates":[[-74.5943805602375,39.3298887284472],[-74.5944143505738,39.3303562370838]]}},{"type":"Feature","id":272294,"properties":{"OBJECTID":272294,"PRIMENAME":"Ambler Road","ELEVTYP_F":0,"ELEVTYP_T":0},"geometry":{"type":"LineString","coordinates":[[-74.6081526696614,39.3249256679957],[-74.6082564663348,39.3248366655892],[-74.608621877576,39.3245297688714],[-74.608907320019,39.3242668497557]]}},{"type":"Feature","id":272367,"properties":{"OBJECTID":272367,"PRIMENAME":"South Laurel Drive","ELEVTYP_F":0,"ELEVTYP_T":0},"geometry":{"type":"LineString","coordinates":[[-74.6126337645502,39.3179292696569],[-74.6124081201807,39.3179615847328],[-74.6122174675457,39.3179925207272],[-74.6120879403882,39.3180066207744],[-74.6119080862134,39.3180263433176],[-74.6116742557989,39.3180461443999],[-74.6114655887038,39.3180630932598],[-74.6112425734183,39.3180828560943],[-74.6110410780745,39.3180970786773],[-74.6109367564095,39.3181138990848],[-74.6108489174352,39.3181364707281]]}},{"type":"Feature","id":273364,"properties":{"OBJECTID":273364,"PRIMENAME":"Anchorage Drive","ELEVTYP_F":0,"ELEVTYP_T":0},"geometry":{"type":"LineString","coordinates":[[-74.5790753940197,39.3131193269386],[-74.5792685020471,39.3131430474354],[-74.5793358505115,39.3131560985327]]}},{"type":"Feature","id":273438,"properties":{"OBJECTID":273438,"PRIMENAME":"7th Street","ELEVTYP_F":0,"ELEVTYP_T":0},"geometry":{"type":"LineString","coordinates":[[-74.6022991566185,39.3193020734151],[-74.6023595520324,39.3192186885611],[-74.6026430637614,39.3187705073648],[-74.603114635472,39.3180174409136]]}},{"type":"Feature","id":273780,"properties":{"OBJECTID":273780,"PRIMENAME":"Ocean Heights Avenue","ELEVTYP_F":0,"ELEVTYP_T":0},"geometry":{"type":"LineString","coordinates":[[-74.5945259787732,39.3343314881123],[-74.5946348930665,39.3344549840117],[-74.5946889007563,39.3345162215266],[-74.5947456461431,39.3345938236663],[-74.5948076841225,39.3346650202865],[-74.5949258899439,39.3348006738224],[-74.5951628518648,39.3350644510761],[-74.5956534668424,39.3356152719017],[-74.5958396233627,39.3358209284733]]}},{"type":"Feature","id":274636,"properties":{"OBJECTID":274636,"PRIMENAME":"Dawn Drive","ELEVTYP_F":0,"ELEVTYP_T":0},"geometry":{"type":"LineString","coordinates":[[-74.5757936496323,39.3332183637235],[-74.5758022797046,39.3332215704054],[-74.5776435044736,39.3339029888595],[-74.5778404799004,39.3339739702272],[-74.5778999531675,39.3339774724383],[-74.5779387295704,39.3339699237859]]}},{"type":"Feature","id":275158,"properties":{"OBJECTID":275158,"PRIMENAME":"Exton Road","ELEVTYP_F":0,"ELEVTYP_T":0},"geometry":{"type":"LineString","coordinates":[[-74.6090127917267,39.3275814563193],[-74.6083928932585,39.3281611282457]]}},{"type":"Feature","id":275541,"properties":{"OBJECTID":275541,"PRIMENAME":"Bay Avenue","ELEVTYP_F":0,"ELEVTYP_T":0},"geometry":{"type":"LineString","coordinates":[[-74.5943140021666,39.3108941435123],[-74.5938259802736,39.3112740475882]]}},{"type":"Feature","id":275606,"properties":{"OBJECTID":275606,"PRIMENAME":"Unnamed Segment","ELEVTYP_F":0,"ELEVTYP_T":0},"geometry":{"type":"LineString","coordinates":[[-74.5919509829127,39.3226924382418],[-74.5921839185821,39.3223955371588],[-74.5922145103795,39.322362199877],[-74.5922451459059,39.3223621756043],[-74.5923003000448,39.3223716508006],[-74.5925761908332,39.3225046794178],[-74.5926191234315,39.3225379574164],[-74.5926437237672,39.3226093229489],[-74.5926315522773,39.3226711979266],[-74.5926010232948,39.3227521235356],[-74.5925704902885,39.3228282901316],[-74.5924859644083,39.3229502142011]]}},{"type":"Feature","id":275896,"properties":{"OBJECTID":275896,"PRIMENAME":"Schumans Alley","ELEVTYP_F":0,"ELEVTYP_T":0},"geometry":{"type":"LineString","coordinates":[[-74.5864329752333,39.3258775207637],[-74.5865421767974,39.3259344675105],[-74.5867813293533,39.3260750606919],[-74.5871070172116,39.32626679637],[-74.5871544227991,39.3262933385241]]}},{"type":"Feature","id":276328,"properties":{"OBJECTID":276328,"PRIMENAME":"Stanford Road","ELEVTYP_F":0,"ELEVTYP_T":0},"geometry":{"type":"LineString","coordinates":[[-74.6090127917267,39.3275814563193],[-74.6078319606712,39.3268584355602],[-74.6071776016068,39.3264502898719],[-74.6068031932227,39.3262225765621]]}},{"type":"Feature","id":276763,"properties":{"OBJECTID":276763,"PRIMENAME":"Unnamed Segment","ELEVTYP_F":0,"ELEVTYP_T":0},"geometry":{"type":"LineString","coordinates":[[-74.5849836831121,39.3276806379279],[-74.5857063882172,39.3280504752311],[-74.5864509122789,39.3284314691236],[-74.5871762303063,39.3288026276116],[-74.5873938961501,39.3289140095305]]}},{"type":"Feature","id":276939,"properties":{"OBJECTID":276939,"PRIMENAME":"Pacific Avenue","ELEVTYP_F":0,"ELEVTYP_T":0},"geometry":{"type":"LineString","coordinates":[[-74.6084512751684,39.3302078191833],[-74.6084581753251,39.3301882083385],[-74.6084588140798,39.3301669557387],[-74.6084430434119,39.3301425610743],[-74.6084177033452,39.3301255619963],[-74.6083928492213,39.3301167814876],[-74.6083395642123,39.3300979581395],[-74.6080655905786,39.3300036102254]]}},{"type":"Feature","id":277415,"properties":{"OBJECTID":277415,"PRIMENAME":"Shore Road","ELEVTYP_F":0,"ELEVTYP_T":0},"geometry":{"type":"LineString","coordinates":[[-74.5954581651485,39.3142194834321],[-74.5951827696485,39.3147049833052],[-74.5950705981225,39.3149007052835]]}},{"type":"Feature","id":277523,"properties":{"OBJECTID":277523,"PRIMENAME":"Ambler Road","ELEVTYP_F":0,"ELEVTYP_T":0},"geometry":{"type":"LineString","coordinates":[[-74.6123802948278,39.3211604800556],[-74.612439914604,39.3211069086432],[-74.6126417351546,39.3209265288226]]}},{"type":"Feature","id":278345,"properties":{"OBJECTID":278345,"PRIMENAME":"Broadway","ELEVTYP_F":0,"ELEVTYP_T":0},"geometry":{"type":"LineString","coordinates":[[-74.607773854271,39.3073313139489],[-74.608218999258,39.3072146396903],[-74.6082440999111,39.307209588892],[-74.6092531815749,39.307006485711],[-74.6095747514364,39.3069149576906],[-74.609685038928,39.3068744575691],[-74.6102825874953,39.306655014182]]}},{"type":"Feature","id":278826,"properties":{"OBJECTID":278826,"PRIMENAME":"Bethel Road","ELEVTYP_F":0,"ELEVTYP_T":0},"geometry":{"type":"LineString","coordinates":[[-74.594207514533,39.324469621287],[-74.5942123278824,39.3245794997045],[-74.5942359823455,39.324977935331],[-74.5942460262875,39.3252077106673],[-74.5942607262597,39.3255440612301],[-74.5942608925827,39.3255478652364]]}},{"type":"Feature","id":278915,"properties":{"OBJECTID":278915,"PRIMENAME":"Swarthmore Road","ELEVTYP_F":0,"ELEVTYP_T":0},"geometry":{"type":"LineString","coordinates":[[-74.6019843520779,39.3240069814294],[-74.6031335312574,39.3246991181396]]}},{"type":"Feature","id":278946,"properties":{"OBJECTID":278946,"PRIMENAME":"Colwick Drive","ELEVTYP_F":0,"ELEVTYP_T":0},"geometry":{"type":"LineString","coordinates":[[-74.6109771471603,39.3211710784707],[-74.6105433373419,39.3208788009826],[-74.6102650958671,39.3206940049442],[-74.6098350065643,39.320408360276],[-74.609704439063,39.3203216429766]]}},{"type":"Feature","id":278947,"properties":{"OBJECTID":278947,"PRIMENAME":"Cleveland Avenue","ELEVTYP_F":0,"ELEVTYP_T":0},"geometry":{"type":"LineString","coordinates":[[-74.5848839826015,39.3265095921963],[-74.5854175005358,39.3258553157891],[-74.5857300215895,39.3254588563212]]}},{"type":"Feature","id":280082,"properties":{"OBJECTID":280082,"PRIMENAME":"Crestview Drive","ELEVTYP_F":0,"ELEVTYP_T":0},"geometry":{"type":"LineString","coordinates":[[-74.5993573592503,39.328609517538],[-74.5984441525883,39.3293182686058],[-74.59743540512,39.3301059217861],[-74.5969458072655,39.3305048669457],[-74.5968899479874,39.3305560103305],[-74.5968439908542,39.3306096992577],[-74.5968177726126,39.3306403253239]]}},{"type":"Feature","id":280676,"properties":{"OBJECTID":280676,"PRIMENAME":"Bay Avenue","ELEVTYP_F":0,"ELEVTYP_T":0},"geometry":{"type":"LineString","coordinates":[[-74.5952592792885,39.3101582683287],[-74.5947866264077,39.3105262208649]]}},{"type":"Feature","id":281145,"properties":{"OBJECTID":281145,"PRIMENAME":"Bucknell Road","ELEVTYP_F":0,"ELEVTYP_T":0},"geometry":{"type":"LineString","coordinates":[[-74.6121200683889,39.3262592944171],[-74.6120041284989,39.3261838889407],[-74.6119177166821,39.3261328751456],[-74.6118683658281,39.3261105454474],[-74.6118272057172,39.3261041874108],[-74.6117696623828,39.3261106402628],[-74.6117203827984,39.3261330647065],[-74.6116546783945,39.3261874099377],[-74.6114743405405,39.326357005289],[-74.6110224283478,39.3267819892937],[-74.6106598977361,39.3271232117224]]}},{"type":"Feature","id":281759,"properties":{"OBJECTID":281759,"PRIMENAME":"7th Street","ELEVTYP_F":0,"ELEVTYP_T":0},"geometry":{"type":"LineString","coordinates":[[-74.6037547121104,39.3169855351225],[-74.6039909026616,39.3166032612248],[-74.6041788816666,39.3162952464255]]}},{"type":"Feature","id":282293,"properties":{"OBJECTID":282293,"PRIMENAME":"Gibbs Avenue","ELEVTYP_F":0,"ELEVTYP_T":0},"geometry":{"type":"LineString","coordinates":[[-74.5925893943299,39.312490914443],[-74.5927415341353,39.3125826640483],[-74.5941659749227,39.3134480891763],[-74.5952478024335,39.3141016460622],[-74.5953632997377,39.3141702757055],[-74.5954581651485,39.3142194834321]]}},{"type":"Feature","id":283578,"properties":{"OBJECTID":283578,"PRIMENAME":"Bliss Avenue","ELEVTYP_F":0,"ELEVTYP_T":0},"geometry":{"type":"LineString","coordinates":[[-74.5871322904335,39.3276026099108],[-74.5878691750918,39.3266916404931]]}},{"type":"Feature","id":283883,"properties":{"OBJECTID":283883,"PRIMENAME":"Unnamed Segment","ELEVTYP_F":0,"ELEVTYP_T":0},"geometry":{"type":"LineString","coordinates":[[-74.598190273078,39.3134618159688],[-74.5975026296584,39.3145360421138],[-74.597461715898,39.3145994470145]]}},{"type":"Feature","id":283884,"properties":{"OBJECTID":283884,"PRIMENAME":"Par Drive","ELEVTYP_F":0,"ELEVTYP_T":0},"geometry":{"type":"LineString","coordinates":[[-74.6033270993452,39.3125538985137],[-74.6032361964123,39.3127018626498],[-74.6031609467143,39.3128947590929],[-74.603021195338,39.3132833717686],[-74.6029387022561,39.313453924297],[-74.602802325679,39.3137111793138],[-74.6027440920147,39.3138426400494],[-74.6027115058245,39.3139050503538]]}},{"type":"Feature","id":284760,"properties":{"OBJECTID":284760,"PRIMENAME":"Highland Court","ELEVTYP_F":0,"ELEVTYP_T":0},"geometry":{"type":"LineString","coordinates":[[-74.5819024429074,39.3315069023442],[-74.5804958731864,39.3309673951508]]}},{"type":"Feature","id":285317,"properties":{"OBJECTID":285317,"PRIMENAME":"West New York Avenue","ELEVTYP_F":0,"ELEVTYP_T":0},"geometry":{"type":"LineString","coordinates":[[-74.596236908742,39.3154066841021],[-74.5961669921682,39.3153801092437],[-74.5956595003416,39.3151834963004]]}},{"type":"Feature","id":286019,"properties":{"OBJECTID":286019,"PRIMENAME":"West Meyran Avenue","ELEVTYP_F":0,"ELEVTYP_T":0},"geometry":{"type":"LineString","coordinates":[[-74.5918534339636,39.3272732861838],[-74.5927815995495,39.3277949720488],[-74.5939689472385,39.3284723148354],[-74.5943447316002,39.3286670641989]]}},{"type":"Feature","id":286179,"properties":{"OBJECTID":286179,"PRIMENAME":"Yacht Avenue","ELEVTYP_F":0,"ELEVTYP_T":0},"geometry":{"type":"LineString","coordinates":[[-74.5896324486541,39.3144026916947],[-74.5895396580664,39.3143324525657],[-74.5893308819564,39.3141744178529]]}},{"type":"Feature","id":286229,"properties":{"OBJECTID":286229,"PRIMENAME":"West Connecticut Avenue","ELEVTYP_F":0,"ELEVTYP_T":0},"geometry":{"type":"LineString","coordinates":[[-74.6034372611387,39.3197245357632],[-74.6036732365176,39.319812133753],[-74.6045915261929,39.3201663021302]]}},{"type":"Feature","id":286603,"properties":{"OBJECTID":286603,"PRIMENAME":"Montgomery Avenue","ELEVTYP_F":0,"ELEVTYP_T":0},"geometry":{"type":"LineString","coordinates":[[-74.591234670706,39.3279364993489],[-74.590858683038,39.3283395034344]]}},{"type":"Feature","id":287224,"properties":{"OBJECTID":287224,"PRIMENAME":"North Ambler Road","ELEVTYP_F":0,"ELEVTYP_T":0},"geometry":{"type":"LineString","coordinates":[[-74.6050512897845,39.3279500557614],[-74.6055887788009,39.3274218210036]]}},{"type":"Feature","id":287994,"properties":{"OBJECTID":287994,"PRIMENAME":"Fox Terrace","ELEVTYP_F":0,"ELEVTYP_T":0},"geometry":{"type":"LineString","coordinates":[[-74.6002955969523,39.3179893995102],[-74.5999295067094,39.3178460323954],[-74.5993585753815,39.3176265634449],[-74.5991488182869,39.3175487099987]]}},{"type":"Feature","id":288104,"properties":{"OBJECTID":288104,"PRIMENAME":"East Cedar Avenue","ELEVTYP_F":0,"ELEVTYP_T":0},"geometry":{"type":"LineString","coordinates":[[-74.5864355582669,39.3201071205671],[-74.5881357730412,39.3208944080102]]}},{"type":"Feature","id":288486,"properties":{"OBJECTID":288486,"PRIMENAME":"Bayview Drive","ELEVTYP_F":0,"ELEVTYP_T":0},"geometry":{"type":"LineString","coordinates":[[-74.6080575297363,39.3110994237338],[-74.6077267873968,39.3112220612058],[-74.6070856723472,39.3110231181346]]}},{"type":"Feature","id":289541,"properties":{"OBJECTID":289541,"PRIMENAME":"Woodlawn Avenue","ELEVTYP_F":0,"ELEVTYP_T":0},"geometry":{"type":"LineString","coordinates":[[-74.6239866976749,39.3136075693445],[-74.6241818661431,39.3136290682929]]}},{"type":"Feature","id":290630,"properties":{"OBJECTID":290630,"PRIMENAME":"5th Street","ELEVTYP_F":0,"ELEVTYP_T":0},"geometry":{"type":"LineString","coordinates":[[-74.6008224184971,39.3171495036922],[-74.6010892741816,39.3167191803073],[-74.6014077535822,39.3162056029262],[-74.6014598775159,39.3161228571725]]}},{"type":"Feature","id":290740,"properties":{"OBJECTID":290740,"PRIMENAME":"John F Kennedy Park Drive","ELEVTYP_F":0,"ELEVTYP_T":0},"geometry":{"type":"LineString","coordinates":[[-74.607773854271,39.3073313139489],[-74.6077109438517,39.307254860328],[-74.6075882839618,39.3068079123724],[-74.60757334768,39.3067674578418],[-74.6075507781724,39.3067291984472],[-74.6075210846446,39.3066940003004],[-74.607484939674,39.306662653693],[-74.607443157172,39.306635868613],[-74.6073966795899,39.3066142495345],[-74.60734655819,39.306598283726],[-74.6072939228849,39.3065883322699],[-74.6072399625117,39.3065846201733],[-74.6071858958376,39.3065872309888],[-74.6054469549969,39.3067899373773],[-74.6053178749473,39.3068078796001],[-74.6051902978471,39.3068314270109],[-74.6050646212766,39.3068605080914],[-74.6049412485837,39.3068950296997],[-74.6048205703423,39.3069348842941],[-74.6047029631813,39.3069799418265],[-74.6046337622923,39.3070123451977],[-74.6045696684377,39.3070505695282],[-74.6045114879213,39.3070941312643],[-74.6044599608625,39.3071424811527],[-74.6044157252642,39.3071950132803],[-74.6043793483199,39.3072510650461],[-74.6043512835281,39.3073099289088],[-74.6043318823052,39.3073708649882],[-74.6043181014642,39.3074436255643],[-74.6043118840022,39.3075170117352],[-74.6043132744625,39.307590550533],[-74.6043222652016,39.3076637636301],[-74.6044006412849,39.3079920080283]]}},{"type":"Feature","id":291307,"properties":{"OBJECTID":291307,"PRIMENAME":"Unnamed Segment","ELEVTYP_F":0,"ELEVTYP_T":0},"geometry":{"type":"LineString","coordinates":[[-74.5971606630964,39.3266580394022],[-74.5969767583664,39.3268183576014],[-74.5969106070912,39.3269156556311],[-74.5968150257239,39.3270358596943],[-74.5966310877267,39.3271732966754]]}},{"type":"Feature","id":291308,"properties":{"OBJECTID":291308,"PRIMENAME":"Unnamed Segment","ELEVTYP_F":0,"ELEVTYP_T":0},"geometry":{"type":"LineString","coordinates":[[-74.5982042420693,39.3280964788019],[-74.5970617889145,39.3289943895981],[-74.5970112819413,39.329026552938],[-74.5969653396651,39.3290372991974],[-74.5969056022547,39.3290409188718],[-74.5968412386643,39.3290231273066],[-74.5967722833903,39.3290089067478],[-74.5967217308633,39.3290089487645],[-74.5966665938517,39.3290161335197],[-74.5966252617381,39.3290375819939],[-74.5965793390332,39.3290626041893],[-74.5964599636175,39.3291447943789],[-74.5964186166622,39.3291555366142],[-74.5963588791224,39.3291591560081],[-74.595692536548,39.3291811198661],[-74.5956281925798,39.3291776037188],[-74.5955776193353,39.3291633691513],[-74.5955132462533,39.3291384361053],[-74.5954764424083,39.329109913189],[-74.5954165134607,39.3290742612581]]}},{"type":"Feature","id":291921,"properties":{"OBJECTID":291921,"PRIMENAME":"Wabash Avenue","ELEVTYP_F":0,"ELEVTYP_T":0},"geometry":{"type":"LineString","coordinates":[[-74.5863927447399,39.3301586543505],[-74.5862455054335,39.3303394299219],[-74.5858231027878,39.3308619927002],[-74.5857326902783,39.330973843143],[-74.5856229402511,39.3311150499545],[-74.5855179299348,39.3312501618729],[-74.5854563981934,39.3313254385433]]}},{"type":"Feature","id":292146,"properties":{"OBJECTID":292146,"PRIMENAME":"East Harbor Lane","ELEVTYP_F":0,"ELEVTYP_T":0},"geometry":{"type":"LineString","coordinates":[[-74.5919347769664,39.3160916971741],[-74.5913876939659,39.3156974352608],[-74.5902360721967,39.314853456086]]}},{"type":"Feature","id":292353,"properties":{"OBJECTID":292353,"PRIMENAME":"FR LAUREL DR TO GSP NB","ELEVTYP_F":0,"ELEVTYP_T":0},"geometry":{"type":"LineString","coordinates":[[-74.6148217875956,39.3219654396669],[-74.6152402204678,39.3222643067325],[-74.615727904089,39.3226251561034]]}},{"type":"Feature","id":292384,"properties":{"OBJECTID":292384,"PRIMENAME":"Unnamed Segment","ELEVTYP_F":0,"ELEVTYP_T":0},"geometry":{"type":"LineString","coordinates":[[-74.6062561913297,39.3307479656172],[-74.6064227820571,39.3307877086738],[-74.606508998642,39.3308082764713],[-74.6065108157329,39.3308087108026]]}},{"type":"Feature","id":292917,"properties":{"OBJECTID":292917,"PRIMENAME":"Unnamed Segment","ELEVTYP_F":0,"ELEVTYP_T":0},"geometry":{"type":"LineString","coordinates":[[-74.5936123625037,39.3314834806481],[-74.5930687479183,39.3311748455081],[-74.5930238987488,39.3311454355523],[-74.5929790519367,39.3311160255771],[-74.5928882284967,39.3310509449181]]}},{"type":"Feature","id":292984,"properties":{"OBJECTID":292984,"PRIMENAME":"West Ocean Avenue","ELEVTYP_F":0,"ELEVTYP_T":0},"geometry":{"type":"LineString","coordinates":[[-74.587884239821,39.3279662601374],[-74.5880958744444,39.3280678192296],[-74.5882404226569,39.3281371841568]]}},{"type":"Feature","id":293342,"properties":{"OBJECTID":293342,"PRIMENAME":"Hollcroft Lane","ELEVTYP_F":0,"ELEVTYP_T":0},"geometry":{"type":"LineString","coordinates":[[-74.5785781756573,39.331883458722],[-74.5784161338039,39.3318108353829],[-74.5783063582247,39.3317802392734],[-74.5782009927077,39.3317735008571],[-74.5780780678996,39.3317769884544],[-74.5779212990419,39.3318039458691],[-74.5778454793033,39.331818054703],[-74.5777852736641,39.3318219117006],[-74.5777181660774,39.3318181397784],[-74.5776435483664,39.3318011389698],[-74.577564488743,39.3317636853904],[-74.5775073919599,39.3317330543124],[-74.5774063547343,39.3316751604749],[-74.5773097022133,39.3316172627361],[-74.5772043156093,39.3315593986352],[-74.5769451397123,39.3314061418111]]}},{"type":"Feature","id":293623,"properties":{"OBJECTID":293623,"PRIMENAME":"Somers Point Apartments Road","ELEVTYP_F":0,"ELEVTYP_T":0},"geometry":{"type":"LineString","coordinates":[[-74.6172068027558,39.3122527580159],[-74.6178429616996,39.3118466140191],[-74.6179121457765,39.3117980845254],[-74.6179752233646,39.3117447679324],[-74.6180316502274,39.3116871260197],[-74.6180809343862,39.3116256619519]]}},{"type":"Feature","id":293692,"properties":{"OBJECTID":293692,"PRIMENAME":"9th Street","ELEVTYP_F":0,"ELEVTYP_T":0},"geometry":{"type":"LineString","coordinates":[[-74.6065376065871,39.3171203338275],[-74.6063360752974,39.3174374810264],[-74.6062191405021,39.3175976339608],[-74.606122399716,39.3177420905649],[-74.6060419835987,39.3178588285219]]}},{"type":"Feature","id":293782,"properties":{"OBJECTID":293782,"PRIMENAME":"Dogwood Drive","ELEVTYP_F":0,"ELEVTYP_T":0},"geometry":{"type":"LineString","coordinates":[[-74.6079038498252,39.3174143746565],[-74.6079742819393,39.3173813331783],[-74.6080954816398,39.3173307281597],[-74.6082185532394,39.3172788295042],[-74.6083194969065,39.3172504824268],[-74.6085012310192,39.3172126698825],[-74.6086587965623,39.3172031048851],[-74.608796151418,39.3171998471615],[-74.608939866626,39.3172179164495]]}},{"type":"Feature","id":294261,"properties":{"OBJECTID":294261,"PRIMENAME":"West Avenue","ELEVTYP_F":0,"ELEVTYP_T":0},"geometry":{"type":"LineString","coordinates":[[-74.5943736515796,39.3343157853256],[-74.5940394366005,39.3344532443086],[-74.5939273399639,39.3344993492712],[-74.5934324687983,39.3346983345815],[-74.5934272458709,39.3347004340658],[-74.5931241569709,39.3348215877273],[-74.5929722388124,39.3348823149957],[-74.5927085163647,39.334990568002]]}},{"type":"Feature","id":294294,"properties":{"OBJECTID":294294,"PRIMENAME":"Harlan Avenue","ELEVTYP_F":0,"ELEVTYP_T":0},"geometry":{"type":"LineString","coordinates":[[-74.6233007368665,39.3135407537798],[-74.6239706521783,39.3136058019151],[-74.6239866976749,39.3136075693445]]}},{"type":"Feature","id":294579,"properties":{"OBJECTID":294579,"PRIMENAME":"Mays Landing Road","ELEVTYP_F":0,"ELEVTYP_T":0},"geometry":{"type":"LineString","coordinates":[[-74.6026931276712,39.3093728295289],[-74.602919426764,39.3094351446061],[-74.6036901865182,39.3096473787293],[-74.6043560873283,39.3098307333025],[-74.604718752236,39.3099307748967],[-74.6060816622305,39.3103067257184],[-74.6061843730793,39.310335057365],[-74.6067871387713,39.3105026831678],[-74.6071991162733,39.3106172496991],[-74.6077099085227,39.3107592937937],[-74.6081625516956,39.3108854911639]]}},{"type":"Feature","id":294639,"properties":{"OBJECTID":294639,"PRIMENAME":"Bucknell Road","ELEVTYP_F":0,"ELEVTYP_T":0},"geometry":{"type":"LineString","coordinates":[[-74.6102851413247,39.327463923016],[-74.6102300580211,39.327514001921],[-74.6101972047713,39.3275523626815],[-74.609913888946,39.3278240414255],[-74.6096716931711,39.3280541937282],[-74.6095936677566,39.3281213175302],[-74.6095485410067,39.3281788544838],[-74.6095321868067,39.3282331520447],[-74.6095281801507,39.3282938355683],[-74.6095529362189,39.328344909162],[-74.6095846146548,39.3283842061934]]}},{"type":"Feature","id":294996,"properties":{"OBJECTID":294996,"PRIMENAME":"East Maryland Avenue","ELEVTYP_F":0,"ELEVTYP_T":0},"geometry":{"type":"LineString","coordinates":[[-74.5905165847407,39.3193818744386],[-74.5898617120982,39.3190193187952],[-74.5897085453102,39.3189350620124]]}},{"type":"Feature","id":295351,"properties":{"OBJECTID":295351,"PRIMENAME":"West Dawes Avenue","ELEVTYP_F":0,"ELEVTYP_T":0},"geometry":{"type":"LineString","coordinates":[[-74.5900753939323,39.325248769431],[-74.5897776227966,39.3250794525913]]}},{"type":"Feature","id":295357,"properties":{"OBJECTID":295357,"PRIMENAME":"Great Bay Drive","ELEVTYP_F":0,"ELEVTYP_T":0},"geometry":{"type":"LineString","coordinates":[[-74.6080575297363,39.3110994237338],[-74.6079712828005,39.3110134712285],[-74.6079375995972,39.3109799019889],[-74.6071947254308,39.3107764200097]]}},{"type":"Feature","id":295445,"properties":{"OBJECTID":295445,"PRIMENAME":"Ocean Heights Bridge","ELEVTYP_F":0,"ELEVTYP_T":0},"geometry":{"type":"LineString","coordinates":[[-74.5958396233627,39.3358209284733],[-74.5960475744471,39.3360506626091]]}},{"type":"Feature","id":296015,"properties":{"OBJECTID":296015,"PRIMENAME":"Ocean Heights Avenue","ELEVTYP_F":0,"ELEVTYP_T":0},"geometry":{"type":"LineString","coordinates":[[-74.5963106314346,39.3363400458655],[-74.5969336331121,39.3370253852649],[-74.5979116102338,39.3381067772474],[-74.5981347332822,39.3383498709641],[-74.5984631573529,39.3387076837988],[-74.5985110687113,39.3387598813904],[-74.5986916768221,39.3389595043345]]}},{"type":"Feature","id":296603,"properties":{"OBJECTID":296603,"PRIMENAME":"Berkley Street","ELEVTYP_F":0,"ELEVTYP_T":0},"geometry":{"type":"LineString","coordinates":[[-74.5806376384753,39.3303137915264],[-74.5803413481602,39.3302038718768],[-74.580279868117,39.3301732172505],[-74.5802315313979,39.3301357722038],[-74.5802007622225,39.3300948829318],[-74.5801787257482,39.330023290591],[-74.5801434087938,39.3298392434366],[-74.580095775605,39.3296119611525]]}},{"type":"Feature","id":296931,"properties":{"OBJECTID":296931,"PRIMENAME":"Shore Road","ELEVTYP_F":0,"ELEVTYP_T":0},"geometry":{"type":"LineString","coordinates":[[-74.5976445783302,39.3103641691712],[-74.5976366455092,39.3103782610018],[-74.5975475581766,39.3105359579668]]}},{"type":"Feature","id":297045,"properties":{"OBJECTID":297045,"PRIMENAME":"Dobbs Avenue","ELEVTYP_F":0,"ELEVTYP_T":0},"geometry":{"type":"LineString","coordinates":[[-74.6005383440552,39.3131083347359],[-74.6011867025603,39.3135374472388]]}},{"type":"Feature","id":297676,"properties":{"OBJECTID":297676,"PRIMENAME":"Somers Point Apartments Road","ELEVTYP_F":0,"ELEVTYP_T":0},"geometry":{"type":"LineString","coordinates":[[-74.6162839287758,39.3131295962234],[-74.616285448856,39.3131259788271],[-74.6163205608401,39.3130424353443],[-74.616423427921,39.3127976806191],[-74.616442549325,39.3127608532243],[-74.6164679005983,39.3127263734276],[-74.6164990166125,39.3126948713613],[-74.6165353289498,39.3126669250134],[-74.6172068027558,39.3122527580159]]}},{"type":"Feature","id":298130,"properties":{"OBJECTID":298130,"PRIMENAME":"Ocean Heights Avenue","ELEVTYP_F":0,"ELEVTYP_T":0},"geometry":{"type":"LineString","coordinates":[[-74.5895104465817,39.3306062345541],[-74.589912084656,39.3308082757666]]}},{"type":"Feature","id":298410,"properties":{"OBJECTID":298410,"PRIMENAME":"Grammercy Avenue","ELEVTYP_F":0,"ELEVTYP_T":0},"geometry":{"type":"LineString","coordinates":[[-74.5892567942165,39.3304786452535],[-74.589020230494,39.3307498255154],[-74.5888214915215,39.3309919549028]]}},{"type":"Feature","id":300386,"properties":{"OBJECTID":300386,"PRIMENAME":"Bala Drive","ELEVTYP_F":0,"ELEVTYP_T":0},"geometry":{"type":"LineString","coordinates":[[-74.6090332595965,39.322571487967],[-74.6091817753458,39.3226228582783],[-74.60937063827,39.3226826743758],[-74.6095638251157,39.3227491305091],[-74.6097269194542,39.3228089702778],[-74.6098643195835,39.3228721562764],[-74.609984528433,39.3229286860184],[-74.6100876028002,39.322991904179],[-74.6102286531375,39.3230829548107]]}},{"type":"Feature","id":300970,"properties":{"OBJECTID":300970,"PRIMENAME":"Center Street","ELEVTYP_F":0,"ELEVTYP_T":0},"geometry":{"type":"LineString","coordinates":[[-74.5977835510614,39.3114642393426],[-74.5980366521495,39.3109989463527]]}},{"type":"Feature","id":301117,"properties":{"OBJECTID":301117,"PRIMENAME":"Village Drive","ELEVTYP_F":0,"ELEVTYP_T":0},"geometry":{"type":"LineString","coordinates":[[-74.6084256625205,39.3148337621034],[-74.6084598831206,39.3148602808886],[-74.60860392132,39.314952401912],[-74.6088128006206,39.3150779599234],[-74.6090252773951,39.3151979399363],[-74.6091693028104,39.3152816583521],[-74.6093241371738,39.3153597651622],[-74.6094969486316,39.3154294529436],[-74.6096557111003,39.315488007001]]}},{"type":"Feature","id":301154,"properties":{"OBJECTID":301154,"PRIMENAME":"Unnamed Segment","ELEVTYP_F":0,"ELEVTYP_T":0},"geometry":{"type":"LineString","coordinates":[[-74.6083928932585,39.3281611282457],[-74.6084621022084,39.328205684716],[-74.6088858135989,39.3284784673834]]}},{"type":"Feature","id":301611,"properties":{"OBJECTID":301611,"PRIMENAME":"West Ocean Avenue","ELEVTYP_F":0,"ELEVTYP_T":0},"geometry":{"type":"LineString","coordinates":[[-74.5898279046015,39.3289016873699],[-74.5905820026196,39.3292657021664]]}},{"type":"Feature","id":301802,"properties":{"OBJECTID":301802,"PRIMENAME":"Mays Landing Road Bridge","ELEVTYP_F":0,"ELEVTYP_T":0},"geometry":{"type":"LineString","coordinates":[[-74.6280697294942,39.3153674546823],[-74.6285443068088,39.3154151342923],[-74.6287400906377,39.315434803459],[-74.6288708480046,39.3154471359873]]}},{"type":"Feature","id":302828,"properties":{"OBJECTID":302828,"PRIMENAME":"Shore Road","ELEVTYP_F":0,"ELEVTYP_T":0},"geometry":{"type":"LineString","coordinates":[[-74.5912993923322,39.3198265597709],[-74.591124381373,39.3200448969871],[-74.5908489217646,39.3203844243319],[-74.5906168031484,39.3206738094079]]}},{"type":"Feature","id":303105,"properties":{"OBJECTID":303105,"PRIMENAME":"Gould Avenue","ELEVTYP_F":0,"ELEVTYP_T":0},"geometry":{"type":"LineString","coordinates":[[-74.5947544952657,39.3244592053044],[-74.5950357508997,39.3244538485819],[-74.5951950375334,39.3244394405101],[-74.5952746705634,39.3244251001445],[-74.5953542659442,39.3243822039197],[-74.5954215355404,39.3242869704833],[-74.5957734550855,39.3238366567911]]}},{"type":"Feature","id":303315,"properties":{"OBJECTID":303315,"PRIMENAME":"Unnamed Segment","ELEVTYP_F":0,"ELEVTYP_T":0},"geometry":{"type":"LineString","coordinates":[[-74.5972141584545,39.3276546469632],[-74.5969608120432,39.3274402464217]]}},{"type":"Feature","id":303879,"properties":{"OBJECTID":303879,"PRIMENAME":"Fairview Drive","ELEVTYP_F":0,"ELEVTYP_T":0},"geometry":{"type":"LineString","coordinates":[[-74.6046991084478,39.3100945476164],[-74.6045505284747,39.3104249441329],[-74.6052188817893,39.310617351958]]}},{"type":"Feature","id":304403,"properties":{"OBJECTID":304403,"PRIMENAME":"East Ocean Avenue","ELEVTYP_F":0,"ELEVTYP_T":0},"geometry":{"type":"LineString","coordinates":[[-74.5841266500402,39.3261409565817],[-74.5827618975258,39.3254622124576],[-74.5826417785299,39.3254069994745]]}},{"type":"Feature","id":304778,"properties":{"OBJECTID":304778,"PRIMENAME":"Village Drive North","ELEVTYP_F":0,"ELEVTYP_T":0},"geometry":{"type":"LineString","coordinates":[[-74.6109135506385,39.3171804686736],[-74.610953274708,39.3171804308188],[-74.6111679007232,39.3171792459701],[-74.6113023276975,39.3171785049656]]}},{"type":"Feature","id":305171,"properties":{"OBJECTID":305171,"PRIMENAME":"Colwick Drive","ELEVTYP_F":0,"ELEVTYP_T":0},"geometry":{"type":"LineString","coordinates":[[-74.61438191626,39.323650216862],[-74.6143745449414,39.3235742502674],[-74.6143466454586,39.3235041258057],[-74.6143153174807,39.3234559692764],[-74.6142798980337,39.3234143791927],[-74.614217211963,39.3233429160016],[-74.6141681455769,39.3233000493054],[-74.6138245346333,39.3230582701282],[-74.6134423058309,39.3228054088049],[-74.6133227665724,39.3227269984792]]}},{"type":"Feature","id":305222,"properties":{"OBJECTID":305222,"PRIMENAME":"West Ocean Avenue","ELEVTYP_F":0,"ELEVTYP_T":0},"geometry":{"type":"LineString","coordinates":[[-74.5856380915461,39.3268666380501],[-74.5863870625396,39.3272355447338]]}},{"type":"Feature","id":305230,"properties":{"OBJECTID":305230,"PRIMENAME":"Bala Drive","ELEVTYP_F":0,"ELEVTYP_T":0},"geometry":{"type":"LineString","coordinates":[[-74.6120895734036,39.3247659333022],[-74.6122142597195,39.3248559541099],[-74.6123946429036,39.3249790610941],[-74.6126652636655,39.3251587525525],[-74.6128685720117,39.3252917212446]]}},{"type":"Feature","id":305511,"properties":{"OBJECTID":305511,"PRIMENAME":"Rhode Island Avenue","ELEVTYP_F":0,"ELEVTYP_T":0},"geometry":{"type":"LineString","coordinates":[[-74.5959480329925,39.3181327373714],[-74.5970875862053,39.3185706637635]]}},{"type":"Feature","id":305549,"properties":{"OBJECTID":305549,"PRIMENAME":"Atkinson Avenue","ELEVTYP_F":0,"ELEVTYP_T":0},"geometry":{"type":"LineString","coordinates":[[-74.6156258056913,39.3104456653225],[-74.6155297309182,39.3102680042752],[-74.6155257010346,39.3102597743064],[-74.6155224015423,39.310251350348],[-74.6155198477432,39.3102427714682],[-74.6155180514809,39.3102340774536],[-74.6155170210857,39.3102253086246],[-74.6155167613359,39.3102165056489],[-74.615517273436,39.3102077093523],[-74.6155185550107,39.3101989605295]]}},{"type":"Feature","id":305717,"properties":{"OBJECTID":305717,"PRIMENAME":"New Hampshire Avenue","ELEVTYP_F":0,"ELEVTYP_T":0},"geometry":{"type":"LineString","coordinates":[[-74.6000853102568,39.3225520413411],[-74.5996694512256,39.3222908968769]]}},{"type":"Feature","id":306060,"properties":{"OBJECTID":306060,"PRIMENAME":"Unnamed Segment","ELEVTYP_F":0,"ELEVTYP_T":0},"geometry":{"type":"LineString","coordinates":[[-74.5941596181832,39.3232356766841],[-74.5940353670216,39.3232173464444],[-74.5939495124273,39.3231603094893],[-74.5936119867164,39.322756073934]]}},{"type":"Feature","id":306132,"properties":{"OBJECTID":306132,"PRIMENAME":"Abby Road","ELEVTYP_F":0,"ELEVTYP_T":0},"geometry":{"type":"LineString","coordinates":[[-74.5877114446239,39.3297007040196],[-74.5877493682002,39.329663169136],[-74.5881744286892,39.3291914284036],[-74.5882475506507,39.3291102780839]]}},{"type":"Feature","id":306164,"properties":{"OBJECTID":306164,"PRIMENAME":"West Ocean Heights Avenue","ELEVTYP_F":0,"ELEVTYP_T":0},"geometry":{"type":"LineString","coordinates":[[-74.5927180498359,39.3323573030644],[-74.592853435889,39.3324991561865],[-74.5929045757449,39.3325588654555]]}},{"type":"Feature","id":306216,"properties":{"OBJECTID":306216,"PRIMENAME":"West Seaview Avenue","ELEVTYP_F":0,"ELEVTYP_T":0},"geometry":{"type":"LineString","coordinates":[[-74.5848546014433,39.3381778460245],[-74.5840772849566,39.3378784159855],[-74.5823380306805,39.3372182797178],[-74.5813470465896,39.336838232552]]}},{"type":"Feature","id":308275,"properties":{"OBJECTID":308275,"PRIMENAME":"Atlantic Avenue","ELEVTYP_F":0,"ELEVTYP_T":0},"geometry":{"type":"LineString","coordinates":[[-74.5905155869134,39.3239283277332],[-74.5906999386003,39.3236244834273],[-74.5910420113739,39.3230942154718]]}},{"type":"Feature","id":308867,"properties":{"OBJECTID":308867,"PRIMENAME":"Bethel Road","ELEVTYP_F":0,"ELEVTYP_T":0},"geometry":{"type":"LineString","coordinates":[[-74.5941148806148,39.3217430889286],[-74.5941201951341,39.3220419805853],[-74.594129945506,39.3223276338606]]}},{"type":"Feature","id":309222,"properties":{"OBJECTID":309222,"PRIMENAME":"West New York Avenue","ELEVTYP_F":0,"ELEVTYP_T":0},"geometry":{"type":"LineString","coordinates":[[-74.5973923634136,39.3158459953566],[-74.5972668155975,39.3157986273041],[-74.5968017966945,39.3156216703024]]}},{"type":"Feature","id":309364,"properties":{"OBJECTID":309364,"PRIMENAME":"Unnamed Segment","ELEVTYP_F":0,"ELEVTYP_T":0},"geometry":{"type":"LineString","coordinates":[[-74.6062561913297,39.3307479656172],[-74.6061974319523,39.3300538132295],[-74.6061982258159,39.3300157954491],[-74.6062069810233,39.3299783856607],[-74.6062234682543,39.3299425839753],[-74.6062472447022,39.3299093465576],[-74.6062776737553,39.3298795603855],[-74.6063139458461,39.3298540234138],[-74.6063550934894,39.3298334175364],[-74.6063823236629,39.329813719774],[-74.6063996476492,39.3297851985784],[-74.6063992556494,39.3297492573546],[-74.6063944498082,39.3293089050585],[-74.6064757658389,39.3291983602579]]}},{"type":"Feature","id":309732,"properties":{"OBJECTID":309732,"PRIMENAME":"West Ocean Avenue","ELEVTYP_F":0,"ELEVTYP_T":0},"geometry":{"type":"LineString","coordinates":[[-74.5863870625396,39.3272355447338],[-74.5871322904335,39.3276026099108]]}},{"type":"Feature","id":309924,"properties":{"OBJECTID":309924,"PRIMENAME":"Unnamed Segment","ELEVTYP_F":0,"ELEVTYP_T":0},"geometry":{"type":"LineString","coordinates":[[-74.5953693319649,39.31791034473],[-74.5959636125264,39.3169876882281],[-74.5960076626869,39.3169150830585]]}},{"type":"Feature","id":311182,"properties":{"OBJECTID":311182,"PRIMENAME":"Bucknell Road","ELEVTYP_F":0,"ELEVTYP_T":0},"geometry":{"type":"LineString","coordinates":[[-74.6106598977361,39.3271232117224],[-74.6102851413247,39.327463923016]]}},{"type":"Feature","id":312058,"properties":{"OBJECTID":312058,"PRIMENAME":"East Royal Avenue","ELEVTYP_F":0,"ELEVTYP_T":0},"geometry":{"type":"LineString","coordinates":[[-74.583950779987,39.3289552489843],[-74.5836977444614,39.3288276200585],[-74.582718322395,39.3283544963099],[-74.582303874207,39.3281511258489],[-74.5822861465841,39.3281439231412],[-74.5822671490631,39.3281390499265],[-74.5822473851634,39.3281366353666],[-74.5822273787167,39.3281367434583],[-74.5819922841452,39.3281529329822]]}},{"type":"Feature","id":312412,"properties":{"OBJECTID":312412,"PRIMENAME":"Braddock Avenue","ELEVTYP_F":0,"ELEVTYP_T":0},"geometry":{"type":"LineString","coordinates":[[-74.5998259794675,39.3104630583627],[-74.5997781839284,39.3104313040952],[-74.5997362122714,39.3103933120648],[-74.5997132072689,39.3103712022971],[-74.5996967233162,39.3103618533213],[-74.5987290518202,39.3099697136087]]}},{"type":"Feature","id":312855,"properties":{"OBJECTID":312855,"PRIMENAME":"Par Drive","ELEVTYP_F":0,"ELEVTYP_T":0},"geometry":{"type":"LineString","coordinates":[[-74.6027115058245,39.3139050503538],[-74.6026678353573,39.3139529195342],[-74.602587584505,39.3140146583828],[-74.6024308062398,39.3141231961968]]}},{"type":"Feature","id":313006,"properties":{"OBJECTID":313006,"PRIMENAME":"West Ocean Heights Avenue","ELEVTYP_F":0,"ELEVTYP_T":0},"geometry":{"type":"LineString","coordinates":[[-74.589912084656,39.3308082757666],[-74.5899099292226,39.3308107546701],[-74.5894200087561,39.3313745146481],[-74.5894012276851,39.3314110367994],[-74.5893878712579,39.3314489711282],[-74.5893801099772,39.3314878334057],[-74.5893780429245,39.3315271275572],[-74.5893816964953,39.3315663519941],[-74.5893910240614,39.331605006017],[-74.5894059065655,39.3316425962071],[-74.5894261540407,39.3316786427245]]}},{"type":"Feature","id":313536,"properties":{"OBJECTID":313536,"PRIMENAME":"Rhode Island Avenue","ELEVTYP_F":0,"ELEVTYP_T":0},"geometry":{"type":"LineString","coordinates":[[-74.6027964229567,39.32073966412],[-74.6032929311185,39.3209263987604]]}},{"type":"Feature","id":314071,"properties":{"OBJECTID":314071,"PRIMENAME":"Unnamed Segment","ELEVTYP_F":0,"ELEVTYP_T":0},"geometry":{"type":"LineString","coordinates":[[-74.6088858135989,39.3284784673834],[-74.609187324635,39.3286725752673]]}},{"type":"Feature","id":314142,"properties":{"OBJECTID":314142,"PRIMENAME":"2nd Street","ELEVTYP_F":0,"ELEVTYP_T":0},"geometry":{"type":"LineString","coordinates":[[-74.5973923634136,39.3158459953566],[-74.5975925515345,39.3155287277401],[-74.5976621626171,39.3154176590576],[-74.5977672372102,39.3152500027956]]}},{"type":"Feature","id":315263,"properties":{"OBJECTID":315263,"PRIMENAME":"Haddon Road","ELEVTYP_F":0,"ELEVTYP_T":0},"geometry":{"type":"LineString","coordinates":[[-74.6090332595965,39.322571487967],[-74.6094577038001,39.3218421913622]]}},{"type":"Feature","id":315645,"properties":{"OBJECTID":315645,"PRIMENAME":"West Groveland Avenue","ELEVTYP_F":0,"ELEVTYP_T":0},"geometry":{"type":"LineString","coordinates":[[-74.6044721953354,39.3276562943835],[-74.6048736104247,39.3278585103694],[-74.6050512897845,39.3279500557614]]}},{"type":"Feature","id":317168,"properties":{"OBJECTID":317168,"PRIMENAME":"Bethel Road","ELEVTYP_F":0,"ELEVTYP_T":0},"geometry":{"type":"LineString","coordinates":[[-74.5943447316002,39.3286670641989],[-74.5943492576876,39.3288786978486],[-74.5943631078231,39.3293981708979]]}},{"type":"Feature","id":317342,"properties":{"OBJECTID":317342,"PRIMENAME":"FR US 9 SB to N LAUREL DR","ELEVTYP_F":0,"ELEVTYP_T":0},"geometry":{"type":"LineString","coordinates":[[-74.605216204268,39.3168940579687],[-74.6053357487289,39.3167380465138],[-74.605400724288,39.3166248920369],[-74.6054389150659,39.3165414986274],[-74.6054924203523,39.3164402443569],[-74.6055306646289,39.3163925988559],[-74.6055804067388,39.3163509018136],[-74.6056493188773,39.3163180829137],[-74.6057297725976,39.3162971703884],[-74.6058178929754,39.3162970903208],[-74.6059405215703,39.3163029367858],[-74.6060861605032,39.3163325671233],[-74.606478688003,39.3164782148396]]}},{"type":"Feature","id":317508,"properties":{"OBJECTID":317508,"PRIMENAME":"East Seaview Avenue","ELEVTYP_F":0,"ELEVTYP_T":0},"geometry":{"type":"LineString","coordinates":[[-74.578587489479,39.33562346037],[-74.5778667263039,39.3353498777194],[-74.576799778211,39.3349448773496],[-74.5761691727111,39.3347175922017],[-74.5754778889751,39.3344684316019],[-74.5749622944008,39.3342749196335]]}},{"type":"Feature","id":318596,"properties":{"OBJECTID":318596,"PRIMENAME":"Wilmont Avenue","ELEVTYP_F":0,"ELEVTYP_T":0},"geometry":{"type":"LineString","coordinates":[[-74.594370926388,39.3296913489564],[-74.5938259946434,39.3294098895809],[-74.5937994974004,39.3293946844732]]}},{"type":"Feature","id":319251,"properties":{"OBJECTID":319251,"PRIMENAME":"Crestmont Drive","ELEVTYP_F":0,"ELEVTYP_T":0},"geometry":{"type":"LineString","coordinates":[[-74.6020947263734,39.3298238173226],[-74.6019975559166,39.3299334279939],[-74.6019285782937,39.3300050139563],[-74.6018168828023,39.3300945112037],[-74.6016164253753,39.3302403173809],[-74.6008081364724,39.3308643456671],[-74.6003875872488,39.3312044880359],[-74.6003415469765,39.3312479370554],[-74.6002825502079,39.3313295070526]]}},{"type":"Feature","id":321059,"properties":{"OBJECTID":321059,"PRIMENAME":"Shore Road","ELEVTYP_F":0,"ELEVTYP_T":0},"geometry":{"type":"LineString","coordinates":[[-74.5946298701273,39.3155086587551],[-74.5945326635721,39.3156371265862],[-74.5941999028896,39.3160808808212],[-74.5941512104013,39.3161448673598]]}},{"type":"Feature","id":322158,"properties":{"OBJECTID":322158,"PRIMENAME":"Franklin Boulevard","ELEVTYP_F":0,"ELEVTYP_T":0},"geometry":{"type":"LineString","coordinates":[[-74.5749622944008,39.3342749196335],[-74.5751347800797,39.3340610570686],[-74.5757428414088,39.3332820410878],[-74.5757936496323,39.3332183637235]]}},{"type":"Feature","id":322166,"properties":{"OBJECTID":322166,"PRIMENAME":"Kirkland Avenue","ELEVTYP_F":0,"ELEVTYP_T":0},"geometry":{"type":"LineString","coordinates":[[-74.5849509451138,39.3319486402913],[-74.585203735215,39.3320674260118]]}},{"type":"Feature","id":322176,"properties":{"OBJECTID":322176,"PRIMENAME":"Bay Avenue","ELEVTYP_F":0,"ELEVTYP_T":0},"geometry":{"type":"LineString","coordinates":[[-74.5920392219669,39.3130391167093],[-74.5917296095998,39.3133467963303]]}},{"type":"Feature","id":322325,"properties":{"OBJECTID":322325,"PRIMENAME":"Unnamed Segment","ELEVTYP_F":0,"ELEVTYP_T":0},"geometry":{"type":"LineString","coordinates":[[-74.5940428697073,39.3184027379201],[-74.5939370629163,39.3183565313186],[-74.5935175608157,39.3181733296292],[-74.5932308449677,39.3185396530116],[-74.592974049453,39.3188693164925]]}},{"type":"Feature","id":322518,"properties":{"OBJECTID":322518,"PRIMENAME":"Mays Landing Road","ELEVTYP_F":0,"ELEVTYP_T":0},"geometry":{"type":"LineString","coordinates":[[-74.6230868557685,39.3148898022621],[-74.6233377908648,39.3149166647548],[-74.6238896362891,39.314966681232],[-74.6239827897724,39.3149755604947]]}},{"type":"Feature","id":322614,"properties":{"OBJECTID":322614,"PRIMENAME":"Ambler Road","ELEVTYP_F":0,"ELEVTYP_T":0},"geometry":{"type":"LineString","coordinates":[[-74.6102286531375,39.3230829548107],[-74.6103340011388,39.3230177278741],[-74.610916980597,39.3224902753447],[-74.6114876198815,39.3219660178549],[-74.6117754484101,39.3217057241999]]}},{"type":"Feature","id":322819,"properties":{"OBJECTID":322819,"PRIMENAME":"West Connecticut Avenue","ELEVTYP_F":0,"ELEVTYP_T":0},"geometry":{"type":"LineString","coordinates":[[-74.6068749976496,39.3210221197395],[-74.6069244786857,39.3210404149029],[-74.6070729242708,39.321095302066],[-74.6072317957075,39.3211718161216],[-74.6073305428408,39.3212283683911],[-74.6074121606973,39.32129493093],[-74.6074809060805,39.3213581830896],[-74.607609823331,39.3214946897574],[-74.607850488748,39.3217743629766],[-74.6079024037177,39.3218341434176]]}},{"type":"Feature","id":323548,"properties":{"OBJECTID":323548,"PRIMENAME":"Colwick Drive","ELEVTYP_F":0,"ELEVTYP_T":0},"geometry":{"type":"LineString","coordinates":[[-74.6088759169533,39.3197678733436],[-74.6080846995852,39.319236385338]]}},{"type":"Feature","id":323629,"properties":{"OBJECTID":323629,"PRIMENAME":"Unnamed Segment","ELEVTYP_F":0,"ELEVTYP_T":0},"geometry":{"type":"LineString","coordinates":[[-74.6076005992469,39.3289248007827],[-74.607664334693,39.3289646596298],[-74.6084023601372,39.3294262013387]]}},{"type":"Feature","id":323954,"properties":{"OBJECTID":323954,"PRIMENAME":"Broadway","ELEVTYP_F":0,"ELEVTYP_T":0},"geometry":{"type":"LineString","coordinates":[[-74.6102825874953,39.306655014182],[-74.610555934467,39.3065721850751],[-74.6105683217571,39.3065678647002],[-74.610579649208,39.3065620463699],[-74.6105896155846,39.306554882609],[-74.6105979602921,39.3065465619363],[-74.6106044668471,39.3065373043574],[-74.6106089617014,39.3065273505556],[-74.6106113258383,39.3065169627823],[-74.6106115017154,39.3065064158417],[-74.610596279981,39.3063335507739],[-74.6105928428787,39.3063164141803],[-74.6105856581935,39.3062999909907],[-74.6105749470119,39.3062847746426],[-74.6105610254328,39.3062712161445],[-74.6105443103563,39.3062597186657],[-74.6105252974351,39.306250625847],[-74.6105045575779,39.3062442109938],[-74.6104827033006,39.3062406617948],[-74.6104603933728,39.3062400857227],[-74.6103229947162,39.3062652623428],[-74.6103010330214,39.3062708411976],[-74.610280592344,39.3062792093408],[-74.6102622543795,39.306290125704],[-74.6102465357831,39.3063032799175],[-74.6102338893418,39.3063183004166],[-74.6102246715165,39.3063347598776],[-74.6102191436186,39.306352186025],[-74.6102174637338,39.3063700877642],[-74.6102196832405,39.3063879533823],[-74.6102825874953,39.306655014182]]}},{"type":"Feature","id":324055,"properties":{"OBJECTID":324055,"PRIMENAME":"Bay Avenue","ELEVTYP_F":0,"ELEVTYP_T":0},"geometry":{"type":"LineString","coordinates":[[-74.5882776488645,39.3178159957531],[-74.5880899244699,39.3180474350892]]}},{"type":"Feature","id":324180,"properties":{"OBJECTID":324180,"PRIMENAME":"Princeton Road","ELEVTYP_F":0,"ELEVTYP_T":0},"geometry":{"type":"LineString","coordinates":[[-74.6059614787394,39.3244775000761],[-74.6057312613358,39.3247053813721],[-74.6053114837617,39.3251189882006],[-74.6043260881669,39.326089598108],[-74.6038419854028,39.3265731621956],[-74.6033271180782,39.327079019681]]}},{"type":"Feature","id":324560,"properties":{"OBJECTID":324560,"PRIMENAME":"Dobbs Avenue","ELEVTYP_F":0,"ELEVTYP_T":0},"geometry":{"type":"LineString","coordinates":[[-74.6015454735528,39.3137654387125],[-74.6017212312489,39.3138757172788],[-74.602210775138,39.3142185005052],[-74.602515658481,39.3144196054497],[-74.603219821495,39.3148840729644],[-74.6033443682345,39.3149706165023],[-74.6035183981153,39.315103737667]]}},{"type":"Feature","id":325482,"properties":{"OBJECTID":325482,"PRIMENAME":"East Harbor Lane","ELEVTYP_F":0,"ELEVTYP_T":0},"geometry":{"type":"LineString","coordinates":[[-74.5902360721967,39.314853456086],[-74.5899784390707,39.3146645867254],[-74.5896324486541,39.3144026916947]]}},{"type":"Feature","id":325621,"properties":{"OBJECTID":325621,"PRIMENAME":"1st Street","ELEVTYP_F":0,"ELEVTYP_T":0},"geometry":{"type":"LineString","coordinates":[[-74.5975837444201,39.3132351472034],[-74.596882833638,39.3143818677594]]}},{"type":"Feature","id":326597,"properties":{"OBJECTID":326597,"PRIMENAME":"West Meyran Avenue","ELEVTYP_F":0,"ELEVTYP_T":0},"geometry":{"type":"LineString","coordinates":[[-74.5893003025363,39.3258259061513],[-74.5896049732669,39.3259988698808]]}},{"type":"Feature","id":327188,"properties":{"OBJECTID":327188,"PRIMENAME":"West New York Avenue","ELEVTYP_F":0,"ELEVTYP_T":0},"geometry":{"type":"LineString","coordinates":[[-74.6053858734592,39.3188834303998],[-74.6058011377358,39.3190416171169],[-74.6065417172014,39.319317268705]]}},{"type":"Feature","id":327507,"properties":{"OBJECTID":327507,"PRIMENAME":"4th Street","ELEVTYP_F":0,"ELEVTYP_T":0},"geometry":{"type":"LineString","coordinates":[[-74.5988621052657,39.3179948811901],[-74.5990586334881,39.3176895906273]]}},{"type":"Feature","id":327912,"properties":{"OBJECTID":327912,"PRIMENAME":"3rd Street","ELEVTYP_F":0,"ELEVTYP_T":0},"geometry":{"type":"LineString","coordinates":[[-74.5973634379797,39.3181326602518],[-74.5970875862053,39.3185706637635]]}},{"type":"Feature","id":328030,"properties":{"OBJECTID":328030,"PRIMENAME":"Atlantic Avenue","ELEVTYP_F":0,"ELEVTYP_T":0},"geometry":{"type":"LineString","coordinates":[[-74.5897776227966,39.3250794525913],[-74.5902765194965,39.3243223001876],[-74.5905155869134,39.3239283277332]]}},{"type":"Feature","id":328511,"properties":{"OBJECTID":328511,"PRIMENAME":"Delaware Avenue","ELEVTYP_F":0,"ELEVTYP_T":0},"geometry":{"type":"LineString","coordinates":[[-74.5947866264077,39.3105262208649],[-74.5964251970626,39.3115158793775],[-74.5968564719751,39.3117716119152]]}},{"type":"Feature","id":329473,"properties":{"OBJECTID":329473,"PRIMENAME":"North Laurel Drive","ELEVTYP_F":0,"ELEVTYP_T":0},"geometry":{"type":"LineString","coordinates":[[-74.6126417351546,39.3209265288226],[-74.612868900598,39.3207234973925]]}},{"type":"Feature","id":329614,"properties":{"OBJECTID":329614,"PRIMENAME":"Village Drive South","ELEVTYP_F":0,"ELEVTYP_T":0},"geometry":{"type":"LineString","coordinates":[[-74.6089529137034,39.3142119460962],[-74.6088570599369,39.3141581309074],[-74.6085196555174,39.3139686979269],[-74.60816320098,39.3137677980532],[-74.6080731195004,39.3137091791017],[-74.6080155171285,39.313670105594],[-74.6080086376335,39.3136644755675],[-74.6079506815477,39.3136170373725],[-74.6079045921874,39.3135719401818]]}},{"type":"Feature","id":329719,"properties":{"OBJECTID":329719,"PRIMENAME":"Vassar Drive","ELEVTYP_F":0,"ELEVTYP_T":0},"geometry":{"type":"LineString","coordinates":[[-74.609599437857,39.3193836207785],[-74.6101349568356,39.3189021256962]]}},{"type":"Feature","id":330117,"properties":{"OBJECTID":330117,"PRIMENAME":"Bethel Road","ELEVTYP_F":0,"ELEVTYP_T":0},"geometry":{"type":"LineString","coordinates":[[-74.5941596181832,39.3232356766841],[-74.5941724549733,39.3236327906619],[-74.5941762925566,39.3237269101258]]}},{"type":"Feature","id":330318,"properties":{"OBJECTID":330318,"PRIMENAME":"Unnamed Segment","ELEVTYP_F":0,"ELEVTYP_T":0},"geometry":{"type":"LineString","coordinates":[[-74.6041788816666,39.3162952464255],[-74.6030422881914,39.3158552994693]]}},{"type":"Feature","id":330749,"properties":{"OBJECTID":330749,"PRIMENAME":"Broadway","ELEVTYP_F":0,"ELEVTYP_T":0},"geometry":{"type":"LineString","coordinates":[[-74.6006223753597,39.3088004027187],[-74.6006727273241,39.3087425627434],[-74.6007482062496,39.308707846606],[-74.6008639227914,39.3086820496899]]}},{"type":"Feature","id":331122,"properties":{"OBJECTID":331122,"PRIMENAME":"5th Street","ELEVTYP_F":0,"ELEVTYP_T":0},"geometry":{"type":"LineString","coordinates":[[-74.6014598775159,39.3161228571725],[-74.6018966505086,39.3154295308453],[-74.6020611568013,39.3151683950084],[-74.6021817373363,39.3149836137593]]}},{"type":"Feature","id":331372,"properties":{"OBJECTID":331372,"PRIMENAME":"6th Street","ELEVTYP_F":0,"ELEVTYP_T":0},"geometry":{"type":"LineString","coordinates":[[-74.6036343794119,39.3149664050036],[-74.6035183981153,39.315103737667]]}},{"type":"Feature","id":332037,"properties":{"OBJECTID":332037,"PRIMENAME":"East Groveland Avenue","ELEVTYP_F":0,"ELEVTYP_T":0},"geometry":{"type":"LineString","coordinates":[[-74.5872238656853,39.3191301095096],[-74.5889220421231,39.3199111823156]]}},{"type":"Feature","id":332061,"properties":{"OBJECTID":332061,"PRIMENAME":"Harrison Avenue","ELEVTYP_F":0,"ELEVTYP_T":0},"geometry":{"type":"LineString","coordinates":[[-74.5871544227991,39.3262933385241],[-74.5863870625396,39.3272355447338]]}},{"type":"Feature","id":332676,"properties":{"OBJECTID":332676,"PRIMENAME":"Garden State Parkway","ELEVTYP_F":0,"ELEVTYP_T":0},"geometry":{"type":"LineString","coordinates":[[-74.6154614359523,39.3260258582223],[-74.6156037081798,39.3259043187304],[-74.616116666635,39.3254565906139],[-74.6164144745416,39.3251827949985],[-74.6165087214369,39.3250916175234],[-74.6166874447945,39.3249187153764],[-74.6169187440507,39.3246858514643],[-74.6170265317272,39.3245773327879],[-74.617262253354,39.324322900028],[-74.6174276531339,39.3241489859178],[-74.6176013220622,39.3239525491462],[-74.6176529562938,39.3238928468063],[-74.6176548454336,39.3238906622223]]}},{"type":"Feature","id":332729,"properties":{"OBJECTID":332729,"PRIMENAME":"Wabash Avenue","ELEVTYP_F":0,"ELEVTYP_T":0},"geometry":{"type":"LineString","coordinates":[[-74.5834477303229,39.3339734976007],[-74.583370380384,39.3340744225288],[-74.5830460172236,39.3344871387209],[-74.582747886743,39.3348112313249],[-74.5825812878492,39.3349920158847],[-74.5824541262083,39.3351250525815],[-74.5822660592372,39.33530209009]]}},{"type":"Feature","id":333180,"properties":{"OBJECTID":333180,"PRIMENAME":"Great Bay Drive","ELEVTYP_F":0,"ELEVTYP_T":0},"geometry":{"type":"LineString","coordinates":[[-74.6071947254308,39.3107764200097],[-74.6071377090671,39.3107608135928],[-74.60606340113,39.3104664662398]]}},{"type":"Feature","id":333520,"properties":{"OBJECTID":333520,"PRIMENAME":"West Laurel Drive","ELEVTYP_F":0,"ELEVTYP_T":0},"geometry":{"type":"LineString","coordinates":[[-74.6132892006764,39.3210062244172],[-74.612868900598,39.3207234973925]]}},{"type":"Feature","id":333533,"properties":{"OBJECTID":333533,"PRIMENAME":"1st Street","ELEVTYP_F":0,"ELEVTYP_T":0},"geometry":{"type":"LineString","coordinates":[[-74.596882833638,39.3143818677594],[-74.5967717786957,39.3145635602391],[-74.596236908742,39.3154066841021]]}},{"type":"Feature","id":333937,"properties":{"OBJECTID":333937,"PRIMENAME":"6th Street","ELEVTYP_F":0,"ELEVTYP_T":0},"geometry":{"type":"LineString","coordinates":[[-74.6030422881914,39.3158552994693],[-74.6029027440097,39.3160763138621],[-74.6028884437664,39.3160990748147],[-74.6026036621845,39.3165523241189]]}},{"type":"Feature","id":334487,"properties":{"OBJECTID":334487,"PRIMENAME":"South Holly Hills Drive","ELEVTYP_F":0,"ELEVTYP_T":0},"geometry":{"type":"LineString","coordinates":[[-74.6123053910025,39.3163201439462],[-74.6122329595268,39.3164274055169],[-74.6121216138845,39.3165588671182],[-74.6120139250403,39.316679149567],[-74.6118881044564,39.31677707217],[-74.611776671996,39.3168554592359],[-74.6115789713627,39.3169646251214],[-74.6114583555985,39.3170245971923],[-74.6114143918452,39.3170524528735],[-74.6113917347943,39.3170750165766],[-74.6113634341976,39.3171053290888],[-74.6113023276975,39.3171785049656]]}},{"type":"Feature","id":334589,"properties":{"OBJECTID":334589,"PRIMENAME":"Massachusetts Avenue","ELEVTYP_F":0,"ELEVTYP_T":0},"geometry":{"type":"LineString","coordinates":[[-74.6020533345781,39.321924507404],[-74.6026033315531,39.3221338490404],[-74.6032092039029,39.3223556598745]]}},{"type":"Feature","id":334630,"properties":{"OBJECTID":334630,"PRIMENAME":"West Cedar Avenue","ELEVTYP_F":0,"ELEVTYP_T":0},"geometry":{"type":"LineString","coordinates":[[-74.5928805135543,39.3231375029371],[-74.5924859644083,39.3229502142011]]}},{"type":"Feature","id":334995,"properties":{"OBJECTID":334995,"PRIMENAME":"Wabash Avenue","ELEVTYP_F":0,"ELEVTYP_T":0},"geometry":{"type":"LineString","coordinates":[[-74.585203735215,39.3320674260118],[-74.5853592079239,39.3318768440162]]}},{"type":"Feature","id":335139,"properties":{"OBJECTID":335139,"PRIMENAME":"Frances Avenue","ELEVTYP_F":0,"ELEVTYP_T":0},"geometry":{"type":"LineString","coordinates":[[-74.5903433348447,39.3330323935814],[-74.5914936353321,39.3334735774874]]}},{"type":"Feature","id":336900,"properties":{"OBJECTID":336900,"PRIMENAME":"Jordan Road","ELEVTYP_F":0,"ELEVTYP_T":0},"geometry":{"type":"LineString","coordinates":[[-74.6016129076486,39.3261980366531],[-74.6024963227678,39.3253275101819]]}},{"type":"Feature","id":336954,"properties":{"OBJECTID":336954,"PRIMENAME":"School House Drive","ELEVTYP_F":0,"ELEVTYP_T":0},"geometry":{"type":"LineString","coordinates":[[-74.5979199427944,39.3308747464209],[-74.5991587528284,39.3298924445529],[-74.6000327661244,39.3292172733643],[-74.6002729505731,39.3290141051511]]}},{"type":"Feature","id":337279,"properties":{"OBJECTID":337279,"PRIMENAME":"Wabash Avenue","ELEVTYP_F":0,"ELEVTYP_T":0},"geometry":{"type":"LineString","coordinates":[[-74.5838984287565,39.3332397113378],[-74.5836813691961,39.3335082857404],[-74.583661176101,39.3335633787045],[-74.5836591882265,39.3335869931611],[-74.5836639513557,39.3336378676913],[-74.5836639211046,39.3336416835595]]}},{"type":"Feature","id":337318,"properties":{"OBJECTID":337318,"PRIMENAME":"Pleasant Avenue","ELEVTYP_F":0,"ELEVTYP_T":0},"geometry":{"type":"LineString","coordinates":[[-74.5911810367084,39.3185412288816],[-74.5913222498302,39.3186199747123],[-74.5919886027856,39.3189735896096]]}},{"type":"Feature","id":337376,"properties":{"OBJECTID":337376,"PRIMENAME":"Medical Center Way","ELEVTYP_F":0,"ELEVTYP_T":0},"geometry":{"type":"LineString","coordinates":[[-74.5929354435235,39.3147507301151],[-74.5922246712467,39.314432767546],[-74.5911301440002,39.3139434132156]]}},{"type":"Feature","id":337452,"properties":{"OBJECTID":337452,"PRIMENAME":"Bethel Road","ELEVTYP_F":0,"ELEVTYP_T":0},"geometry":{"type":"LineString","coordinates":[[-74.5942608925827,39.3255478652364],[-74.5942837263963,39.3260714768681],[-74.5942937293508,39.326514914626],[-74.5942944322953,39.3265460642281],[-74.5942960171625,39.3266164039584]]}},{"type":"Feature","id":337496,"properties":{"OBJECTID":337496,"PRIMENAME":"Atlantic Avenue","ELEVTYP_F":0,"ELEVTYP_T":0},"geometry":{"type":"LineString","coordinates":[[-74.5888295894731,39.3265781736846],[-74.5888992373922,39.3264702146231],[-74.5893003025363,39.3258259061513]]}},{"type":"Feature","id":337855,"properties":{"OBJECTID":337855,"PRIMENAME":"Dobbs Avenue","ELEVTYP_F":0,"ELEVTYP_T":0},"geometry":{"type":"LineString","coordinates":[[-74.5995428820353,39.31246535211],[-74.5995603782912,39.3124653371482],[-74.5995848816999,39.3124724002133],[-74.5996136373694,39.3124859671356],[-74.5996395372908,39.312505521522],[-74.5999178714056,39.3126976460865],[-74.6005383440552,39.3131083347359]]}},{"type":"Feature","id":337970,"properties":{"OBJECTID":337970,"PRIMENAME":"East Pierson Avenue","ELEVTYP_F":0,"ELEVTYP_T":0},"geometry":{"type":"LineString","coordinates":[[-74.585259850017,39.3215616941126],[-74.5869684240645,39.3223458078946]]}},{"type":"Feature","id":338046,"properties":{"OBJECTID":338046,"PRIMENAME":"Colwick Drive","ELEVTYP_F":0,"ELEVTYP_T":0},"geometry":{"type":"LineString","coordinates":[[-74.6128685720117,39.3252917212446],[-74.6140838277767,39.3241876752598],[-74.614199434005,39.3240842420325],[-74.6142765206213,39.3240108562595],[-74.6143236362662,39.3239408500041],[-74.6143535867442,39.3238808272095],[-74.6143706181534,39.3238108504834],[-74.6143833709827,39.3237408500332],[-74.61438324616,39.3236642178237],[-74.61438191626,39.323650216862]]}},{"type":"Feature","id":338381,"properties":{"OBJECTID":338381,"PRIMENAME":"Pirates Alley","ELEVTYP_F":0,"ELEVTYP_T":0},"geometry":{"type":"LineString","coordinates":[[-74.590858683038,39.3283395034344],[-74.5905492638341,39.3281678646465],[-74.5905080254329,39.3281551015503]]}},{"type":"Feature","id":338606,"properties":{"OBJECTID":338606,"PRIMENAME":"2nd Street","ELEVTYP_F":0,"ELEVTYP_T":0},"geometry":{"type":"LineString","coordinates":[[-74.5965835191066,39.3171302539855],[-74.5967899085709,39.3168013143992],[-74.5968520298484,39.3167023062731],[-74.5968638455593,39.3166835711759]]}},{"type":"Feature","id":339548,"properties":{"OBJECTID":339548,"PRIMENAME":"West Ocean Avenue","ELEVTYP_F":0,"ELEVTYP_T":0},"geometry":{"type":"LineString","coordinates":[[-74.5871322904335,39.3276026099108],[-74.5873559637421,39.3277127911464],[-74.587884239821,39.3279662601374]]}},{"type":"Feature","id":339879,"properties":{"OBJECTID":339879,"PRIMENAME":"Dusty Lane","ELEVTYP_F":0,"ELEVTYP_T":0},"geometry":{"type":"LineString","coordinates":[[-74.5918342992651,39.335347376861],[-74.591787211029,39.3352714952576],[-74.5917388289968,39.3352067631198],[-74.591672946302,39.3351420438449],[-74.5915850488891,39.3350875561788],[-74.5914884066551,39.3350501268159],[-74.5913083484789,39.3349786877711],[-74.5909701285887,39.3348425748566],[-74.5906626836636,39.3347167053609]]}},{"type":"Feature","id":340414,"properties":{"OBJECTID":340414,"PRIMENAME":"5th Street","ELEVTYP_F":0,"ELEVTYP_T":0},"geometry":{"type":"LineString","coordinates":[[-74.5993641760797,39.3194361068156],[-74.5999160067731,39.3185937230117],[-74.6000145471464,39.318436832469]]}},{"type":"Feature","id":342060,"properties":{"OBJECTID":342060,"PRIMENAME":"Village Drive","ELEVTYP_F":0,"ELEVTYP_T":0},"geometry":{"type":"LineString","coordinates":[[-74.6136665435007,39.3167617307171],[-74.6137698731649,39.3167892235764],[-74.6139858526159,39.3168588904024],[-74.6141946381831,39.3169173892605],[-74.6145013475416,39.3170038789118]]}},{"type":"Feature","id":342140,"properties":{"OBJECTID":342140,"PRIMENAME":"Kirklin Avenue","ELEVTYP_F":0,"ELEVTYP_T":0},"geometry":{"type":"LineString","coordinates":[[-74.589688498104,39.333545107142],[-74.5888741409845,39.3332317351738],[-74.5875629160036,39.3327278246754]]}},{"type":"Feature","id":342805,"properties":{"OBJECTID":342805,"PRIMENAME":"West Ocean Avenue","ELEVTYP_F":0,"ELEVTYP_T":0},"geometry":{"type":"LineString","coordinates":[[-74.5890803230073,39.3285408191292],[-74.5898279046015,39.3289016873699]]}},{"type":"Feature","id":343501,"properties":{"OBJECTID":343501,"PRIMENAME":"Garfield Avenue","ELEVTYP_F":0,"ELEVTYP_T":0},"geometry":{"type":"LineString","coordinates":[[-74.5809470380082,39.3326902753412],[-74.5809910810327,39.3326820076626],[-74.5810338569396,39.3326783809414],[-74.5810734584288,39.3326810990453],[-74.5817051600176,39.3329164039044],[-74.5818150750259,39.3329573452517],[-74.5833565409143,39.3335255694159],[-74.5836639211046,39.3336416835595]]}},{"type":"Feature","id":345223,"properties":{"OBJECTID":345223,"PRIMENAME":"Frances Avenue","ELEVTYP_F":0,"ELEVTYP_T":0},"geometry":{"type":"LineString","coordinates":[[-74.5879492429797,39.3321064042847],[-74.5881748457462,39.332192503644],[-74.5898745024894,39.3328525838755],[-74.5903433348447,39.3330323935814]]}},{"type":"Feature","id":345635,"properties":{"OBJECTID":345635,"PRIMENAME":"East Laurel Drive","ELEVTYP_F":0,"ELEVTYP_T":0},"geometry":{"type":"LineString","coordinates":[[-74.6018592195114,39.3133626464072],[-74.6023598160412,39.3137003666867],[-74.6024390368025,39.3137561998807],[-74.6025254519966,39.3138008511535],[-74.6026370459704,39.3138538541565],[-74.6027115058245,39.3139050503538]]}},{"type":"Feature","id":345649,"properties":{"OBJECTID":345649,"PRIMENAME":"West Groveland Avenue","ELEVTYP_F":0,"ELEVTYP_T":0},"geometry":{"type":"LineString","coordinates":[[-74.6033271180782,39.327079019681],[-74.6036257506409,39.3272296568605]]}},{"type":"Feature","id":345764,"properties":{"OBJECTID":345764,"PRIMENAME":"Garden State Parkway","ELEVTYP_F":0,"ELEVTYP_T":1},"geometry":{"type":"LineString","coordinates":[[-74.6176548454336,39.3238906622223],[-74.6178576496999,39.3236562767028],[-74.6181139470019,39.3233439421798],[-74.618345448909,39.3230445094393],[-74.6185976038647,39.3227096081089],[-74.6188455412079,39.3223490102633],[-74.6190768786381,39.3219980666723],[-74.6193330309329,39.3215859786499],[-74.61954363684,39.321228602798],[-74.619700579978,39.320932484036],[-74.6199152547536,39.3205171691451],[-74.6201381047917,39.3200472064274],[-74.6203732926758,39.3194967822506],[-74.6205547380854,39.3190236212288],[-74.6207567342493,39.3184571131565],[-74.6208636884628,39.3180612656703],[-74.6209460936311,39.3177587698951],[-74.6210283564089,39.3174144294926],[-74.6210857006853,39.3170926290275],[-74.6211472392644,39.3167225557261],[-74.6211837946748,39.3163171162151],[-74.6212037662917,39.3158666089835],[-74.6211950598935,39.3156349641565],[-74.6211777555034,39.3152135731264],[-74.6211481062722,39.3148275051095],[-74.6210956187394,39.3144599662893]]}},{"type":"Feature","id":345782,"properties":{"OBJECTID":345782,"PRIMENAME":"Garden State Parkway","ELEVTYP_F":0,"ELEVTYP_T":0},"geometry":{"type":"LineString","coordinates":[[-74.607297962382,39.335381471596],[-74.6073388450716,39.3352850459847],[-74.6074642759513,39.3349712049106],[-74.6075268228324,39.3348147010985],[-74.6076796206751,39.3344381540872],[-74.6077869062905,39.3341709825329],[-74.6078653312273,39.3339907372883],[-74.6079809838314,39.3337396472109],[-74.6080883801869,39.3335239837618],[-74.6082040361692,39.3332986756247],[-74.6083197249471,39.3330958534425],[-74.6084726230531,39.3328351462184],[-74.6086213785975,39.3325936615076],[-74.6087577379551,39.3323843679476],[-74.6089148550263,39.3321557800884],[-74.6091091652484,39.3318821822223],[-74.6092456426052,39.3317050677269],[-74.6094895479506,39.3314056134312],[-74.6095424638922,39.3313424400157],[-74.6097376644768,39.3311093948674],[-74.6100402458479,39.3307795509494],[-74.6100478650878,39.3307712454483],[-74.6103249868673,39.330487847387],[-74.6104573223954,39.3303558192956],[-74.6106724552925,39.330156168422],[-74.6111565111309,39.3297245244283],[-74.6116405621109,39.3293154482955],[-74.6119466875939,39.3290481088302],[-74.6127658258914,39.3283426922582],[-74.6133491185575,39.3278402145053],[-74.6135628835743,39.3276566129561],[-74.6141917799208,39.3271164512993],[-74.6142716705254,39.3270478128102],[-74.6147515383926,39.3266323021663],[-74.6150882721815,39.3263446423088],[-74.6152286821233,39.3262246932587],[-74.6154614359523,39.3260258582223]]}},{"type":"Feature","id":346010,"properties":{"OBJECTID":346010,"PRIMENAME":"East Drive","ELEVTYP_F":0,"ELEVTYP_T":0},"geometry":{"type":"LineString","coordinates":[[-74.5760660009601,39.3367819472843],[-74.5752942699973,39.3364656799071]]}},{"type":"Feature","id":346051,"properties":{"OBJECTID":346051,"PRIMENAME":"5th Street","ELEVTYP_F":0,"ELEVTYP_T":0},"geometry":{"type":"LineString","coordinates":[[-74.5989041987801,39.3201745683601],[-74.5990899931664,39.3198738117729]]}},{"type":"Feature","id":346442,"properties":{"OBJECTID":346442,"PRIMENAME":"Sunny Avenue","ELEVTYP_F":0,"ELEVTYP_T":0},"geometry":{"type":"LineString","coordinates":[[-74.5869684240645,39.3223458078946],[-74.5875136257471,39.3216619137059],[-74.5876133352228,39.3215389143239]]}},{"type":"Feature","id":346647,"properties":{"OBJECTID":346647,"PRIMENAME":"Garden State Parkway","ELEVTYP_F":0,"ELEVTYP_T":0},"geometry":{"type":"LineString","coordinates":[[-74.6208122900536,39.2976586431958],[-74.6209709491721,39.2973072166856],[-74.6211553018343,39.2968967415366],[-74.6213347148485,39.2964843542725],[-74.6214699101297,39.2961870456588],[-74.6216222711208,39.2958283677459],[-74.6217623826101,39.2955214680062],[-74.6218975609402,39.2952164892902],[-74.6220376766699,39.2949134230712],[-74.6221581159394,39.2946468046519],[-74.6222858986644,39.2943475849326],[-74.6224210602838,39.294034937791],[-74.6225562262288,39.29372612436],[-74.6227675745278,39.2932427642054],[-74.6228658812107,39.2930221812851],[-74.623163168763,39.2923507690821]]}},{"type":"Feature","id":347273,"properties":{"OBJECTID":347273,"PRIMENAME":"Garden Court","ELEVTYP_F":0,"ELEVTYP_T":0},"geometry":{"type":"LineString","coordinates":[[-74.5910846477209,39.3314013374437],[-74.5905726934857,39.332055684575],[-74.5905572056303,39.3320883240461],[-74.5905477303695,39.3321223219638],[-74.5905444528998,39.3321570138613],[-74.5905474372865,39.3321917217078],[-74.590555393644,39.3322223002014],[-74.590568214477,39.3322518651763],[-74.5905856982526,39.3322799518819],[-74.5906075701372,39.3323061188046]]}},{"type":"Feature","id":347501,"properties":{"OBJECTID":347501,"PRIMENAME":"Brighton Drive","ELEVTYP_F":0,"ELEVTYP_T":0},"geometry":{"type":"LineString","coordinates":[[-74.5914936353321,39.3334735774874],[-74.5909185727728,39.3340184149559]]}},{"type":"Feature","id":348522,"properties":{"OBJECTID":348522,"PRIMENAME":"US Highway 9","ELEVTYP_F":0,"ELEVTYP_T":0},"geometry":{"type":"LineString","coordinates":[[-74.6186758583334,39.3080214524898],[-74.6188740150419,39.3078139470115],[-74.6190569589389,39.3076606787524],[-74.6191398746846,39.3075989257665],[-74.6192408199606,39.3075399548975],[-74.6193561981052,39.3074893701682],[-74.6194788506093,39.3074556096338],[-74.6196267509911,39.3074302249539],[-74.6197385917242,39.3074188803874],[-74.6198721102949,39.307415942344],[-74.6200381431412,39.3074326021427],[-74.6201753253897,39.3074632946972],[-74.6203161404022,39.30751081511],[-74.620460590557,39.3075751345389],[-74.6205762251347,39.3076535138677],[-74.6206629396655,39.3077263226762],[-74.6207316293385,39.3077991221877],[-74.6207931344783,39.307885987269],[-74.6208473770851,39.3079840344952],[-74.6208837352825,39.3081017597046],[-74.6208983483291,39.3082139062018],[-74.6208913359975,39.3083288208444],[-74.6208698591455,39.3084381771459],[-74.6208231673099,39.3085391567894],[-74.6207691356247,39.3086261146982],[-74.620689923728,39.3087243282758],[-74.6205926322957,39.3088113300383],[-74.6204700452859,39.3088843546927],[-74.6203510701963,39.3089405455146],[-74.6202357060044,39.3089799277396],[-74.6200949551725,39.3090137077351],[-74.6199506375198,39.3090278597253],[-74.6198207150153,39.3090279935176],[-74.6196908093721,39.3090169245843],[-74.6195427743352,39.3089862426132],[-74.6193839209256,39.3089331393966],[-74.6192069506336,39.3088464188989],[-74.6190768131249,39.3087400196275],[-74.618979241124,39.3086419879533],[-74.6187514665787,39.3083982926952]]}},{"type":"Feature","id":349745,"properties":{"OBJECTID":349745,"PRIMENAME":"Pennsylvania Avenue","ELEVTYP_F":0,"ELEVTYP_T":0},"geometry":{"type":"LineString","coordinates":[[-74.5956186463291,39.3139419812884],[-74.595923999067,39.3140446393702],[-74.5962313001348,39.3141509730726]]}},{"type":"Feature","id":350513,"properties":{"OBJECTID":350513,"PRIMENAME":"New Road","ELEVTYP_F":0,"ELEVTYP_T":0},"geometry":{"type":"LineString","coordinates":[[-74.6048941450254,39.3174175651056],[-74.6048089308274,39.3175662386674],[-74.6045665846437,39.3179438516621],[-74.6042482498374,39.3184500308869]]}},{"type":"Feature","id":350682,"properties":{"OBJECTID":350682,"PRIMENAME":"Garden State Parkway","ELEVTYP_F":0,"ELEVTYP_T":0},"geometry":{"type":"LineString","coordinates":[[-74.6204699180923,39.2975312077742],[-74.6203403189723,39.2978337638545],[-74.6200640146229,39.2984968347495],[-74.6198082960347,39.2991116683096],[-74.6194742234216,39.2998906099481],[-74.6190164127808,39.3009785686569],[-74.6189159347967,39.3012335714287],[-74.618859263054,39.3013940092138],[-74.6188238465526,39.3014972773555],[-74.6187648352922,39.3016779948972],[-74.6187129228364,39.3018476440167],[-74.6186586130153,39.3020025482547],[-74.6185996009089,39.3021832656982],[-74.6185288183153,39.3024192972254],[-74.6184650785428,39.3026110805484],[-74.6183801357597,39.3028932122354],[-74.6183282102292,39.3030554879653],[-74.6182857548677,39.3032066929002],[-74.6182338556425,39.3033855589203],[-74.6181796241885,39.303588392644],[-74.6181561107259,39.3037156138255],[-74.6181278235745,39.3038262485762],[-74.6180897227289,39.3039942627702],[-74.61798717959,39.3045928188619],[-74.6179522304353,39.304930637573],[-74.617931752376,39.3051045684162],[-74.6179204146945,39.3052247039612],[-74.6179109859125,39.3053948329585],[-74.6179143333555,39.3055350850991],[-74.6179083920404,39.3057043646869],[-74.6179118461574,39.3059074901873],[-74.6179152382666,39.3060743425166],[-74.6179217761434,39.3062605367144],[-74.6179282324932,39.3064686028411],[-74.6179700338612,39.3067163321821],[-74.6180426181019,39.307189474296]]}},{"type":"Feature","id":350854,"properties":{"OBJECTID":350854,"PRIMENAME":"New Road","ELEVTYP_F":0,"ELEVTYP_T":0},"geometry":{"type":"LineString","coordinates":[[-74.6012255051502,39.3232451659731],[-74.6011351364696,39.3233893857535],[-74.6010804061679,39.3234767258794],[-74.6008660218635,39.3238082892831],[-74.6003532917106,39.3246239547001],[-74.6002609428496,39.3247704085964],[-74.6001980617618,39.3248701298021],[-74.5999109142123,39.3253255025189]]}},{"type":"Feature","id":351161,"properties":{"OBJECTID":351161,"PRIMENAME":"Garden State Parkway","ELEVTYP_F":0,"ELEVTYP_T":0},"geometry":{"type":"LineString","coordinates":[[-74.6227618950684,39.2923451654788],[-74.6224256987451,39.2931629152014],[-74.6222276454813,39.2935922224198],[-74.6219855956905,39.2941274189693],[-74.6218059038655,39.2945338199432],[-74.6216041758038,39.2949717110539],[-74.6214244560806,39.2953638091026],[-74.621296124316,39.2956671721679],[-74.6211091158198,39.2961050470028],[-74.6209661329153,39.2964541955292],[-74.620812094748,39.2967976342296],[-74.6206580539198,39.2971410727093],[-74.6204699180923,39.2975312077742]]}},{"type":"Feature","id":351916,"properties":{"OBJECTID":351916,"PRIMENAME":"MacArthur Boulevard","ELEVTYP_F":0,"ELEVTYP_T":0},"geometry":{"type":"LineString","coordinates":[[-74.6044717513737,39.3155099622201],[-74.6045634630643,39.315562624477],[-74.6046059153194,39.3155869957578],[-74.6048783269464,39.3157252989059],[-74.6051650035435,39.3158542659792],[-74.6051836114087,39.3158626375688],[-74.6053037316948,39.3159177994558]]}},{"type":"Feature","id":352243,"properties":{"OBJECTID":352243,"PRIMENAME":"New Road","ELEVTYP_F":1,"ELEVTYP_T":1},"geometry":{"type":"LineString","coordinates":[[-74.6186068898849,39.308112091857],[-74.6185297655391,39.3082133493132],[-74.6183328773907,39.3084696402693]]}},{"type":"Feature","id":352376,"properties":{"OBJECTID":352376,"PRIMENAME":"Unnamed Segment","ELEVTYP_F":0,"ELEVTYP_T":0},"geometry":{"type":"LineString","coordinates":[[-74.587304474125,39.3347934177155],[-74.5863612303128,39.3344509159593]]}},{"type":"Feature","id":352778,"properties":{"OBJECTID":352778,"PRIMENAME":"New Road","ELEVTYP_F":0,"ELEVTYP_T":0},"geometry":{"type":"LineString","coordinates":[[-74.605216204268,39.3168940579687],[-74.6052237606125,39.3168745808993],[-74.6053020910037,39.3165685298529],[-74.6053034015759,39.3165624283404]]}},{"type":"Feature","id":353295,"properties":{"OBJECTID":353295,"PRIMENAME":"New Road","ELEVTYP_F":0,"ELEVTYP_T":0},"geometry":{"type":"LineString","coordinates":[[-74.5903433348447,39.3330323935814],[-74.5903330910269,39.3330403088743],[-74.590025354698,39.3332861766595],[-74.5897176027705,39.3335224328531],[-74.589688498104,39.333545107142]]}},{"type":"Feature","id":353392,"properties":{"OBJECTID":353392,"PRIMENAME":"MacArthur Boulevard","ELEVTYP_F":0,"ELEVTYP_T":0},"geometry":{"type":"LineString","coordinates":[[-74.6040229017133,39.3152241874197],[-74.6040277120482,39.3152273612014],[-74.6043745510817,39.3154541474503],[-74.6044717513737,39.3155099622201]]}},{"type":"Feature","id":353862,"properties":{"OBJECTID":353862,"PRIMENAME":"New Road","ELEVTYP_F":0,"ELEVTYP_T":0},"geometry":{"type":"LineString","coordinates":[[-74.6153028007314,39.310556636645],[-74.6151272419486,39.3106188361481],[-74.6149312516192,39.3107012906113],[-74.6147943689633,39.3107691346766],[-74.6146574489803,39.3108370056416],[-74.6145361170709,39.3109048620105],[-74.6144179067483,39.3109799631576],[-74.6142872694927,39.3110647412494],[-74.6141006559183,39.3111980073938],[-74.6138393928692,39.3113965572949],[-74.6134910700321,39.3116582054511],[-74.6128077569089,39.3121686085105]]}},{"type":"Feature","id":353957,"properties":{"OBJECTID":353957,"PRIMENAME":"New Road","ELEVTYP_F":0,"ELEVTYP_T":0},"geometry":{"type":"LineString","coordinates":[[-74.6053037316948,39.3159177994558],[-74.6052790263569,39.3161493613029],[-74.6052752181434,39.316185063193],[-74.6052309278777,39.3163972355451],[-74.6051954563567,39.3165588190766],[-74.6051865873011,39.316599221489],[-74.6051316526458,39.3167848797759],[-74.6051003160108,39.3168665382273]]}},{"type":"Feature","id":356847,"properties":{"OBJECTID":356847,"PRIMENAME":"New Road","ELEVTYP_F":0,"ELEVTYP_T":0},"geometry":{"type":"LineString","coordinates":[[-74.6042482498374,39.3184500308869],[-74.6040384229447,39.3187836835157],[-74.6035878830329,39.3194855820738],[-74.6034372611387,39.3197245357632]]}},{"type":"Feature","id":356990,"properties":{"OBJECTID":356990,"PRIMENAME":"New Road","ELEVTYP_F":0,"ELEVTYP_T":0},"geometry":{"type":"LineString","coordinates":[[-74.5880489782396,39.3350649421954],[-74.5879290041605,39.3352270558842],[-74.587764989144,39.3354568564446],[-74.5877032296401,39.3355486084941]]}},{"type":"Feature","id":357869,"properties":{"OBJECTID":357869,"PRIMENAME":"Pennsylvania Avenue","ELEVTYP_F":0,"ELEVTYP_T":0},"geometry":{"type":"LineString","coordinates":[[-74.5962313001348,39.3141509730726],[-74.5965302927652,39.3142544032135],[-74.596882833638,39.3143818677594]]}},{"type":"Feature","id":358564,"properties":{"OBJECTID":358564,"PRIMENAME":"Longport Somers Point Boulevard","ELEVTYP_F":0,"ELEVTYP_T":0},"geometry":{"type":"LineString","coordinates":[[-74.5855266968774,39.3167045298136],[-74.5854042093149,39.3166421859676],[-74.5851626993741,39.3165160477401],[-74.584828640461,39.31634156932],[-74.5839921315356,39.3159112667767],[-74.583132501904,39.3154689758253],[-74.5827662978195,39.3152776970605],[-74.5824270498521,39.3151043549295],[-74.5820955512843,39.3149370192897],[-74.5818874229731,39.3148384039561],[-74.5816754069313,39.3147397900754],[-74.581482676459,39.3146591462116],[-74.5812630123803,39.3145784947083],[-74.5810664790453,39.3145097967349],[-74.580873772831,39.3144500751101],[-74.5806733760003,39.3144023285466],[-74.5804075049258,39.314342683853],[-74.5801840026072,39.3143039317433],[-74.5799875188028,39.3142771315952],[-74.5797447676681,39.3142503628184],[-74.5795251454476,39.3142355495908],[-74.5793421164572,39.3142294417292]]}},{"type":"Feature","id":360921,"properties":{"OBJECTID":360921,"PRIMENAME":"Garden State Parkway","ELEVTYP_F":1,"ELEVTYP_T":0},"geometry":{"type":"LineString","coordinates":[[-74.6205133679338,39.3142986568587],[-74.6205343557683,39.314396985365],[-74.6205720815738,39.3146511152439],[-74.6206055988843,39.3148827344562],[-74.6206309065235,39.3151497543281],[-74.6206520668087,39.3154103538591],[-74.6206565724328,39.3156259136123],[-74.6206569979824,39.3158736574425],[-74.6206449896674,39.3161052967464],[-74.6206288873413,39.3163820243264],[-74.620600421668,39.3166845190307],[-74.6205512866774,39.3170127353991],[-74.6204979135847,39.317302350747],[-74.6204609663311,39.3174825891069],[-74.6203951694698,39.3177625532872],[-74.6203045672411,39.3180683244041],[-74.6202263156844,39.3183418767136],[-74.6201191839645,39.3186573025543],[-74.6199996189673,39.3189984683934],[-74.6198759179133,39.3193203356718],[-74.6197109139185,39.319716241879],[-74.6195747357033,39.3200187919296],[-74.6194343848634,39.3203214289618],[-74.619252744798,39.3206658699189],[-74.6190627881202,39.321026409444],[-74.6188769249325,39.3213419145006],[-74.6186538796781,39.3217250282049],[-74.6184390254856,39.3220405620731],[-74.6182406852812,39.3223399613703],[-74.618042290504,39.3226072084763],[-74.6178314832716,39.3228937704636],[-74.6176124267293,39.3231739148771],[-74.6173106706787,39.3235313510919],[-74.6172384802039,39.3236140141435]]}},{"type":"Feature","id":364163,"properties":{"OBJECTID":364163,"PRIMENAME":"Pennsylvania Avenue","ELEVTYP_F":0,"ELEVTYP_T":0},"geometry":{"type":"LineString","coordinates":[[-74.6014598775159,39.3161228571725],[-74.6026036621845,39.3165523241189]]}},{"type":"Feature","id":364661,"properties":{"OBJECTID":364661,"PRIMENAME":"Wabash Avenue","ELEVTYP_F":0,"ELEVTYP_T":0},"geometry":{"type":"LineString","coordinates":[[-74.5840149450929,39.3334739712686],[-74.5841683326678,39.3332949453479],[-74.5841903109721,39.3332692913951],[-74.5845321836611,39.3328736098199],[-74.58460995279,39.3327803497203]]}},{"type":"Feature","id":365796,"properties":{"OBJECTID":365796,"PRIMENAME":"New Road","ELEVTYP_F":0,"ELEVTYP_T":0},"geometry":{"type":"LineString","coordinates":[[-74.5931379285827,39.3308578108471],[-74.5930768168212,39.3309048587999],[-74.5930285128207,39.3309422766922],[-74.5928882284967,39.3310509449181]]}},{"type":"Feature","id":367172,"properties":{"OBJECTID":367172,"PRIMENAME":"New Road","ELEVTYP_F":0,"ELEVTYP_T":0},"geometry":{"type":"LineString","coordinates":[[-74.6051003160108,39.3168665382273],[-74.6050977626431,39.3168760162173],[-74.6050898753322,39.3169052890517],[-74.6050726975738,39.3170949218417]]}},{"type":"Feature","id":368009,"properties":{"OBJECTID":368009,"PRIMENAME":"New Road","ELEVTYP_F":0,"ELEVTYP_T":0},"geometry":{"type":"LineString","coordinates":[[-74.6202487141261,39.3047196137784],[-74.6200844428902,39.3050549722631],[-74.6200379000333,39.3051590277891],[-74.6200006987539,39.305270348671],[-74.6199697280432,39.3053671392332],[-74.6199418793933,39.3054711754499],[-74.6199202472514,39.3055727883608],[-74.6199017472454,39.3056671491596],[-74.6198801191552,39.3057712059741],[-74.6198616090361,39.3058800924597],[-74.6198400662161,39.3060131437949],[-74.6198185026897,39.3061558591165],[-74.6197875643406,39.3062720072534],[-74.6197504227781,39.3063978527569],[-74.6197132079978,39.3065018985345],[-74.6196667149751,39.306615672757],[-74.6196170995414,39.3067221472387],[-74.6195482355122,39.3068488459024]]}},{"type":"Feature","id":370040,"properties":{"OBJECTID":370040,"PRIMENAME":"Unnamed Segment","ELEVTYP_F":0,"ELEVTYP_T":0},"geometry":{"type":"LineString","coordinates":[[-74.587304474125,39.3347934177155],[-74.5870913100733,39.3351425128825],[-74.58614805686,39.33480572599],[-74.5863612303128,39.3344509159593]]}},{"type":"Feature","id":370041,"properties":{"OBJECTID":370041,"PRIMENAME":"Unnamed Segment","ELEVTYP_F":0,"ELEVTYP_T":0},"geometry":{"type":"LineString","coordinates":[[-74.5863612303128,39.3344509159593],[-74.5865817897604,39.3341132614223],[-74.5875102992155,39.3344443384654]]}},{"type":"Feature","id":370042,"properties":{"OBJECTID":370042,"PRIMENAME":"Unnamed Segment","ELEVTYP_F":0,"ELEVTYP_T":0},"geometry":{"type":"LineString","coordinates":[[-74.5877429271277,39.334951049259],[-74.5879671841802,39.3346041587049],[-74.5875102992155,39.3344443384654]]}},{"type":"Feature","id":370043,"properties":{"OBJECTID":370043,"PRIMENAME":"Unnamed Segment","ELEVTYP_F":0,"ELEVTYP_T":0},"geometry":{"type":"LineString","coordinates":[[-74.5880489782396,39.3350649421954],[-74.5877619748543,39.3349581378124],[-74.5877429271277,39.334951049259]]}},{"type":"Feature","id":370044,"properties":{"OBJECTID":370044,"PRIMENAME":"Unnamed Segment","ELEVTYP_F":0,"ELEVTYP_T":0},"geometry":{"type":"LineString","coordinates":[[-74.5877429271277,39.334951049259],[-74.587304474125,39.3347934177155]]}},{"type":"Feature","id":370045,"properties":{"OBJECTID":370045,"PRIMENAME":"Unnamed Segment","ELEVTYP_F":0,"ELEVTYP_T":0},"geometry":{"type":"LineString","coordinates":[[-74.5840149450929,39.3334739712686],[-74.5840318737368,39.3334847571016],[-74.5840501015801,39.3334907289466],[-74.5841171470722,39.3335126982012],[-74.5841726722009,39.3335378628272],[-74.5842295661521,39.3335707824414],[-74.5842715421235,39.3336039281236],[-74.5842939383639,39.3336316452557],[-74.5843018938363,39.3336522888448],[-74.5843056778327,39.3336621049726],[-74.5843125506748,39.3337123635925],[-74.5842820957517,39.3337732247979],[-74.5842521560751,39.3338188501614],[-74.5842232829145,39.333869762521],[-74.5842239899176,39.3339069854283],[-74.5842530565441,39.3339447670341],[-74.584566657042,39.3341047898431],[-74.5848855227047,39.3342674968911],[-74.584667656254,39.3345369078269],[-74.5846372138887,39.3345745524418],[-74.5845555590449,39.3346619123237],[-74.5844738724586,39.3347201722924],[-74.5844023996858,39.3347757791083],[-74.5843595311066,39.3348132461906],[-74.5838461405337,39.3354581049854],[-74.5838310738904,39.3355042032497],[-74.5838416521225,39.3355267312777]]}},{"type":"Feature","id":370046,"properties":{"OBJECTID":370046,"PRIMENAME":"Wabash Avenue","ELEVTYP_F":0,"ELEVTYP_T":0},"geometry":{"type":"LineString","coordinates":[[-74.583834059228,39.333705975623],[-74.5840149450929,39.3334739712686]]}},{"type":"Feature","id":370047,"properties":{"OBJECTID":370047,"PRIMENAME":"Unnamed Segment","ELEVTYP_F":0,"ELEVTYP_T":0},"geometry":{"type":"LineString","coordinates":[[-74.5875102992155,39.3344443384654],[-74.587304474125,39.3347934177155]]}},{"type":"Feature","id":370180,"properties":{"OBJECTID":370180,"PRIMENAME":"Unnamed Segment","ELEVTYP_F":0,"ELEVTYP_T":0},"geometry":{"type":"LineString","coordinates":[[-74.5988265883101,39.3264153132111],[-74.598999065311,39.3265385800606],[-74.6003777264444,39.3271300065593]]}},{"type":"Feature","id":370181,"properties":{"OBJECTID":370181,"PRIMENAME":"New Road","ELEVTYP_F":0,"ELEVTYP_T":0},"geometry":{"type":"LineString","coordinates":[[-74.599192357162,39.3261106375335],[-74.5991594626972,39.32613922589],[-74.5990195339274,39.3262603199156],[-74.5988265883101,39.3264153132111]]}},{"type":"Feature","id":370363,"properties":{"OBJECTID":370363,"PRIMENAME":"Pennsylvania Avenue","ELEVTYP_F":0,"ELEVTYP_T":0},"geometry":{"type":"LineString","coordinates":[[-74.6003283017574,39.3156932855539],[-74.6010453872745,39.3159672071194],[-74.6014598775159,39.3161228571725]]}},{"type":"Feature","id":370812,"properties":{"OBJECTID":370812,"PRIMENAME":"New Road","ELEVTYP_F":0,"ELEVTYP_T":0},"geometry":{"type":"LineString","coordinates":[[-74.5877032296401,39.3355486084941],[-74.5876297178737,39.3356578874741],[-74.5872893873932,39.336152531132],[-74.5871853203198,39.3363145852526],[-74.5871053356394,39.33643913842],[-74.587039365572,39.3365418642569],[-74.5868302958225,39.3368545890555],[-74.5866654783083,39.3370990232128]]}},{"type":"Feature","id":370908,"properties":{"OBJECTID":370908,"PRIMENAME":"New Road","ELEVTYP_F":0,"ELEVTYP_T":0},"geometry":{"type":"LineString","coordinates":[[-74.6158428986588,39.310372231993],[-74.6157745926834,39.3103956275007],[-74.6157365504861,39.310408407384],[-74.61571630728,39.3104152079571],[-74.6156258056913,39.3104456653225]]}},{"type":"Feature","id":372475,"properties":{"OBJECTID":372475,"PRIMENAME":"New Road","ELEVTYP_F":0,"ELEVTYP_T":0},"geometry":{"type":"LineString","coordinates":[[-74.6050726975738,39.3170949218417],[-74.6051635846382,39.3170296576205],[-74.605216204268,39.3168940579687]]}},{"type":"Feature","id":372492,"properties":{"OBJECTID":372492,"PRIMENAME":"New Road","ELEVTYP_F":0,"ELEVTYP_T":0},"geometry":{"type":"LineString","coordinates":[[-74.6027964229567,39.32073966412],[-74.6026682608985,39.3209426291684],[-74.6020903302923,39.3218647833357],[-74.6020533345781,39.321924507404]]}},{"type":"Feature","id":373832,"properties":{"OBJECTID":373832,"PRIMENAME":"Hannahs Alley","ELEVTYP_F":0,"ELEVTYP_T":0},"geometry":{"type":"LineString","coordinates":[[-74.5976558058905,39.3165266223999],[-74.5976649676987,39.3165301864501],[-74.5982272103609,39.3167488198146]]}},{"type":"Feature","id":373989,"properties":{"OBJECTID":373989,"PRIMENAME":"New Road","ELEVTYP_F":0,"ELEVTYP_T":0},"geometry":{"type":"LineString","coordinates":[[-74.6052689321771,39.3154813205748],[-74.6052805771292,39.3155994313858],[-74.6052876319747,39.3156710038691],[-74.60529309781,39.315754769436],[-74.6053037316948,39.3159177994558]]}},{"type":"Feature","id":374576,"properties":{"OBJECTID":374576,"PRIMENAME":"Lashley Avenue","ELEVTYP_F":0,"ELEVTYP_T":0},"geometry":{"type":"LineString","coordinates":[[-74.5892596087664,39.3296105888475],[-74.5887933557118,39.3293827493846]]}},{"type":"Feature","id":375210,"properties":{"OBJECTID":375210,"PRIMENAME":"Unnamed Segment","ELEVTYP_F":0,"ELEVTYP_T":0},"geometry":{"type":"LineString","coordinates":[[-74.5895605840467,39.3219931883115],[-74.5878723378123,39.3212193971168]]}},{"type":"Feature","id":375213,"properties":{"OBJECTID":375213,"PRIMENAME":"Cottage Terrace","ELEVTYP_F":0,"ELEVTYP_T":0},"geometry":{"type":"LineString","coordinates":[[-74.5976558058905,39.3165266223999],[-74.5974401269103,39.3169027524579]]}},{"type":"Feature","id":375651,"properties":{"OBJECTID":375651,"PRIMENAME":"Buffalo Avenue","ELEVTYP_F":0,"ELEVTYP_T":0},"geometry":{"type":"LineString","coordinates":[[-74.5892596087664,39.3296105888475],[-74.589209394416,39.3296744716495],[-74.588799836357,39.3301955022494],[-74.5887699751438,39.3302336078445]]}},{"type":"Feature","id":375656,"properties":{"OBJECTID":375656,"PRIMENAME":"Hannahs Alley","ELEVTYP_F":0,"ELEVTYP_T":0},"geometry":{"type":"LineString","coordinates":[[-74.597099413549,39.316310262253],[-74.5976558058905,39.3165266223999]]}},{"type":"Feature","id":376108,"properties":{"OBJECTID":376108,"PRIMENAME":"Bay Avenue","ELEVTYP_F":0,"ELEVTYP_T":0},"geometry":{"type":"LineString","coordinates":[[-74.5859102546899,39.3207567561054],[-74.586167787082,39.3204382886772]]}},{"type":"Feature","id":376544,"properties":{"OBJECTID":376544,"PRIMENAME":"Fox Terrace","ELEVTYP_F":0,"ELEVTYP_T":0},"geometry":{"type":"LineString","coordinates":[[-74.5979992006763,39.3171151496078],[-74.5978520802748,39.317061375736],[-74.5975927215238,39.3169615091811],[-74.5974401269103,39.3169027524579]]}},{"type":"Feature","id":377095,"properties":{"OBJECTID":377095,"PRIMENAME":"New Road","ELEVTYP_F":0,"ELEVTYP_T":0},"geometry":{"type":"LineString","coordinates":[[-74.6034372611387,39.3197245357632],[-74.6032461163004,39.3200277479466],[-74.6027964229567,39.32073966412]]}},{"type":"Feature","id":377260,"properties":{"OBJECTID":377260,"PRIMENAME":"New Road","ELEVTYP_F":0,"ELEVTYP_T":0},"geometry":{"type":"LineString","coordinates":[[-74.5981377076138,39.3269408989071],[-74.5977065513394,39.327272556886],[-74.5973269526275,39.3275655927728],[-74.5972141584545,39.3276546469632]]}},{"type":"Feature","id":377392,"properties":{"OBJECTID":377392,"PRIMENAME":"Cedar Hill Lane","ELEVTYP_F":0,"ELEVTYP_T":0},"geometry":{"type":"LineString","coordinates":[[-74.5896372989058,39.3362279004143],[-74.5897472974538,39.3363401137255],[-74.589826350224,39.3363912054206],[-74.589949366633,39.3364524485896],[-74.5902348612441,39.3365783918977],[-74.5904500969605,39.3366736650885],[-74.5904562888988,39.3366770923746],[-74.5904938651828,39.336697714307],[-74.5905125476933,39.3367079645458],[-74.5905429738239,39.3367224106426],[-74.5905743485756,39.3367330401489],[-74.5905968773819,39.3367376347788],[-74.590625309571,39.3367413744405],[-74.5906547236215,39.3367383040842],[-74.5906743008191,39.3367299139753],[-74.5906919277727,39.3367177374636],[-74.5907036852118,39.3367047962288],[-74.5907115143434,39.3366887826785],[-74.5907134378745,39.3366728007546],[-74.5907124236255,39.3366545429639],[-74.5907055418268,39.336637031115],[-74.5906947357417,39.3366195493479],[-74.5906810026685,39.3366081377373],[-74.5906653252518,39.3365974969341],[-74.5906496149894,39.3365883659172],[-74.5906231619746,39.3365838284015],[-74.5905966818277,39.3365861280727],[-74.5905653315582,39.3365953236485],[-74.5905359662378,39.3366082506417],[-74.5905153726257,39.3366227364195],[-74.5904716304105,39.3366620323678],[-74.5904569390901,39.3366757442529]]}},{"type":"Feature","id":377717,"properties":{"OBJECTID":377717,"PRIMENAME":"MacArthur Boulevard","ELEVTYP_F":0,"ELEVTYP_T":0},"geometry":{"type":"LineString","coordinates":[[-74.6036343794119,39.3149664050036],[-74.6038428104333,39.3151053431531],[-74.6040229017133,39.3152241874197]]}},{"type":"Feature","id":377757,"properties":{"OBJECTID":377757,"PRIMENAME":"Seashore Lane","ELEVTYP_F":0,"ELEVTYP_T":0},"geometry":{"type":"LineString","coordinates":[[-74.6138274207499,39.3124497905284],[-74.6139274495544,39.3123199039024],[-74.6140551677016,39.312199627001],[-74.6141643787127,39.3120876051768]]}},{"type":"Feature","id":378178,"properties":{"OBJECTID":378178,"PRIMENAME":"Fox Terrace","ELEVTYP_F":0,"ELEVTYP_T":0},"geometry":{"type":"LineString","coordinates":[[-74.5974401269103,39.3169027524579],[-74.5974254965813,39.3168971183874],[-74.5971266828822,39.316782060011],[-74.5968638455593,39.3166835711759]]}},{"type":"Feature","id":378367,"properties":{"OBJECTID":378367,"PRIMENAME":"New Road","ELEVTYP_F":0,"ELEVTYP_T":0},"geometry":{"type":"LineString","coordinates":[[-74.5866654783083,39.3370990232128],[-74.5864817429553,39.33737158646],[-74.5863557153812,39.3375620929859]]}},{"type":"Feature","id":378421,"properties":{"OBJECTID":378421,"PRIMENAME":"New Road","ELEVTYP_F":0,"ELEVTYP_T":0},"geometry":{"type":"LineString","coordinates":[[-74.6050726975738,39.3170949218417],[-74.605041936117,39.3171596381062],[-74.6049823395618,39.317263649644],[-74.6048941450254,39.3174175651056]]}},{"type":"Feature","id":378497,"properties":{"OBJECTID":378497,"PRIMENAME":"New Road","ELEVTYP_F":0,"ELEVTYP_T":0},"geometry":{"type":"LineString","coordinates":[[-74.5968467476991,39.3279439642356],[-74.5964651283589,39.3282387834756],[-74.595752466442,39.3288082163432]]}},{"type":"Feature","id":378530,"properties":{"OBJECTID":378530,"PRIMENAME":"State Highway 52","ELEVTYP_F":0,"ELEVTYP_T":0},"geometry":{"type":"LineString","coordinates":[[-74.5804050495878,39.2821796276782],[-74.5806433652003,39.2823637781767],[-74.5807538033436,39.2824482239246],[-74.5808836866285,39.2825604094721],[-74.5809760844567,39.2826455908961],[-74.5810365638333,39.2827077676638],[-74.5811126129392,39.2827889969117],[-74.5811847879237,39.2828723337075],[-74.581252992169,39.2829576665077],[-74.5813171343711,39.2830448810966],[-74.5813771286622,39.2831338607395],[-74.5814328947249,39.2832244863389],[-74.5814843579009,39.2833166365937],[-74.5815314492901,39.2834101881614],[-74.5815759518084,39.2835093861937],[-74.581615538958,39.2836098346259],[-74.5816501527672,39.2837113864144],[-74.5816797425441,39.2838138928995],[-74.5817042649505,39.2839172040234],[-74.5817236840658,39.2840211685498],[-74.5817379714398,39.2841256342851],[-74.5817471061342,39.2842304483015],[-74.5817530224623,39.284325193432],[-74.5817554742895,39.2844599843003],[-74.5817456310284,39.2846217561875],[-74.581734501799,39.2847562430975],[-74.5817097596986,39.285046657291],[-74.5816900116292,39.2853175777952],[-74.5816649289737,39.2855606153066],[-74.5816584570169,39.2857034316003],[-74.58165670362,39.285846329928],[-74.5816596699666,39.2859892161546],[-74.5816673541315,39.2861319961524],[-74.5816797510813,39.2862745758631],[-74.581696852678,39.28641686136],[-74.581718647684,39.2865587589092],[-74.5817451217696,39.2867001750323],[-74.5817762575225,39.2868410165671],[-74.5818120344588,39.2869811907297],[-74.5818524290369,39.2871206051751],[-74.5818974146724,39.2872591680583],[-74.5819469617561,39.2873967880948],[-74.5820010376732,39.2875333746206],[-74.5820596068244,39.2876688376522],[-74.5821226306497,39.2878030879458],[-74.5821345294125,39.2878274566629],[-74.5822176119884,39.2879729661511],[-74.5823222092754,39.2881327780108],[-74.5824175572275,39.2882615738572],[-74.582503678069,39.2883784447917],[-74.5826051749975,39.2885120086693],[-74.5827835665484,39.2887505183591],[-74.582940435609,39.2889651794614],[-74.5830911471042,39.2891655261962],[-74.5832418396813,39.289349167927],[-74.5834079211022,39.2895614355163],[-74.5836047640353,39.2898166345968],[-74.5838046792397,39.2900718320223],[-74.5839892245334,39.2903127207409],[-74.5843613955181,39.2907992693847],[-74.5845634490583,39.2910629307222],[-74.5847581762036,39.2913168213295],[-74.5850226835551,39.2916483329799],[-74.585259531938,39.291960772286],[-74.5854348471243,39.2921801889392],[-74.5855363696358,39.2923256824135],[-74.5856532606699,39.2924830958515],[-74.5858039699735,39.292669121317],[-74.5859423804822,39.2928432233991],[-74.586096179828,39.293043563825],[-74.5862469061448,39.2932415200451],[-74.586363804387,39.293401319911],[-74.5865053092738,39.2935921229077],[-74.5866191171035,39.2937352200009],[-74.5867534420799,39.2939021220707],[-74.5868659875911,39.2940464188462],[-74.5869770694055,39.2941935703995],[-74.5870835874642,39.2943266904855],[-74.5871758608067,39.2944387806919],[-74.5874441126843,39.2947646411167],[-74.5876335799605,39.2949899002364],[-74.587828694324,39.2952122301387],[-74.5879263245121,39.2953211682278],[-74.5880093681968,39.2954189461968],[-74.5881508468674,39.2955811118934],[-74.5882646601121,39.2957242073225],[-74.5883323474498,39.295819610424],[-74.5884092621036,39.2959269378317],[-74.5885046378048,39.2960605010329],[-74.5885911948952,39.2961859274558],[-74.5886562877766,39.2962798378757],[-74.5887249922048,39.2963737464063],[-74.588793853278,39.2964731209473],[-74.5888892304535,39.29660668472],[-74.5889846019488,39.2967354749741],[-74.5890645818266,39.2968356407774],[-74.5891722657647,39.2969858987865],[-74.5892553385535,39.2971027668778],[-74.589335324142,39.2972077050246],[-74.5894276200424,39.2973317247214],[-74.5895050688995,39.2974371385266],[-74.5895824860708,39.2975420694635],[-74.5896860510518,39.2976799339748],[-74.5898091221091,39.2978516568481],[-74.5898891154826,39.2979613680347],[-74.5899721783989,39.2980686896215],[-74.5900583341665,39.298192713544],[-74.590116790147,39.2982714179169],[-74.5901844721111,39.2983596610929],[-74.5902726262161,39.2984809655313],[-74.5903444595279,39.2985766948015],[-74.590445991085,39.2987150250116],[-74.5905752082642,39.2988867422682],[-74.590685969811,39.2990369964274],[-74.5907661435613,39.2991505065019],[-74.5908551967977,39.2992707278974],[-74.5909290416666,39.2993732834308],[-74.5910028867511,39.2994758389153],[-74.5911659516608,39.2996928699466],[-74.5912705670124,39.2998383558022],[-74.5913720960122,39.2999719117364],[-74.5915228955739,39.3002032694874],[-74.5916121528724,39.300346380826],[-74.591701418716,39.3004966508922],[-74.591784518567,39.3006278355972],[-74.591861468717,39.3007542516539],[-74.5919384265469,39.3008854401881],[-74.5920307568781,39.3010285487616],[-74.5921292396192,39.3011788111953],[-74.5922215550675,39.3013099873786],[-74.5923323333663,39.3014673995987],[-74.592480033415,39.3016725086537],[-74.5927392735915,39.3020181266673],[-74.5928356090196,39.3021439747846],[-74.5929348088203,39.3022684725005],[-74.5930368416568,39.3023915804679],[-74.5931416752963,39.3025132597787],[-74.5932492766206,39.302633471976],[-74.593359611636,39.3027521790665],[-74.5934726454844,39.3028693435325],[-74.5935883424542,39.3029849283434],[-74.5937066659914,39.303098896968],[-74.5938275787116,39.3032112133854],[-74.5939510424112,39.3033218420971],[-74.59407701808,39.3034307481375],[-74.5942054659131,39.3035378970854],[-74.594336345324,39.303643255075],[-74.5944696149569,39.3037467888063],[-74.5946052326998,39.3038484655556],[-74.5946509064904,39.3038819055382],[-74.5946697559866,39.3038956249869],[-74.5948113473498,39.3039995182307],[-74.5949984507707,39.3041367359722],[-74.5951906174053,39.3042817989988],[-74.5953296784846,39.3043817697098],[-74.5954763236678,39.3044856579971],[-74.5956179147423,39.304587588267],[-74.5957483334263,39.3046776169354],[-74.5958657054661,39.3047698911296],[-74.5959769595184,39.3048522216134],[-74.596075579302,39.3049306375525],[-74.5962121282981,39.3050384580977],[-74.5963107420666,39.3051129489759],[-74.596422010648,39.3052050916272],[-74.5965080010382,39.3052835176541],[-74.5966091662896,39.3053756675977],[-74.5967078091198,39.3054697824294],[-74.5968055085246,39.3055597938339],[-74.5968798022007,39.3056344837056],[-74.5969556870143,39.3057109558233],[-74.5970315665722,39.3057835021304],[-74.5971150426381,39.305869779523],[-74.5971934708132,39.3059580239508],[-74.5972668433318,39.3060443096663],[-74.5973424916416,39.3061452938775]]}},{"type":"Feature","id":378654,"properties":{"OBJECTID":378654,"PRIMENAME":"New Road","ELEVTYP_F":0,"ELEVTYP_T":0},"geometry":{"type":"LineString","coordinates":[[-74.605198817618,39.3143337114079],[-74.6051936571408,39.3144986222414],[-74.605203300631,39.3147308169872],[-74.6052222452882,39.3148953222765],[-74.605253631907,39.3150597604587],[-74.60526523711,39.3151189092803],[-74.6052975134886,39.3152834123993]]}},{"type":"Feature","id":378721,"properties":{"OBJECTID":378721,"PRIMENAME":"New Road","ELEVTYP_F":0,"ELEVTYP_T":0},"geometry":{"type":"LineString","coordinates":[[-74.6079045921874,39.3135719401818],[-74.6078360073657,39.3135624766965],[-74.6077441962052,39.3135476802157],[-74.6074997269768,39.3135082783972],[-74.6071943600514,39.3134590619077],[-74.6069825603525,39.3134301801809],[-74.6067490146154,39.3134183137188],[-74.6065466182734,39.3134136392295],[-74.6063940069893,39.3134210547009],[-74.6062694781043,39.3134404981679],[-74.6061356828827,39.313479361648],[-74.6060934033283,39.3134989758332],[-74.6059893840515,39.3135472318444],[-74.6058254780265,39.3136357645801]]}},{"type":"Feature","id":379134,"properties":{"OBJECTID":379134,"PRIMENAME":"New Road","ELEVTYP_F":1,"ELEVTYP_T":0},"geometry":{"type":"LineString","coordinates":[[-74.6183328773907,39.3084696402693],[-74.6182470754733,39.3085813125941],[-74.61813324656,39.3087265831543],[-74.6180668583918,39.3088113102116],[-74.6180356157861,39.3088543676284],[-74.6179861084684,39.3089226754404],[-74.6178773375551,39.3090582307071],[-74.6177747965845,39.3091792827152],[-74.6176380133383,39.3093245579805],[-74.6174732700212,39.3094892189593],[-74.6172680251347,39.3096563373977],[-74.6170596330265,39.3098016840826],[-74.616904117711,39.3099058748217],[-74.6166521370421,39.3100464604768],[-74.6164094462993,39.3101627917036],[-74.6161978449249,39.3102500958959],[-74.6159800018545,39.3103252710143],[-74.6158428986588,39.310372231993]]}},{"type":"Feature","id":379575,"properties":{"OBJECTID":379575,"PRIMENAME":"Pennsylvania Avenue","ELEVTYP_F":0,"ELEVTYP_T":0},"geometry":{"type":"LineString","coordinates":[[-74.596882833638,39.3143818677594],[-74.5970153059509,39.314429752041],[-74.597461715898,39.3145994470145]]}},{"type":"Feature","id":379619,"properties":{"OBJECTID":379619,"PRIMENAME":"New Road","ELEVTYP_F":0,"ELEVTYP_T":0},"geometry":{"type":"LineString","coordinates":[[-74.6156258056913,39.3104456653225],[-74.6154353706589,39.3105096636831],[-74.6153028007314,39.310556636645]]}},{"type":"Feature","id":379635,"properties":{"OBJECTID":379635,"PRIMENAME":"Pennsylvania Avenue","ELEVTYP_F":0,"ELEVTYP_T":0},"geometry":{"type":"LineString","coordinates":[[-74.597461715898,39.3145994470145],[-74.5976660894264,39.3146771441127],[-74.5980374581319,39.3148188393694]]}},{"type":"Feature","id":379802,"properties":{"OBJECTID":379802,"PRIMENAME":"Pennsylvania Avenue","ELEVTYP_F":0,"ELEVTYP_T":0},"geometry":{"type":"LineString","coordinates":[[-74.6060419835987,39.3178588285219],[-74.6071979116558,39.3182871689438]]}},{"type":"Feature","id":379920,"properties":{"OBJECTID":379920,"PRIMENAME":"Garden State Parkway","ELEVTYP_F":0,"ELEVTYP_T":1},"geometry":{"type":"LineString","coordinates":[[-74.6183328773907,39.3084696402693],[-74.6183456794932,39.3085161670828],[-74.6184083004433,39.3087428976792],[-74.6184791575045,39.3089905701582],[-74.6186039862889,39.3093443633318],[-74.6186913314951,39.3095598389649],[-74.6188534821876,39.3099328955865],[-74.6190322937094,39.310354205205],[-74.6194855030737,39.311409048898],[-74.6199055544965,39.3124124701342],[-74.620063566539,39.3127758651821],[-74.6201551082489,39.3130010271431],[-74.6202382941513,39.3132389928524],[-74.6203132919752,39.3134834474291],[-74.6203841136131,39.3137246930531],[-74.6204383256225,39.3139466540141],[-74.6204842562995,39.314162143039],[-74.6205133679338,39.3142986568587]]}},{"type":"Feature","id":380072,"properties":{"OBJECTID":380072,"PRIMENAME":"Garden State Parkway","ELEVTYP_F":0,"ELEVTYP_T":0},"geometry":{"type":"LineString","coordinates":[[-74.6150590078242,39.3257505866911],[-74.6148498016842,39.3259308193002],[-74.6144402512187,39.3262786893826],[-74.6143189859905,39.3263826229166],[-74.6137494053659,39.3268713647354],[-74.6133729731569,39.3271999239168],[-74.6130830096711,39.3274469435513],[-74.612669676539,39.3277990565349],[-74.6123097541027,39.3281114797797],[-74.611680866792,39.3286494160763],[-74.6112382849561,39.3290552125705],[-74.6108825316387,39.3293965939361],[-74.6105516640145,39.3297379775881],[-74.610311778879,39.3300020662229],[-74.6100181536728,39.3303337211675],[-74.6097783293905,39.3306170554112],[-74.6097448541586,39.3306600395881],[-74.6094723856731,39.3310098939346],[-74.6094269691331,39.3310717811162],[-74.6092573908291,39.3313028685517],[-74.609071381459,39.3315700883584],[-74.6088812581455,39.3318534011392],[-74.6086911234133,39.3321528039418],[-74.6084555891661,39.3325423346005],[-74.6082779305893,39.3328642391036],[-74.6081085840982,39.3331893488007],[-74.6079433563044,39.3335273306429],[-74.6078277546767,39.3337880584482],[-74.6077039434447,39.3340906103845],[-74.6075553329567,39.3344543584275],[-74.6073820150104,39.3348920434899],[-74.6073555506705,39.3349569931194],[-74.6072263230845,39.3352741390555],[-74.6071888231532,39.3353654863308]]}},{"type":"Feature","id":380074,"properties":{"OBJECTID":380074,"PRIMENAME":"New Road","ELEVTYP_F":0,"ELEVTYP_T":0},"geometry":{"type":"LineString","coordinates":[[-74.5999109142123,39.3253255025189],[-74.5998374076056,39.3254420103161],[-74.5996944194538,39.3256235677769],[-74.5995233985687,39.3258051769527],[-74.5993461044867,39.3259770155846],[-74.599192357162,39.3261106375335]]}},{"type":"Feature","id":381059,"properties":{"OBJECTID":381059,"PRIMENAME":"New Road","ELEVTYP_F":0,"ELEVTYP_T":0},"geometry":{"type":"LineString","coordinates":[[-74.6053034015759,39.3165624283404],[-74.6053542175749,39.3163257361499],[-74.6053776209192,39.3161625384162],[-74.6054035737424,39.3159564784285]]}},{"type":"Feature","id":381109,"properties":{"OBJECTID":381109,"PRIMENAME":"New Road","ELEVTYP_F":0,"ELEVTYP_T":0},"geometry":{"type":"LineString","coordinates":[[-74.6020533345781,39.321924507404],[-74.6015962694652,39.3226634424325],[-74.6012699805581,39.3231741511625],[-74.6012255051502,39.3232451659731]]}},{"type":"Feature","id":381731,"properties":{"OBJECTID":381731,"PRIMENAME":"Garden State Parkway","ELEVTYP_F":0,"ELEVTYP_T":1},"geometry":{"type":"LineString","coordinates":[[-74.6071888231532,39.3353654863308],[-74.6070725517101,39.3356487117325],[-74.6068747331195,39.3361305673388],[-74.6067112112629,39.3365056952309],[-74.606524261506,39.336891800001],[-74.6063980801044,39.3371540456848],[-74.6061175620267,39.3376749383104],[-74.6058463696539,39.3381448339284],[-74.605579738846,39.3385710416281],[-74.6052101849663,39.3391211440553],[-74.6048358984865,39.3396311624617],[-74.6045971876889,39.3399372193048],[-74.6042836268189,39.3403197820745],[-74.6038717790151,39.3408080024426],[-74.603628366066,39.3410958298951],[-74.6032118623786,39.3415986325599],[-74.6027952712628,39.3420941299851],[-74.6025425100257,39.3424038179668],[-74.6021914940242,39.3428194109936]]}},{"type":"Feature","id":381895,"properties":{"OBJECTID":381895,"PRIMENAME":"Buffalo Avenue","ELEVTYP_F":0,"ELEVTYP_T":0},"geometry":{"type":"LineString","coordinates":[[-74.5898279046015,39.3289016873699],[-74.5895001967966,39.3293045119129],[-74.5892596087664,39.3296105888475]]}},{"type":"Feature","id":381921,"properties":{"OBJECTID":381921,"PRIMENAME":"New Road","ELEVTYP_F":0,"ELEVTYP_T":0},"geometry":{"type":"LineString","coordinates":[[-74.5919154843713,39.3318149335151],[-74.5907093485463,39.3327489597521],[-74.5903433348447,39.3330323935814]]}},{"type":"Feature","id":382118,"properties":{"OBJECTID":382118,"PRIMENAME":"New Road","ELEVTYP_F":0,"ELEVTYP_T":0},"geometry":{"type":"LineString","coordinates":[[-74.6054035737424,39.3159564784285],[-74.6054055076034,39.3158379229512],[-74.6054059695725,39.3158096089765],[-74.6054025722398,39.3157156578148],[-74.6054005117918,39.315658656025],[-74.6053913956437,39.3155906409366],[-74.6053819229752,39.3155199597531],[-74.6053527581976,39.31535271897],[-74.6052975134886,39.3152834123993]]}},{"type":"Feature","id":382137,"properties":{"OBJECTID":382137,"PRIMENAME":"New Road","ELEVTYP_F":0,"ELEVTYP_T":0},"geometry":{"type":"LineString","coordinates":[[-74.6058254780265,39.3136357645801],[-74.6057964829388,39.313651441722],[-74.6055581317156,39.3137973922001],[-74.6055195906698,39.3138209925027],[-74.605407609037,39.3139106035904],[-74.6053205297521,39.3139904992562],[-74.6052677014463,39.3140703918147],[-74.6052211510026,39.3141647764154],[-74.6051995601303,39.3143099327843],[-74.605198817618,39.3143337114079]]}},{"type":"Feature","id":382239,"properties":{"OBJECTID":382239,"PRIMENAME":"New Road","ELEVTYP_F":0,"ELEVTYP_T":0},"geometry":{"type":"LineString","coordinates":[[-74.595752466442,39.3288082163432],[-74.5956468879761,39.3288925752241],[-74.5955009672233,39.3290076569555],[-74.5954165134607,39.3290742612581]]}},{"type":"Feature","id":382272,"properties":{"OBJECTID":382272,"PRIMENAME":"New Road","ELEVTYP_F":0,"ELEVTYP_T":0},"geometry":{"type":"LineString","coordinates":[[-74.589688498104,39.333545107142],[-74.5893920869861,39.3337757056251],[-74.5893483241506,39.3338097512444],[-74.5892542378323,39.3338817002436],[-74.5891144592092,39.333988591583],[-74.5889339054641,39.3341353767145],[-74.5887698113424,39.3342695745551],[-74.5887486137776,39.3342896239108],[-74.5886179963941,39.3344131790168],[-74.588445749747,39.3345887317405],[-74.5883021249895,39.3347514952657],[-74.5881462904644,39.3349334605868],[-74.5880489782396,39.3350649421954]]}},{"type":"Feature","id":382286,"properties":{"OBJECTID":382286,"PRIMENAME":"New Road","ELEVTYP_F":0,"ELEVTYP_T":0},"geometry":{"type":"LineString","coordinates":[[-74.6128077569089,39.3121686085105],[-74.6125766657497,39.3123412341309],[-74.6119297467517,39.3128304816398],[-74.6115969729484,39.3130774744525],[-74.6113698969073,39.3132446573758],[-74.6112703606295,39.3133100725722],[-74.6111583488819,39.3133754995958],[-74.6110152153233,39.3134530379459],[-74.6108191812747,39.313537901484],[-74.6106262378194,39.3136106538784],[-74.6104394838065,39.3136640424331],[-74.6102807286412,39.3136980474209],[-74.6101188518189,39.3137248062741],[-74.609963141412,39.313739451202],[-74.6097856577194,39.3137541705062],[-74.6096082011159,39.3137640025844],[-74.6093652975924,39.3137593990536],[-74.6091877696443,39.3137450130052],[-74.6089728683031,39.3137234416316],[-74.6087423270021,39.3136898297439],[-74.6084620426537,39.3136489887602],[-74.6081314624674,39.3136032969905],[-74.6079045921874,39.3135719401818]]}},{"type":"Feature","id":382829,"properties":{"OBJECTID":382829,"PRIMENAME":"Longport Somers Point Boulevard","ELEVTYP_F":0,"ELEVTYP_T":0},"geometry":{"type":"LineString","coordinates":[[-74.5793421164572,39.3142294417292],[-74.5790974707153,39.3142148906699],[-74.5787739060653,39.3142091250426],[-74.5768399717883,39.3141984457753],[-74.5747866400263,39.3141878120471],[-74.5726022795992,39.3141772238939],[-74.5708070479329,39.3141693512332],[-74.5688153220297,39.3141555812817],[-74.5669391841432,39.3141476967735],[-74.5663767209598,39.3141450263284],[-74.5660068395848,39.3141396831073]]}},{"type":"Feature","id":383473,"properties":{"OBJECTID":383473,"PRIMENAME":"New Road","ELEVTYP_F":0,"ELEVTYP_T":0},"geometry":{"type":"LineString","coordinates":[[-74.5928882284967,39.3310509449181],[-74.592395383477,39.3314327111709],[-74.5919466712915,39.3317908292284],[-74.5919154843713,39.3318149335151]]}},{"type":"Feature","id":384318,"properties":{"OBJECTID":384318,"PRIMENAME":"Pennsylvania Avenue","ELEVTYP_F":0,"ELEVTYP_T":0},"geometry":{"type":"LineString","coordinates":[[-74.5991788759911,39.315254382947],[-74.5995699850709,39.3154036341459],[-74.6003283017574,39.3156932855539]]}},{"type":"Feature","id":385240,"properties":{"OBJECTID":385240,"PRIMENAME":"Garden State Parkway","ELEVTYP_F":0,"ELEVTYP_T":0},"geometry":{"type":"LineString","coordinates":[[-74.6172384802039,39.3236140141435],[-74.6172361847125,39.3236166441327],[-74.6169592125433,39.3239338934152],[-74.6166780449149,39.324239825687],[-74.6161900301419,39.324735800732],[-74.6158053618831,39.3250933165858],[-74.6152386534579,39.325595818373],[-74.6150590078242,39.3257505866911]]}},{"type":"Feature","id":387817,"properties":{"OBJECTID":387817,"PRIMENAME":"Pennsylvania Avenue","ELEVTYP_F":0,"ELEVTYP_T":0},"geometry":{"type":"LineString","coordinates":[[-74.6037547121104,39.3169855351225],[-74.6047077544153,39.3173448073444],[-74.6048941450254,39.3174175651056]]}},{"type":"Feature","id":388239,"properties":{"OBJECTID":388239,"PRIMENAME":"New Road","ELEVTYP_F":0,"ELEVTYP_T":0},"geometry":{"type":"LineString","coordinates":[[-74.5947352453226,39.3296115381497],[-74.5947134554442,39.3296287163922],[-74.5945011619645,39.3297945306498],[-74.5943805602375,39.3298887284472]]}},{"type":"Feature","id":390027,"properties":{"OBJECTID":390027,"PRIMENAME":"New Road","ELEVTYP_F":0,"ELEVTYP_T":0},"geometry":{"type":"LineString","coordinates":[[-74.5943805602375,39.3298887284472],[-74.5939869874466,39.3301961245291]]}},{"type":"Feature","id":390075,"properties":{"OBJECTID":390075,"PRIMENAME":"Seashore Lane","ELEVTYP_F":0,"ELEVTYP_T":0},"geometry":{"type":"LineString","coordinates":[[-74.6141643787127,39.3120876051768],[-74.6141769047796,39.3120747436414],[-74.6142481643847,39.3120122912654],[-74.614292741859,39.3119729845075],[-74.6143402781541,39.3119497913401],[-74.6143729843143,39.3119359208643],[-74.6144264815661,39.3119266430284],[-74.6144770600371,39.3119265933031],[-74.6145187118355,39.3119357776026],[-74.6145481149344,39.311955050477],[-74.6145620363835,39.311974476405],[-74.6145753292286,39.3119981043596],[-74.6145753895459,39.3120350882353],[-74.6145635432585,39.3120743637959],[-74.6145437345686,39.3121083476844],[-74.6145130663646,39.3121367950221],[-74.6144684872342,39.3121530112281],[-74.614423893012,39.3121599742417],[-74.6143703382668,39.312155414686],[-74.6143078528545,39.3121369967012],[-74.6142543152827,39.312120877794],[-74.6141643787127,39.3120876051768]]}},{"type":"Feature","id":390865,"properties":{"OBJECTID":390865,"PRIMENAME":"New Road","ELEVTYP_F":0,"ELEVTYP_T":0},"geometry":{"type":"LineString","coordinates":[[-74.5972141584545,39.3276546469632],[-74.5968913864086,39.3279094412082],[-74.5968467476991,39.3279439642356]]}},{"type":"Feature","id":392790,"properties":{"OBJECTID":392790,"PRIMENAME":"Unnamed Segment","ELEVTYP_F":0,"ELEVTYP_T":0},"geometry":{"type":"LineString","coordinates":[[-74.5878723378123,39.3212193971168],[-74.586167787082,39.3204382886772]]}},{"type":"Feature","id":393493,"properties":{"OBJECTID":393493,"PRIMENAME":"Pennsylvania Avenue","ELEVTYP_F":0,"ELEVTYP_T":0},"geometry":{"type":"LineString","coordinates":[[-74.6026036621845,39.3165523241189],[-74.6030382480061,39.3167155014608],[-74.6037547121104,39.3169855351225]]}},{"type":"Feature","id":396207,"properties":{"OBJECTID":396207,"PRIMENAME":"Garden State Parkway","ELEVTYP_F":0,"ELEVTYP_T":0},"geometry":{"type":"LineString","coordinates":[[-74.6180426181019,39.307189474296],[-74.6180470402787,39.3072183049814],[-74.6181082171139,39.3076170825852],[-74.6182999843858,39.3083504559275],[-74.6183328773907,39.3084696402693]]}},{"type":"Feature","id":397146,"properties":{"OBJECTID":397146,"PRIMENAME":"Pennsylvania Avenue","ELEVTYP_F":0,"ELEVTYP_T":0},"geometry":{"type":"LineString","coordinates":[[-74.6048941450254,39.3174175651056],[-74.6056941427311,39.3177299327189],[-74.6060419835987,39.3178588285219]]}},{"type":"Feature","id":398751,"properties":{"OBJECTID":398751,"PRIMENAME":"New Road","ELEVTYP_F":0,"ELEVTYP_T":0},"geometry":{"type":"LineString","coordinates":[[-74.6052975134886,39.3152834123993],[-74.6052635266839,39.3153650453872],[-74.6052689321771,39.3154813205748]]}},{"type":"Feature","id":398808,"properties":{"OBJECTID":398808,"PRIMENAME":"State Highway 52","ELEVTYP_F":0,"ELEVTYP_T":0},"geometry":{"type":"LineString","coordinates":[[-74.5973424916416,39.3061452938775],[-74.5975426397576,39.3063776922892],[-74.5976862959682,39.3065714971849],[-74.5978235634333,39.3067640551284],[-74.5979804800653,39.3069817535035],[-74.5981348502926,39.3071837534542],[-74.5982588446917,39.3073406433669],[-74.5983727476323,39.3075053913954],[-74.5984815896034,39.3076642567459],[-74.5985671460403,39.307798204375],[-74.5987341029405,39.3080586784215],[-74.5988590513613,39.3082701798222]]}},{"type":"Feature","id":399907,"properties":{"OBJECTID":399907,"PRIMENAME":"MacArthur Boulevard","ELEVTYP_F":0,"ELEVTYP_T":0},"geometry":{"type":"LineString","coordinates":[[-74.6024308062398,39.3141231961968],[-74.6025540971691,39.3142225089704],[-74.6027650518379,39.3143741051197],[-74.6029069812742,39.3144811444786],[-74.6030833878028,39.314597048701],[-74.6032356930801,39.3146982213578],[-74.6032713303652,39.3147218938335],[-74.603459278003,39.3148497311672],[-74.6035351858551,39.3149003111845],[-74.6036343794119,39.3149664050036]]}},{"type":"Feature","id":400380,"properties":{"OBJECTID":400380,"PRIMENAME":"New Road","ELEVTYP_F":0,"ELEVTYP_T":0},"geometry":{"type":"LineString","coordinates":[[-74.5954165134607,39.3290742612581],[-74.5947352453226,39.3296115381497]]}},{"type":"Feature","id":400411,"properties":{"OBJECTID":400411,"PRIMENAME":"Pennsylvania Avenue","ELEVTYP_F":0,"ELEVTYP_T":0},"geometry":{"type":"LineString","coordinates":[[-74.5980374581319,39.3148188393694],[-74.5991788759911,39.315254382947]]}},{"type":"Feature","id":400442,"properties":{"OBJECTID":400442,"PRIMENAME":"New Road","ELEVTYP_F":0,"ELEVTYP_T":0},"geometry":{"type":"LineString","coordinates":[[-74.5988265883101,39.3264153132111],[-74.5985808048655,39.3266065943191],[-74.5982385655369,39.3268633032396],[-74.5981377076138,39.3269408989071]]}},{"type":"Feature","id":400803,"properties":{"OBJECTID":400803,"PRIMENAME":"New Road","ELEVTYP_F":0,"ELEVTYP_T":0},"geometry":{"type":"LineString","coordinates":[[-74.6186758583334,39.3080214524898],[-74.6186068898849,39.308112091857]]}},{"type":"Feature","id":401375,"properties":{"OBJECTID":401375,"PRIMENAME":"Bay Avenue","ELEVTYP_F":0,"ELEVTYP_T":0},"geometry":{"type":"LineString","coordinates":[[-74.586167787082,39.3204382886772],[-74.5862735171762,39.3203075389449],[-74.5864355582669,39.3201071205671]]}},{"type":"Feature","id":401680,"properties":{"OBJECTID":401680,"PRIMENAME":"New Road","ELEVTYP_F":0,"ELEVTYP_T":0},"geometry":{"type":"LineString","coordinates":[[-74.5939869874466,39.3301961245291],[-74.5938515807947,39.330301888468],[-74.5933599290555,39.3306868990166],[-74.5931379285827,39.3308578108471]]}},{"type":"Feature","id":408954,"properties":{"OBJECTID":408954,"PRIMENAME":"State Highway 52","ELEVTYP_F":0,"ELEVTYP_T":0},"geometry":{"type":"LineString","coordinates":[[-74.5991056085152,39.3084177087614],[-74.5990524731548,39.3083229744729],[-74.5988634826704,39.3080028377454],[-74.5986965254241,39.3077423638823],[-74.598610968809,39.3076084163473],[-74.5985021266324,39.3074495511165],[-74.5983882234795,39.3072848032133],[-74.5982642288906,39.307127913437],[-74.5981098584147,39.3069259136563],[-74.5979529415073,39.3067082154538],[-74.5978078413232,39.3065132050094],[-74.5976620301033,39.306326608612],[-74.5974536333088,39.3060735444403]]}},{"type":"Feature","id":408955,"properties":{"OBJECTID":408955,"PRIMENAME":"State Highway 52","ELEVTYP_F":0,"ELEVTYP_T":0},"geometry":{"type":"LineString","coordinates":[[-74.5974536333088,39.3060735444403],[-74.5973546617776,39.3059669686118],[-74.5972789234723,39.3058812560459],[-74.5972004952759,39.3057930116745],[-74.5971170191966,39.305706734342],[-74.5970411396337,39.3056341880896],[-74.596965989004,39.3055587225297],[-74.5968862411934,39.3054791070746],[-74.5967932617176,39.3053930148745],[-74.5966946188811,39.305298900114],[-74.5965934536285,39.3052067502435],[-74.5965074632373,39.3051283242787],[-74.5963961946657,39.3050361817077],[-74.5962975809147,39.304961690901],[-74.5961632539455,39.3048533344341],[-74.5960651158532,39.304777823309],[-74.5959511581356,39.3046931241836],[-74.5958369201056,39.3046067307372],[-74.5957033674617,39.3045108215003],[-74.5955617764183,39.304408891333],[-74.5954151312694,39.3043050031519],[-74.5952760702209,39.3042050325415],[-74.5950839036204,39.3040599696541],[-74.5948968002376,39.3039227520481],[-74.5947552089032,39.3038188589067],[-74.594736359411,39.3038051394717],[-74.5945974540706,39.3037021791718],[-74.5944609866165,39.3035972696471],[-74.5943270023498,39.3034904457312],[-74.5941955457464,39.3033817428932],[-74.5940666604426,39.303271197226],[-74.5939403892201,39.303158845434],[-74.5938167739921,39.3030447248214],[-74.5936958557895,39.3029288732793],[-74.5935776747468,39.3028113292735],[-74.5934622700894,39.3026921318315],[-74.5933496801201,39.3025713205294],[-74.5932399422067,39.3024489354791],[-74.5931330927693,39.3023250173149],[-74.5930291672685,39.3021996071797],[-74.5929282001938,39.3020727467118],[-74.5928302250514,39.3019444780305],[-74.5925966960904,39.3016241779929],[-74.5924588370204,39.3014348931559],[-74.5923249131723,39.3012486606054],[-74.5922264358473,39.3011082199604],[-74.592139769587,39.3009789715617],[-74.5920408012528,39.3008224713461],[-74.5919677123648,39.3006939984929],[-74.5919033479424,39.3005820424218],[-74.5918298037699,39.3004650012256],[-74.5917260482865,39.3002950363626],[-74.5916424940458,39.3001528718858],[-74.5915484855537,39.3000043305626],[-74.591476007279,39.2999000402839],[-74.5913072907062,39.2996576776964],[-74.5912060710511,39.2995199362514],[-74.5911295911733,39.2994135779],[-74.5910441228966,39.2993019918669],[-74.590981136,39.2992113241356],[-74.5908889073119,39.299080553121],[-74.5908135115695,39.2989771213689],[-74.5907124295876,39.2988448275238],[-74.590569513122,39.2986481494719],[-74.5904853061997,39.2985324020496],[-74.5904104773939,39.2984316540264],[-74.5903133244908,39.298296302093],[-74.5902366250817,39.2981965643222],[-74.5901556533709,39.2980867199146],[-74.5900724429093,39.2979821100388],[-74.5899937184826,39.2978740077616],[-74.5899239871108,39.2977746211154],[-74.5898047728765,39.2976072346324],[-74.5897013156557,39.2974712375402],[-74.5896225901493,39.2973613910169],[-74.5895309103365,39.2972389474353],[-74.5894468934056,39.2971249682955],[-74.5893504479925,39.2969969854867],[-74.5892959333397,39.2969255076638],[-74.5891882914378,39.2967820166901],[-74.5890988380134,39.296659630504],[-74.5890237132421,39.2965563901157],[-74.5889235505752,39.2964213851929],[-74.5888220311294,39.2962803006848],[-74.5887446005585,39.2961802012241],[-74.58868813177,39.2960971184381],[-74.5886080630222,39.2959943364509],[-74.5885292981515,39.2958864619837],[-74.5884452806193,39.2957694265141],[-74.5883501101162,39.2956474458388],[-74.5882362968222,39.2955043504913],[-74.5881013693774,39.2953411620132],[-74.5880183256569,39.2952433841085],[-74.5879321117728,39.2951486839353],[-74.5878297843222,39.2950363470848],[-74.5877298214935,39.2949227321631],[-74.5876322497111,39.2948078692166],[-74.5875370947668,39.2946917886212],[-74.5873100280213,39.2944027761868],[-74.5871946040601,39.2942644526388],[-74.5870829707135,39.2941198735478],[-74.5869412213538,39.2939397497717],[-74.5868637813299,39.2938390004346],[-74.5867260935443,39.2936546304958],[-74.5866114161392,39.2935134060557],[-74.5864787383799,39.2933407922899],[-74.5863689502443,39.2931897261174],[-74.5861960523358,39.2929739214092],[-74.5860487097182,39.2927836817394],[-74.5859148367009,39.2926106790374],[-74.585770462301,39.2924224087078],[-74.5856654631632,39.2922860406027],[-74.5855434076817,39.2921313568475],[-74.5853588943687,39.29189362532],[-74.5851207958234,39.2915838490499],[-74.5849003012311,39.2912948269491],[-74.5846811294563,39.2910149683987],[-74.5844672052532,39.2907381602964],[-74.5841036641806,39.2902649369928],[-74.5839592994562,39.2900766652317],[-74.5837375068565,39.2897896785414],[-74.5835222790064,39.2895128695794],[-74.5833516780168,39.2892971228149],[-74.5832256838403,39.2891281838815],[-74.5830681994574,39.288922610186],[-74.582875290867,39.2886773488134],[-74.5826906224367,39.2884352512464],[-74.5825891254572,39.2883016874416],[-74.582503004568,39.2881848165688],[-74.5824277537286,39.2880697720061],[-74.5823187925949,39.2878957285557],[-74.5822229309066,39.2877176022368],[-74.5821577591148,39.2875826613471],[-74.5820976417099,39.2874463108667],[-74.5820426290564,39.2873086650927],[-74.5819927672387,39.2871698394072],[-74.5819480980229,39.2870299501808],[-74.5819086588218,39.2868891146748],[-74.5818744826633,39.2867474509431],[-74.5818455981631,39.2866050777331],[-74.581822029501,39.2864621143863],[-74.5818037964002,39.2863186807381],[-74.5817909141115,39.2861748970173],[-74.5817833934002,39.2860308837455],[-74.5817812405371,39.2858867616359],[-74.5817844572939,39.2857426514923],[-74.5817930409413,39.2855986741078],[-74.5818069842515,39.2854549501632],[-74.5818249399551,39.2852389197394],[-74.5818425877869,39.2849686051361],[-74.5818636098237,39.2847142488958],[-74.5818797124798,39.2845437031049],[-74.5818859328456,39.284371783298],[-74.5818813183818,39.2842653680206],[-74.581878936141,39.2841467387368],[-74.5818656111236,39.2840441118494],[-74.5818476009492,39.2839419178576],[-74.5818249283968,39.2838402858979],[-74.5817976221363,39.2837393443965],[-74.5817657166926,39.2836392209061],[-74.5817292524018,39.2835400419456],[-74.5816882753602,39.2834419328395],[-74.5816428373657,39.28334501756],[-74.5815929958526,39.2832494185705],[-74.5815388138186,39.2831552566703],[-74.5814803597455,39.2830626508425],[-74.5814177075122,39.2829717181035],[-74.5813509363016,39.2828825733549],[-74.5812801305002,39.282795329239],[-74.5812053795918,39.2827100959957],[-74.5811267780439,39.2826269813237],[-74.5810676322487,39.2825673367839],[-74.5809759701364,39.2824859059407],[-74.5808414382176,39.2823712194382],[-74.5807290927081,39.2822852121692],[-74.5806660184006,39.2822359070733]]}},{"type":"Feature","id":414930,"properties":{"OBJECTID":414930,"PRIMENAME":"Unnamed Segment","ELEVTYP_F":0,"ELEVTYP_T":0},"geometry":{"type":"LineString","coordinates":[[-74.6195482355122,39.3068488459024],[-74.619411579235,39.3068061036303],[-74.6193988622572,39.3068024616378],[-74.6193858903945,39.3067994100458],[-74.6193727090172,39.3067969595274],[-74.619359364228,39.3067951186536],[-74.6193459027016,39.3067938938629],[-74.6193323715205,39.3067932894391],[-74.6193188180112,39.3067933074963],[-74.6193052895781,39.3067939479712],[-74.6189595626221,39.3068183067407]]}},{"type":"Feature","id":414931,"properties":{"OBJECTID":414931,"PRIMENAME":"New Road","ELEVTYP_F":0,"ELEVTYP_T":0},"geometry":{"type":"LineString","coordinates":[[-74.6195482355122,39.3068488459024],[-74.6195394830012,39.3068649479958],[-74.6194463199357,39.3070102085676],[-74.6193314027133,39.3071651012832],[-74.6192195773289,39.3073103537696],[-74.6191045761452,39.3074580253867],[-74.618896411327,39.3077315993355],[-74.6186758583334,39.3080214524898]]}},{"type":"Feature","id":433518,"properties":{"OBJECTID":433518,"PRIMENAME":"Woodlawn Avenue","ELEVTYP_F":0,"ELEVTYP_T":0},"geometry":{"type":"LineString","coordinates":[[-74.6239827897724,39.3149755604947],[-74.6240157369367,39.3147582313915],[-74.6241319441175,39.3139914551428],[-74.6241818661431,39.3136290682929]]}},{"type":"Feature","id":433541,"properties":{"OBJECTID":433541,"PRIMENAME":"Shore Road","ELEVTYP_F":0,"ELEVTYP_T":0},"geometry":{"type":"LineString","coordinates":[[-74.5898107842917,39.3216804279055],[-74.5901324413033,39.3212783849632],[-74.5903592018977,39.3209949531259],[-74.5904408857664,39.3208931209544],[-74.5906168031484,39.3206738094079]]}},{"type":"Feature","id":433542,"properties":{"OBJECTID":433542,"PRIMENAME":"Shore Road","ELEVTYP_F":0,"ELEVTYP_T":0},"geometry":{"type":"LineString","coordinates":[[-74.5879096953278,39.3240427610165],[-74.5880559613358,39.3238600065976],[-74.5883620481728,39.3234817755007],[-74.5886588788884,39.3231108823609]]}},{"type":"Feature","id":433543,"properties":{"OBJECTID":433543,"PRIMENAME":"Shore Road","ELEVTYP_F":0,"ELEVTYP_T":0},"geometry":{"type":"LineString","coordinates":[[-74.5867882821187,39.3254365732681],[-74.5873495449432,39.3247413287675]]}},{"type":"Feature","id":433544,"properties":{"OBJECTID":433544,"PRIMENAME":"Shore Road","ELEVTYP_F":0,"ELEVTYP_T":0},"geometry":{"type":"LineString","coordinates":[[-74.5856380915461,39.3268666380501],[-74.5859935840615,39.326424210174],[-74.5864329752333,39.3258775207637]]}},{"type":"Feature","id":433592,"properties":{"OBJECTID":433592,"PRIMENAME":"Shore Road","ELEVTYP_F":0,"ELEVTYP_T":0},"geometry":{"type":"LineString","coordinates":[[-74.5886588788884,39.3231108823609],[-74.5887982221826,39.3229367539567],[-74.5892922095029,39.3223254872789]]}},{"type":"Feature","id":433593,"properties":{"OBJECTID":433593,"PRIMENAME":"Shore Road","ELEVTYP_F":0,"ELEVTYP_T":0},"geometry":{"type":"LineString","coordinates":[[-74.5873495449432,39.3247413287675],[-74.587474389973,39.3245866803862],[-74.5879096953278,39.3240427610165]]}},{"type":"Feature","id":433594,"properties":{"OBJECTID":433594,"PRIMENAME":"Shore Road","ELEVTYP_F":0,"ELEVTYP_T":0},"geometry":{"type":"LineString","coordinates":[[-74.5864329752333,39.3258775207637],[-74.586575224431,39.3257005373586],[-74.5867882821187,39.3254365732681]]}},{"type":"Feature","id":433595,"properties":{"OBJECTID":433595,"PRIMENAME":"Shore Road","ELEVTYP_F":0,"ELEVTYP_T":0},"geometry":{"type":"LineString","coordinates":[[-74.5849836831121,39.3276806379279],[-74.5850641471697,39.327580628375],[-74.5850826099318,39.3275576810435],[-74.5852397768585,39.3273623352178],[-74.5856380915461,39.3268666380501]]}},{"type":"Feature","id":433702,"properties":{"OBJECTID":433702,"PRIMENAME":"Shore Road","ELEVTYP_F":0,"ELEVTYP_T":0},"geometry":{"type":"LineString","coordinates":[[-74.5895605840467,39.3219931883115],[-74.5898107842917,39.3216804279055]]}},{"type":"Feature","id":433703,"properties":{"OBJECTID":433703,"PRIMENAME":"Shore Road","ELEVTYP_F":0,"ELEVTYP_T":0},"geometry":{"type":"LineString","coordinates":[[-74.5892922095029,39.3223254872789],[-74.5895443174838,39.3220135205185],[-74.5895605840467,39.3219931883115]]}},{"type":"Feature","id":466093,"properties":{"OBJECTID":466093,"PRIMENAME":"FR CO 559 TO NJ 52 SB","ELEVTYP_F":0,"ELEVTYP_T":0},"geometry":{"type":"LineString","coordinates":[[-74.6000554099349,39.3086848516832],[-74.5999046272291,39.3086300511311],[-74.5997461943867,39.3085877467717],[-74.5996126226564,39.3085659982993],[-74.5995016822038,39.3085485164224],[-74.5993791417534,39.3085229000519],[-74.5992647181904,39.3084931436813],[-74.5991609884363,39.3084529529294],[-74.5991056085152,39.3084177087614]]}},{"type":"Feature","id":466094,"properties":{"OBJECTID":466094,"PRIMENAME":"FR NJ 52 NB TO CO 585","ELEVTYP_F":0,"ELEVTYP_T":0},"geometry":{"type":"LineString","coordinates":[[-74.5988590513613,39.3082701798222],[-74.598868161142,39.3085259069579],[-74.5988638257595,39.3085820694006],[-74.598853393582,39.3086193739027],[-74.5988286365792,39.308672553059],[-74.5987678379787,39.3087741772244],[-74.5987115855236,39.3088665100743]]}},{"type":"Feature","id":466095,"properties":{"OBJECTID":466095,"PRIMENAME":"County Route 559","ELEVTYP_F":0,"ELEVTYP_T":0},"geometry":{"type":"LineString","coordinates":[[-74.6000554099349,39.3086848516832],[-74.6001609591252,39.3087041762388],[-74.6004006091946,39.3087597385123],[-74.6006223753597,39.3088004027187]]}},{"type":"Feature","id":466096,"properties":{"OBJECTID":466096,"PRIMENAME":"State Highway 52","ELEVTYP_F":0,"ELEVTYP_T":0},"geometry":{"type":"LineString","coordinates":[[-74.5991965527528,39.3087279385908],[-74.5991317583425,39.308464332627],[-74.5991056085152,39.3084177087614]]}},{"type":"Feature","id":466097,"properties":{"OBJECTID":466097,"PRIMENAME":"County Route 585","ELEVTYP_F":0,"ELEVTYP_T":0},"geometry":{"type":"LineString","coordinates":[[-74.5987115855236,39.3088665100743],[-74.5986532686375,39.3089008419145],[-74.5985146783387,39.3089826444939],[-74.5984141176202,39.3090626752867],[-74.5983654939609,39.3091083274663]]}},{"type":"Feature","id":466098,"properties":{"OBJECTID":466098,"PRIMENAME":"State Highway 52","ELEVTYP_F":0,"ELEVTYP_T":0},"geometry":{"type":"LineString","coordinates":[[-74.5988590513613,39.3082701798222],[-74.5989193941641,39.3083723227046],[-74.5990087838955,39.3085329156174],[-74.5991082822737,39.3086362583094],[-74.5991965527528,39.3087279385908]]}}]}
